"","date","week","year","tempAnomaly","smAnomaly"
"1",2000-03-10,10,2000,1.01483928571429,2.90336720521545
"2",2000-03-17,11,2000,0.477732142857143,2.54043053445579
"3",2000-03-24,12,2000,1.25622767857143,2.6097074829932
"4",2000-03-31,13,2000,-0.548633928571428,2.45958432539687
"5",2000-04-07,14,2000,-0.492741071428572,3.36534056122449
"6",2000-04-14,15,2000,-1.60337053571429,3.34478617488657
"7",2000-04-21,16,2000,2.07976785714286,4.97864441609976
"8",2000-04-28,17,2000,3.78677678571429,4.67573270975061
"9",2000-05-05,18,2000,4.00933482142857,5.16138327382961
"10",2000-05-12,19,2000,4.74398660714286,3.71887386621314
"11",2000-05-19,20,2000,2.60329910714286,1.38777295918369
"12",2000-05-26,21,2000,-2.05500892857143,4.04535912698412
"13",2000-06-02,22,2000,-1.81332142857143,5.94574631519269
"14",2000-06-09,23,2000,0.906437499999999,7.19219912131518
"15",2000-06-16,24,2000,2.23151339285714,7.55151190476195
"16",2000-06-23,25,2000,3.17433482142857,4.96629084773545
"17",2000-06-30,26,2000,-5.32875,1.82273625283446
"18",2000-07-07,27,2000,-1.32020535714286,7.52758928571424
"19",2000-07-14,28,2000,-4.35411160714286,11.4558574263039
"20",2000-07-21,29,2000,-4.77734375,11.4293412698413
"21",2000-07-28,30,2000,-2.84517410714286,7.98401374716552
"22",2000-08-04,31,2000,-2.42727678571429,6.77915731292521
"23",2000-08-11,32,2000,-1.80734821428572,3.57664235209236
"24",2000-08-18,33,2000,2.30658482142857,0.244370039682526
"25",2000-08-25,34,2000,-0.802732142857144,3.51216413690473
"26",2000-09-01,35,2000,0.155526785714285,3.43285220079383
"27",2000-09-08,36,2000,-2.08651785714286,9.39112554391126
"28",2000-09-15,37,2000,2.68127232142857,8.35288136180392
"29",2000-09-22,38,2000,-1.22504910714286,9.98497140916152
"30",2000-09-29,39,2000,0.860366071428571,9.78427891865083
"31",2000-10-06,40,2000,1.34775446428571,3.23684657738096
"32",2000-10-13,41,2000,-1.16089732142857,8.05692176870746
"33",2000-10-20,42,2000,1.91787053571429,5.80088367593413
"34",2000-10-27,43,2000,1.80019196428571,5.68063676303853
"35",2000-11-03,44,2000,1.95668303571429,9.91835983560092
"36",2000-11-10,45,2000,0.182758928571428,8.39580357142854
"37",2000-11-17,46,2000,1.52281696428571,6.79010238095238
"38",2000-11-24,47,2000,1.86444196428571,5.48457748015875
"39",2000-12-01,48,2000,3.54239285714286,5.19066830357146
"40",2000-12-08,49,2000,4.25849553571429,3.67849970238098
"41",2000-12-15,50,2000,6.34691517857143,4.06954868197276
"42",2000-12-22,51,2000,-3.05220089285714,3.83063214502766
"43",2001-01-07,1,2001,3.22525892857143,4.15488121345031
"44",2001-01-14,2,2001,-2.74845089285714,2.6857628720238
"45",2001-01-21,3,2001,-5.05824107142857,1.35611919642858
"46",2001-01-28,4,2001,3.13827232142857,3.36609821428571
"47",2001-02-04,5,2001,-0.994464285714286,3.49606050595236
"48",2001-02-11,6,2001,5.37966964285714,4.4096331845238
"49",2001-02-18,7,2001,2.87965625,3.71568258928571
"50",2001-02-25,8,2001,-1.49186607142857,3.61910505952376
"51",2001-03-04,9,2001,-3.03702678571429,2.05193035714284
"52",2001-03-11,10,2001,0.702982142857143,3.22947196712015
"53",2001-03-18,11,2001,0.801303571428571,3.15377326494389
"54",2001-03-25,12,2001,-2.29220089285714,3.5397789115646
"55",2001-04-01,13,2001,-1.99063392857143,3.51664087301587
"56",2001-04-08,14,2001,1.88254464285714,4.01064710884349
"57",2001-04-15,15,2001,-3.17937053571429,4.66004510345807
"58",2001-04-22,16,2001,-4.60566071428571,5.94518608276646
"59",2001-04-29,17,2001,-1.70322321428571,6.84369699546481
"60",2001-05-06,18,2001,2.29790625,5.77173446430582
"61",2001-05-13,19,2001,0.954558035714285,5.68578755668934
"62",2001-05-20,20,2001,0.736870535714285,4.66568962585029
"63",2001-05-27,21,2001,0.716133928571427,3.41971924603172
"64",2001-06-03,22,2001,-0.982749999999999,2.3496302437642
"65",2001-06-10,23,2001,-3.98513392857143,7.40409197845808
"66",2001-06-17,24,2001,-1.17591517857143,7.84084226190475
"67",2001-06-24,25,2001,-2.86252232142857,9.56215691916405
"68",2001-07-01,26,2001,1.47082142857143,6.58085827664395
"69",2001-07-08,27,2001,1.13608035714286,4.45910119047624
"70",2001-07-15,28,2001,-0.932968750000001,9.2994854024943
"71",2001-07-22,29,2001,-2.45705803571429,12.468376984127
"72",2001-07-29,30,2001,2.29125446428571,4.24136791383222
"73",2001-08-05,31,2001,0.0921517857142859,-0.348592687074788
"74",2001-08-12,32,2001,-2.74063392857143,-0.542300018037544
"75",2001-08-19,33,2001,3.72815625,-2.23874503968257
"76",2001-08-26,34,2001,3.456125,-2.23476741071427
"77",2001-09-02,35,2001,-0.288616071428573,-3.78396874328147
"78",2001-09-09,36,2001,-2.46823214285714,2.39814312756636
"79",2001-09-16,37,2001,-3.48844196428571,10.9999177374653
"80",2001-09-23,38,2001,-2.25204910714286,12.091724385352
"81",2001-09-30,39,2001,0.0249375000000001,10.9000467757936
"82",2001-10-07,40,2001,2.73632589285714,10.8176739583334
"83",2001-10-14,41,2001,3.29795982142857,5.74987414965986
"84",2001-10-21,42,2001,2.78844196428572,1.10534796164843
"85",2001-10-28,43,2001,1.90862053571429,1.61100283446713
"86",2001-11-04,44,2001,1.75968303571429,0.773609835600915
"87",2001-11-11,45,2001,-2.82309821428571,3.82457142857144
"88",2001-11-18,46,2001,-2.07432589285714,5.57562619047619
"89",2001-11-25,47,2001,0.53615625,4.61197926587305
"90",2001-12-02,48,2001,2.68467857142857,5.37332306547616
"91",2001-12-09,49,2001,0.27178125,4.15174970238098
"92",2001-12-16,50,2001,-3.94208482142857,2.71534332482996
"93",2001-12-23,51,2001,-3.26177232142857,1.96277674230356
"94",2002-01-14,2,2002,-3.65002232142857,2.05760959821431
"95",2002-01-21,3,2002,-0.259526785714286,2.48389002976188
"96",2002-01-28,4,2002,7.14527232142857,4.15920535714292
"97",2002-02-04,5,2002,8.43510714285714,2.64450514880956
"98",2002-02-11,6,2002,6.08052678571429,2.7663950892857
"99",2002-02-18,7,2002,1.96194196428571,3.16629568452381
"100",2002-02-25,8,2002,-0.365294642857143,3.60256041666666
"101",2002-03-04,9,2002,1.10525892857143,2.71055833333334
"102",2002-03-11,10,2002,2.088125,1.94013565759635
"103",2002-03-18,11,2002,0.959017857142857,2.62227326494389
"104",2002-03-25,12,2002,0.0879419642857142,2.8529931972789
"105",2002-04-01,13,2002,-0.7670625,1.52322420634916
"106",2002-04-08,14,2002,-1.47988392857143,1.08467687074829
"107",2002-04-15,15,2002,-2.17208482142857,2.26547962726757
"108",2002-04-22,16,2002,-0.251232142857143,5.31254322562356
"109",2002-04-29,17,2002,-1.0339375,6.94737259070291
"110",2002-05-06,18,2002,-1.55237946428572,7.31594577382961
"111",2002-05-13,19,2002,1.78912946428571,6.43875481859414
"112",2002-05-20,20,2002,2.56058482142857,5.96401403061229
"113",2002-05-27,21,2002,0.378133928571428,5.39637698412702
"114",2002-06-03,22,2002,-1.10946428571429,6.59902607709749
"115",2002-06-10,23,2002,0.573008928571427,6.59643424036279
"116",2002-06-17,24,2002,1.31222767857143,8.48817559523805
"117",2002-06-24,25,2002,3.47919196428571,4.88064799059265
"118",2002-07-01,26,2002,-2.03560714285714,1.13913208616776
"119",2002-07-08,27,2002,-1.42049107142857,-1.03254464285716
"120",2002-07-15,28,2002,1.07860267857143,-0.597955073696102
"121",2002-07-22,29,2002,-2.63405803571429,6.7129871031746
"122",2002-07-29,30,2002,-1.24231696428571,1.49072208049883
"123",2002-08-05,31,2002,0.552580357142858,-1.25444090136059
"124",2002-08-12,32,2002,-1.84234821428572,3.96575544733046
"125",2002-08-19,33,2002,1.58915625,4.69315674603173
"126",2002-08-26,34,2002,1.48769642857143,1.37106592261904
"127",2002-09-02,35,2002,2.35638392857143,0.788471732909031
"128",2002-09-09,36,2002,1.68791071428572,-0.878559253386037
"129",2002-09-16,37,2002,-1.35558482142857,-1.37406738158228
"130",2002-09-23,38,2002,-1.43962053571429,-2.88282284549688
"131",2002-09-30,39,2002,-3.30191964285714,-0.126860962301567
"132",2002-10-07,40,2002,-1.02953125,-1.23628437500004
"133",2002-10-14,41,2002,-4.66061160714286,1.93323724489796
"134",2002-10-21,42,2002,-0.0781294642857144,5.27566576703144
"135",2002-10-28,43,2002,0.736334821428572,7.61552962018143
"136",2002-11-04,44,2002,-0.916602678571429,7.77202947845802
"137",2002-11-11,45,2002,-3.01295535714286,6.73247321428574
"138",2002-11-18,46,2002,2.77238839285714,4.76094761904758
"139",2002-11-25,47,2002,1.45401339285714,3.26408343253965
"140",2002-12-02,48,2002,3.83925,3.59733497023805
"141",2002-12-09,49,2002,-3.80564732142857,2.63319017857138
"142",2002-12-16,50,2002,-6.91937053571429,-0.249421556122435
"143",2002-12-23,51,2002,-1.98105803571429,1.97414702598006
"144",2003-01-07,1,2003,-1.09759821428571,5.0298038324979
"145",2003-01-14,2,2003,-6.64287946428571,-0.965897842261896
"146",2003-01-21,3,2003,1.88961607142857,2.03569657738097
"147",2003-01-28,4,2003,3.22241517857143,2.09620833333332
"148",2003-02-04,5,2003,-1.72889285714286,2.19182538690476
"149",2003-02-11,6,2003,-3.96175892857143,2.2580349702381
"150",2003-02-18,7,2003,-7.33277232142857,0.779054613095212
"151",2003-02-25,8,2003,-3.73800892857143,-0.753296726190435
"152",2003-03-04,9,2003,1.03440178571429,1.40540952380954
"153",2003-03-11,10,2003,2.27398214285714,0.995430300453556
"154",2003-03-18,11,2003,-1.981125,0.320859574467683
"155",2003-03-25,12,2003,-0.197200892857143,-0.785444302721103
"156",2003-04-01,13,2003,2.8259375,-1.10543650793653
"157",2003-04-08,14,2003,-4.44845535714286,-0.0127636054422098
"158",2003-04-15,15,2003,-1.98751339285714,-0.178216801303826
"159",2003-04-22,16,2003,1.46391071428571,0.838442035147366
"160",2003-04-29,17,2003,2.3470625,1.12392020975062
"161",2003-05-06,18,2003,3.00119196428571,1.03607672621062
"162",2003-05-13,19,2003,1.18612946428571,1.64326969954654
"163",2003-05-20,20,2003,-1.72827232142857,4.04059141156459
"164",2003-05-27,21,2003,0.686276785714284,3.73746924603172
"165",2003-06-03,22,2003,4.59953571428571,-0.490798327664407
"166",2003-06-10,23,2003,4.76158035714286,-1.68448540249432
"167",2003-06-17,24,2003,2.92079910714286,-0.621925595238054
"168",2003-06-24,25,2003,1.12519196428571,-3.76261093797875
"169",2003-07-01,26,2003,0.761392857142859,-6.21421017573694
"170",2003-07-08,27,2003,-1.89620535714286,-3.93758928571426
"171",2003-07-15,28,2003,0.746459821428569,-8.1095592403628
"172",2003-07-22,29,2003,4.35108482142857,-8.82561111111109
"173",2003-07-29,30,2003,0.608397321428573,-9.00535827664397
"174",2003-08-05,31,2003,4.26800892857143,-7.77139923469389
"175",2003-08-12,32,2003,6.67450892857143,-8.60425050505054
"176",2003-08-19,33,2003,2.46244196428571,-9.15540873015868
"177",2003-08-26,34,2003,0.600982142857141,-8.98280014880957
"178",2003-09-02,35,2003,-2.13490178571429,-8.41271279090047
"179",2003-09-09,36,2003,-0.516089285714285,-7.17954437243364
"180",2003-09-16,37,2003,-1.17901339285714,-6.19557333396317
"181",2003-09-23,38,2003,4.25609375,-7.97926966226708
"182",2003-09-30,39,2003,-1.98791964285714,-9.20989370039687
"183",2003-10-07,40,2003,-1.37010267857143,-8.80609389880954
"184",2003-10-14,41,2003,-1.61789732142857,-7.54396513605444
"185",2003-10-21,42,2003,-5.05098660714286,-8.77793775263726
"186",2003-10-28,43,2003,-6.21937946428571,-9.93061918934237
"187",2003-11-04,44,2003,-0.11903125,-8.95900028344668
"188",2003-11-11,45,2003,-2.17824107142857,-7.31936607142856
"189",2003-11-18,46,2003,-0.799325892857143,-5.45954940476192
"190",2003-11-25,47,2003,5.83144196428571,-4.90814275793655
"191",2003-12-02,48,2003,3.05353571428571,-3.42563229166664
"192",2003-12-09,49,2003,-1.71893303571429,-3.55165803571432
"193",2003-12-16,50,2003,1.00034375,-3.56707929421774
"194",2003-12-23,51,2003,-0.619915178571429,-3.21695714068664
"195",2004-01-07,1,2004,-2.54416964285714,-5.68043128654969
"196",2004-01-14,2,2004,1.94883482142857,-2.6552877232143
"197",2004-01-21,3,2004,-0.1088125,-3.53346116071432
"198",2004-01-28,4,2004,-1.76515625,-5.01893749999999
"199",2004-02-04,5,2004,5.19182142857143,-3.21517461309524
"200",2004-02-11,6,2004,3.89424107142857,-2.7309561011905
"201",2004-02-18,7,2004,1.49979910714286,-2.36593645833329
"202",2004-02-25,8,2004,-2.9604375,-5.30654970238093
"203",2004-03-03,9,2004,-3.6023125,-7.21403392857147
"204",2004-03-10,10,2004,-4.44958928571429,-7.23650124716555
"205",2004-03-17,11,2004,2.09330357142857,-5.42039935410371
"206",2004-03-24,12,2004,3.02451339285714,-3.8370514455782
"207",2004-03-31,13,2004,-2.70449107142857,-4.89401686507934
"208",2004-04-07,14,2004,0.562973214285714,-3.90238860544221
"209",2004-04-14,15,2004,-2.27465625,-1.88403525368482
"210",2004-04-21,16,2004,2.11819642857143,-2.96263534580503
"211",2004-04-28,17,2004,-0.0612232142857145,-1.26721967120179
"212",2004-05-05,18,2004,1.98762053571429,-0.817027440456087
"213",2004-05-12,19,2004,-2.91601339285714,4.93870422335604
"214",2004-05-19,20,2004,-0.247843749999999,1.33426998299319
"215",2004-05-26,21,2004,-4.60815178571429,1.95793055555552
"216",2004-06-02,22,2004,-1.92932142857143,0.240549886621295
"217",2004-06-09,23,2004,0.798294642857142,2.36622293083899
"218",2004-06-16,24,2004,0.175227678571428,-1.84551190476196
"219",2004-06-23,25,2004,-2.71352232142857,-1.01205439035975
"220",2004-06-30,26,2004,-1.86917857142857,4.00670946712016
"221",2004-07-07,27,2004,-2.99677678571429,9.09133630952384
"222",2004-07-14,28,2004,-3.58825446428571,11.3569258786848
"223",2004-07-21,29,2004,0.945799107142857,13.0113234126984
"224",2004-07-28,30,2004,-1.80845982142857,12.6037637471655
"225",2004-08-04,31,2004,0.641580357142857,5.99637457482991
"226",2004-08-11,32,2004,3.31022321428571,-1.85947371933624
"227",2004-08-18,33,2004,1.16844196428571,-3.62804265873017
"228",2004-08-25,34,2004,-1.22316071428572,-2.89137455357147
"229",2004-09-01,35,2004,-1.13804464285714,5.07455804243283
"230",2004-09-08,36,2004,2.31119642857143,-0.0393777057670377
"231",2004-09-15,37,2004,1.06498660714286,-5.29677273872518
"232",2004-09-22,38,2004,-0.795334821428572,-6.72826073369568
"233",2004-09-29,39,2004,-0.955491071428572,3.74555868055554
"234",2004-10-06,40,2004,1.59418303571428,0.14038824404766
"235",2004-10-13,41,2004,-2.99575446428571,-6.52132823129254
"236",2004-10-20,42,2004,-0.633129464285714,-7.97613120501827
"237",2004-10-27,43,2004,3.48604910714286,-6.78621145124717
"238",2004-11-03,44,2004,2.00639732142857,-9.68962825963719
"239",2004-11-10,45,2004,-1.11209821428571,-10.6047351190477
"240",2004-11-17,46,2004,-1.01632589285714,-0.962495833333321
"241",2004-11-24,47,2004,-0.393986607142857,2.76997628968255
"242",2004-12-01,48,2004,0.64425,0.863736755952353
"243",2004-12-08,49,2004,-0.36521875,-0.735259226190514
"244",2004-12-15,50,2004,-3.54108482142857,-1.94998703231294
"245",2004-12-22,51,2004,-2.36005803571429,-1.22444821211514
"246",2005-01-07,1,2005,4.50597321428571,0.717857403926509
"247",2005-01-14,2,2005,3.98097767857143,-0.459451413690495
"248",2005-01-21,3,2005,0.801758928571429,0.939946577380979
"249",2005-01-28,4,2005,-2.74387053571429,1.91358035714281
"250",2005-02-04,5,2005,-1.00732142857143,2.14704860119046
"251",2005-02-11,6,2005,-2.01161607142857,0.742353422619104
"252",2005-02-18,7,2005,-1.43934375,2.12837306547621
"253",2005-02-25,8,2005,-5.14700892857143,-0.797933630952336
"254",2005-03-04,9,2005,-8.63445535714286,-1.37123035714286
"255",2005-03-11,10,2005,-5.68958928571429,-1.33314112811794
"256",2005-03-18,11,2005,2.06358928571429,1.43866909827718
"257",2005-03-25,12,2005,1.91722767857143,0.202237244898001
"258",2005-04-01,13,2005,1.84465178571429,-1.43442460317463
"259",2005-04-08,14,2005,1.86497321428571,-0.792049319727909
"260",2005-04-15,15,2005,0.861200892857143,0.418908198696172
"261",2005-04-22,16,2005,1.09376785714286,1.11501346371887
"262",2005-04-29,17,2005,-1.3059375,2.87331306689341
"263",2005-05-06,18,2005,2.94333482142857,2.14776720240101
"264",2005-05-13,19,2005,-5.41844196428571,3.30305243764174
"265",2005-05-20,20,2005,-2.90584375,4.31538903061229
"266",2005-05-27,21,2005,2.5855625,5.06371924603172
"267",2005-06-03,22,2005,1.35253571428571,4.2679784580499
"268",2005-06-10,23,2005,-3.90527678571429,5.31745507369619
"269",2005-06-17,24,2005,-0.960772321428571,3.74590476190475
"270",2005-06-24,25,2005,3.77747767857143,-2.10195915226455
"271",2005-07-01,26,2005,0.979392857142859,3.93581065759636
"272",2005-07-08,27,2005,-1.38391964285714,8.01112500000004
"273",2005-07-15,28,2005,2.86388839285714,3.7394139739229
"274",2005-07-22,29,2005,-1.32605803571429,1.26803174603171
"275",2005-07-29,30,2005,0.559254464285715,3.32750779478463
"276",2005-08-05,31,2005,-2.33184821428571,5.16330909863941
"277",2005-08-12,32,2005,-5.22134821428572,9.58251437590186
"278",2005-08-19,33,2005,-1.62341517857143,7.28248412698413
"279",2005-08-26,34,2005,-1.04344642857143,8.42034866071434
"280",2005-09-02,35,2005,2.86066964285714,1.90850447100423
"281",2005-09-09,36,2005,4.50748214285714,-0.268696158147936
"282",2005-09-16,37,2005,1.42512946428571,0.113143927941522
"283",2005-09-23,38,2005,-2.08990625,0.83619462344722
"284",2005-09-30,39,2005,1.0299375,-3.35945620039687
"285",2005-10-07,40,2005,0.710040178571429,2.57603110119046
"286",2005-10-14,41,2005,0.759674107142859,-3.25979251700684
"287",2005-10-21,42,2005,0.207727678571429,-6.20554489549447
"288",2005-10-28,43,2005,4.32204910714286,-1.05111026077097
"289",2005-11-04,44,2005,3.48339732142857,-4.26399433106578
"290",2005-11-11,45,2005,1.71861607142857,-0.545699404761862
"291",2005-11-18,46,2005,-0.27646875,-0.248817261904719
"292",2005-11-25,47,2005,-2.16641517857143,1.87982152777775
"293",2005-12-02,48,2005,-2.23446428571429,0.722885565476155
"294",2005-12-09,49,2005,1.17906696428571,0.642428273809479
"295",2005-12-16,50,2005,0.25234375,-0.189597151360537
"296",2005-12-23,51,2005,0.0733705357142858,1.12415000217056
"297",2006-01-07,1,2006,-0.629883928571428,0.42006276106931
"298",2006-01-14,2,2006,-3.74502232142857,-1.4335645089286
"299",2006-01-21,3,2006,-1.85866964285714,-2.14967544642862
"300",2006-01-28,4,2006,-6.48158482142857,-4.60271726190479
"301",2006-02-04,5,2006,-4.45732142857143,-6.86316866071424
"302",2006-02-11,6,2006,-1.57933035714286,-5.8270900297619
"303",2006-02-18,7,2006,-0.626629464285714,-1.87114181547619
"304",2006-02-25,8,2006,-2.68900892857143,-0.959796726190433
"305",2006-03-04,9,2006,-5.80216964285714,-3.51922142857146
"306",2006-03-11,10,2006,-4.59473214285714,-1.98940303287985
"307",2006-03-18,11,2006,-8.55355357142857,-2.35609280648472
"308",2006-03-25,12,2006,-3.38034375,-2.2168133503401
"309",2006-04-01,13,2006,3.89079464285714,5.89879265873017
"310",2006-04-08,14,2006,-1.45574107142857,-0.753329081632607
"311",2006-04-15,15,2006,-1.78651339285714,-0.806407277494323
"312",2006-04-22,16,2006,1.90976785714286,0.819617630385466
"313",2006-04-29,17,2006,-0.413937499999999,2.86706901927441
"314",2006-05-06,18,2006,1.27676339285714,1.69164220240101
"315",2006-05-13,19,2006,2.38527232142857,-2.95387613378686
"316",2006-05-20,20,2006,0.626584821428571,-0.913911564625806
"317",2006-05-27,21,2006,-1.9944375,3.93043055555552
"318",2006-06-03,22,2006,-5.27146428571429,5.7714873866213
"319",2006-06-10,23,2006,-2.73499107142857,3.46151757369618
"320",2006-06-17,24,2006,3.48551339285714,-3.29154761904766
"321",2006-06-24,25,2006,2.35776339285714,-4.39356629512165
"322",2006-07-01,26,2006,1.45225,-1.16930541383224
"323",2006-07-08,27,2006,3.42208035714286,-5.61343452380956
"324",2006-07-15,28,2006,3.10245982142857,-9.1323032879819
"325",2006-07-22,29,2006,5.14079910714286,-10.2686051587302
"326",2006-07-29,30,2006,4.74368303571429,-11.3628047052154
"327",2006-08-05,31,2006,-1.5085625,-7.00004506802719
"328",2006-08-12,32,2006,-3.13391964285714,-5.03488145743145
"329",2006-08-19,33,2006,-1.78270089285714,-5.24363194444447
"330",2006-08-26,34,2006,-2.37373214285714,-0.0416483630952662
"331",2006-09-02,35,2006,-1.15975892857143,3.93743899481383
"332",2006-09-09,36,2006,1.83033928571429,0.877559794232965
"333",2006-09-16,37,2006,3.73998660714286,-5.13431142920128
"334",2006-09-23,38,2006,3.98866517857143,-7.37282025750518
"335",2006-09-30,39,2006,3.50450892857143,-9.03838774801586
"336",2006-10-07,40,2006,1.90918303571429,-6.31864151785714
"337",2006-10-14,41,2006,1.91367410714286,-9.19586394557824
"338",2006-10-21,42,2006,1.59801339285714,-11.0085627526373
"339",2006-10-28,43,2006,5.23747767857143,-10.5949168083901
"340",2006-11-04,44,2006,-0.69403125,-5.49363718820858
"341",2006-11-11,45,2006,1.3581875,-3.42874107142856
"342",2006-11-18,46,2006,5.23653125,-1.22408511904761
"343",2006-11-25,47,2006,4.18987053571429,-0.591574305555547
"344",2006-12-02,48,2006,3.90110714285714,-2.91455491071424
"345",2006-12-09,49,2006,6.39578125,-1.85253005952381
"346",2006-12-16,50,2006,3.25648660714286,-1.88348405612244
"347",2006-12-23,51,2006,1.46965625,-2.12055237878184
"348",2007-01-07,1,2007,5.4156875,0.635407999164606
"349",2007-01-14,2,2007,6.56740625,0.0930753720238044
"350",2007-01-21,3,2007,5.32090178571429,0.581160863095278
"351",2007-01-28,4,2007,-1.71115625,-1.40697619047619
"352",2007-02-04,5,2007,4.68539285714286,1.38482241071426
"353",2007-02-11,6,2007,-0.245044642857143,0.9539575892857
"354",2007-02-18,7,2007,3.50922767857143,1.66389687500001
"355",2007-02-25,8,2007,3.06170535714286,0.400292559523763
"356",2007-03-04,9,2007,2.53525892857143,1.70142142857144
"357",2007-03-11,10,2007,2.40498214285714,0.791739824263054
"358",2007-03-18,11,2007,2.29801785714286,-0.218866616008512
"359",2007-03-25,12,2007,-1.56962946428571,1.497168792517
"360",2007-04-01,13,2007,2.42979464285714,0.235396825396869
"361",2007-04-08,14,2007,-0.228026785714285,0.509176870748291
"362",2007-04-15,15,2007,4.89605803571429,-0.777329896541922
"363",2007-04-22,16,2007,1.296625,-4.15515320294784
"364",2007-04-29,17,2007,4.1920625,-5.01360062358279
"365",2007-05-06,18,2007,0.935763392857142,-8.89827744045608
"366",2007-05-13,19,2007,0.668415178571429,-0.018521967120158
"367",2007-05-20,20,2007,-0.197415178571427,4.11154974489799
"368",2007-05-27,21,2007,5.17984821428571,4.14215674603172
"369",2007-06-03,22,2007,-0.987464285714287,7.60033560090699
"370",2007-06-10,23,2007,4.03015178571429,2.25501757369619
"371",2007-06-17,24,2007,3.02694196428572,0.738666666666646
"372",2007-06-24,25,2007,1.15919196428571,5.92609144297355
"373",2007-07-01,26,2007,-2.34017857142857,8.25589696712015
"374",2007-07-08,27,2007,-2.3400625,6.60194940476194
"375",2007-07-15,28,2007,0.04345982142857,8.9735449263038
"376",2007-07-22,29,2007,2.26437053571428,2.65448115079361
"377",2007-07-29,30,2007,-1.91903125,8.74929350907032
"378",2007-08-05,31,2007,-4.07627678571428,11.8144162414966
"379",2007-08-12,32,2007,-1.07763392857143,13.4850381854257
"380",2007-08-19,33,2007,-0.531986607142859,11.1892103174603
"381",2007-08-26,34,2007,-0.617589285714285,10.127878422619
"382",2007-09-02,35,2007,-2.06147321428572,5.74673363767093
"383",2007-09-09,36,2007,-2.75680357142857,8.44914015137586
"384",2007-09-16,37,2007,-1.99901339285714,10.1543760707987
"385",2007-09-23,38,2007,-0.29247767857143,9.09966783773292
"386",2007-09-30,39,2007,-0.123205357142858,14.5297521329365
"387",2007-10-07,40,2007,0.798040178571428,15.4087959821429
"388",2007-10-14,41,2007,-1.03604017857143,12.2191449829932
"389",2007-10-21,42,2007,-0.840129464285714,10.5099342711722
"390",2007-10-28,43,2007,-3.50966517857143,13.2404760487528
"391",2007-11-04,44,2007,0.335540178571429,11.7929699546485
"392",2007-11-11,45,2007,-0.952383928571429,11.2041398809523
"393",2007-11-18,46,2007,-2.75289732142857,10.5093494047619
"394",2007-11-25,47,2007,0.0584419642857141,7.23655367063495
"395",2007-12-02,48,2007,0.816821428571429,7.29204925595236
"396",2007-12-09,49,2007,4.07749553571429,6.53485089285718
"397",2007-12-16,50,2007,-0.107227678571429,5.41442368197276
"398",2007-12-23,51,2007,-5.25691517857143,3.47029881169436
"399",2008-01-07,1,2008,-0.484741071428571,3.73296752297411
"400",2008-01-14,2,2008,2.17569196428571,4.2426229910714
"401",2008-01-21,3,2008,6.67190178571429,4.03218467261908
"402",2008-01-28,4,2008,4.93684375,4.48056845238091
"403",2008-02-04,5,2008,1.51167857142857,4.55492360119046
"404",2008-02-11,6,2008,3.61852678571429,4.8065230654762
"405",2008-02-18,7,2008,-1.26862946428571,3.55647127976191
"406",2008-02-25,8,2008,3.76784821428571,3.39536398809526
"407",2008-03-03,9,2008,3.68325892857143,4.04165654761903
"408",2008-03-10,10,2008,0.282125,3.56697791950116
"409",2008-03-17,11,2008,1.20116071428571,3.92717802684869
"410",2008-03-24,12,2008,-4.06677232142857,4.7261806972789
"411",2008-03-31,13,2008,-0.8870625,5.01924801587297
"412",2008-04-07,14,2008,-1.55674107142857,5.29726020408159
"413",2008-04-14,15,2008,-1.79437053571429,6.40705403202948
"414",2008-04-21,16,2008,-2.47866071428571,5.81711167800457
"415",2008-04-28,17,2008,-0.0372232142857136,5.98728330498871
"416",2008-05-05,18,2008,-0.664379464285716,6.85678505954392
"417",2008-05-12,19,2008,2.51741517857143,3.98855243764174
"418",2008-05-19,20,2008,1.02072767857143,1.19544855442179
"419",2008-05-26,21,2008,-0.525008928571429,-1.22320634920638
"420",2008-06-02,22,2008,4.99296428571428,-4.14914654195011
"421",2008-06-09,23,2008,2.52086607142857,-6.50768480725622
"422",2008-06-16,24,2008,-2.17777232142857,-3.55365773809526
"423",2008-06-23,25,2008,0.966049107142856,-3.44191748559785
"424",2008-06-30,26,2008,0.422535714285715,-3.66679350907034
"425",2008-07-07,27,2008,1.5009375,-5.09059821428576
"426",2008-07-14,28,2008,-0.886683035714286,-6.9538211451247
"427",2008-07-21,29,2008,-2.84591517857143,-5.9427123015873
"428",2008-07-28,30,2008,1.11525446428572,-6.12026303854877
"429",2008-08-04,31,2008,2.53058035714286,-5.23175637755099
"430",2008-08-11,32,2008,0.222508928571425,-4.80849157647905
"431",2008-08-18,33,2008,-0.954272321428572,-4.75675694444448
"432",2008-08-25,34,2008,-1.10901785714286,-4.03439538690477
"433",2008-09-01,35,2008,1.5388125,-4.05663243375767
"434",2008-09-08,36,2008,0.921767857142857,-3.54221699148124
"435",2008-09-15,37,2008,-0.597727678571429,-4.70765071491558
"436",2008-09-22,38,2008,-3.95904910714286,-5.61948692417188
"437",2008-09-29,39,2008,-2.44034821428571,-3.97494727182536
"438",2008-10-06,40,2008,-2.06881696428571,-3.40529627976194
"439",2008-10-13,41,2008,1.94824553571429,-3.17858418367344
"440",2008-10-20,42,2008,1.19929910714286,-2.60959846692296
"441",2008-10-27,43,2008,-0.370379464285715,-0.939678713151967
"442",2008-11-03,44,2008,-2.62703125,5.30497590702952
"443",2008-11-10,45,2008,2.80347321428571,4.47371130952384
"444",2008-11-17,46,2008,2.01881696428571,1.98035833333338
"445",2008-11-24,47,2008,-0.892415178571429,2.74111021825395
"446",2008-12-01,48,2008,-2.04060714285714,3.54212663690475
"447",2008-12-08,49,2008,0.403495535714286,3.42751458333328
"448",2008-12-15,50,2008,-1.05779910714286,1.63646832482996
"449",2008-12-22,51,2008,1.30651339285714,1.91405774026576
"450",2009-01-07,1,2009,-6.67588392857143,-5.71208307226399
"451",2009-01-14,2,2009,-7.61845089285714,-7.5677281994048
"452",2009-01-21,3,2009,-0.293241071428571,-5.98518735119053
"453",2009-01-28,4,2009,0.507700892857143,-0.0413809523809832
"454",2009-02-04,5,2009,-1.82103571428571,-4.52550199404764
"455",2009-02-11,6,2009,0.293669642857143,-0.180777529761897
"456",2009-02-18,7,2009,-3.07520089285714,0.61231651785711
"457",2009-02-25,8,2009,-0.4984375,0.952197321428564
"458",2009-03-04,9,2009,2.20740178571429,4.20363869047623
"459",2009-03-11,10,2009,-0.368446428571429,1.76185887188205
"460",2009-03-18,11,2009,0.742017857142857,-0.493155306484717
"461",2009-03-25,12,2009,-2.16548660714286,-1.4334234693878
"462",2009-04-01,13,2009,-0.685919642857143,-0.516031746031736
"463",2009-04-08,14,2009,4.85454464285714,-1.62676360544221
"464",2009-04-15,15,2009,6.28848660714286,-3.14644001558963
"465",2009-04-22,16,2009,1.68819642857143,0.199495606575965
"466",2009-04-29,17,2009,0.424205357142858,0.309351757369612
"467",2009-05-06,18,2009,-0.0939508928571442,1.74927613097251
"468",2009-05-13,19,2009,0.0884151785714291,2.38466255668934
"469",2009-05-20,20,2009,1.81058482142857,3.00515391156459
"470",2009-05-27,21,2009,2.18970535714286,1.88124603174602
"471",2009-06-03,22,2009,-0.944464285714286,-0.530456065759608
"472",2009-06-10,23,2009,-3.87413392857143,0.451005668934286
"473",2009-06-17,24,2009,-1.71205803571429,5.24158333333335
"474",2009-06-24,25,2009,-1.76652232142857,6.66735930011644
"475",2009-07-01,26,2009,1.64125,7.69731660997736
"476",2009-07-08,27,2009,1.29250892857143,2.58175892857144
"477",2009-07-15,28,2009,-0.850254464285715,8.3752889739229
"478",2009-07-22,29,2009,-0.177058035714285,7.9834186507936
"479",2009-07-29,30,2009,-0.780888392857143,11.3127845804988
"480",2009-08-05,31,2009,-1.5225625,5.26311862244901
"481",2009-08-12,32,2009,0.863223214285714,2.57359175685426
"482",2009-08-19,33,2009,1.08358482142857,2.30807936507933
"483",2009-08-26,34,2009,1.24341071428571,1.36599747023813
"484",2009-09-02,35,2009,1.72438392857143,-0.978486600424269
"485",2009-09-09,36,2009,-0.013660714285713,-0.292124729576535
"486",2009-09-16,37,2009,-0.500441964285715,2.09039095175102
"487",2009-09-23,38,2009,2.33752232142857,3.46761724249482
"488",2009-09-30,39,2009,0.502366071428572,0.0339247519841344
"489",2009-10-07,40,2009,1.01932589285714,4.46947455357146
"490",2009-10-14,41,2009,-1.66018303571428,8.32281462585036
"491",2009-10-21,42,2009,-4.77541517857143,8.89923784260084
"492",2009-10-28,43,2009,-0.199236607142857,7.42959807256233
"493",2009-11-04,44,2009,-1.16074553571429,6.76410388321992
"494",2009-11-11,45,2009,-0.303669642857143,5.87173214285714
"495",2009-11-18,46,2009,3.83681696428571,4.10556071428568
"496",2009-11-25,47,2009,6.37615625,2.56544057539685
"497",2009-12-02,48,2009,3.61182142857143,2.44225461309526
"498",2009-12-09,49,2009,2.73463839285714,1.59851458333338
"499",2009-12-16,50,2009,-1.51365625,2.25904868197276
"500",2009-12-23,51,2009,-7.59162946428571,1.53284345455146
"501",2010-01-07,1,2010,-7.60588392857143,1.0644030388471
"502",2010-01-14,2,2010,-7.36959375,0.318242038690499
"503",2010-01-21,3,2010,-1.80866964285714,1.81202395833328
"504",2010-01-28,4,2010,-5.19044196428571,0.899940476190515
"505",2010-02-04,5,2010,-1.74703571428571,0.741000982142857
"506",2010-02-11,6,2010,-4.79890178571429,2.2425766369048
"507",2010-02-18,7,2010,-5.06391517857143,1.90539985119051
"508",2010-02-25,8,2010,0.831991071428571,2.69180148809527
"509",2010-03-04,9,2010,0.461258928571429,6.77847202380953
"510",2010-03-11,10,2010,-6.61801785714286,0.921963038548753
"511",2010-03-18,11,2010,-0.888267857142857,1.44217207446768
"512",2010-03-25,12,2010,5.06937053571429,2.0341955782313
"513",2010-04-01,13,2010,2.14408035714286,1.79157837301587
"514",2010-04-08,14,2010,0.954973214285713,1.85137925170069
"515",2010-04-15,15,2010,-0.830370535714286,2.39422367488658
"516",2010-04-22,16,2010,-1.13223214285714,2.66774560657596
"517",2010-04-29,17,2010,0.947062500000001,2.35974759070291
"518",2010-05-06,18,2010,-1.52966517857143,2.28471249959792
"519",2010-05-13,19,2010,-4.05715625,4.67373696145124
"520",2010-05-20,20,2010,-4.06398660714286,5.4736181972789
"521",2010-05-27,21,2010,-0.171437500000001,5.83083829365082
"522",2010-06-03,22,2010,-1.76617857142857,7.37394869614509
"523",2010-06-10,23,2010,3.02800892857143,5.18632114512469
"524",2010-06-17,24,2010,-0.503772321428572,3.61011011904765
"525",2010-06-24,25,2010,-2.47323660714286,-0.144352009407349
"526",2010-07-01,26,2010,2.73510714285715,-3.03637089002264
"527",2010-07-08,27,2010,3.36236607142857,-4.72359226190476
"528",2010-07-15,28,2010,7.05317410714285,-6.5377586451247
"529",2010-07-22,29,2010,2.64894196428572,-7.06339682539679
"530",2010-07-29,30,2010,-2.41788839285714,-6.32692375283447
"531",2010-08-05,31,2010,-1.38599107142857,-5.47036649659869
"532",2010-08-12,32,2010,-1.26620535714286,-2.87875348124095
"533",2010-08-19,33,2010,-2.08112946428571,3.10411507936513
"534",2010-08-26,34,2010,0.754267857142857,6.54217604166664
"535",2010-09-02,35,2010,-2.9591875,11.8205550662423
"536",2010-09-09,36,2010,-2.38951785714286,7.51370860375686
"537",2010-09-16,37,2010,-0.246013392857144,8.06293857079872
"538",2010-09-23,38,2010,-0.722906250000001,8.87380474249482
"539",2010-09-30,39,2010,-2.01034821428571,10.1051092757936
"540",2010-10-07,40,2010,1.35932589285714,9.42717098214286
"541",2010-10-14,41,2010,-2.28904017857143,4.47464498299326
"542",2010-10-21,42,2010,-2.93327232142857,10.1616098664103
"543",2010-10-28,43,2010,-2.89395089285714,8.93305342970523
"544",2010-11-04,44,2010,2.17982589285714,6.08766340702952
"545",2010-11-11,45,2010,0.248044642857143,6.76138690476194
"546",2010-11-18,46,2010,3.19624553571429,6.53403690476188
"547",2010-11-25,47,2010,-0.79584375,4.98226498015875
"548",2010-12-02,48,2010,-7.75846428571429,3.69635580357146
"549",2010-12-09,49,2010,-6.09593303571429,3.16587767857138
"550",2010-12-16,50,2010,-3.94551339285714,3.50315880102036
"551",2010-12-23,51,2010,-5.19434375,2.59001904978956
"552",2011-01-07,1,2011,-1.22102678571429,3.21922645154551
"553",2011-01-14,2,2011,3.36169196428571,9.3907033482143
"554",2011-01-21,3,2011,2.3541875,5.87679776785718
"555",2011-01-28,4,2011,-0.276013392857143,1.85797321428571
"556",2011-02-04,5,2011,-2.88289285714286,0.950500982142856
"557",2011-02-11,6,2011,4.03438392857143,1.8790290178571
"558",2011-02-18,7,2011,-0.38234375,2.57668556547621
"559",2011-02-25,8,2011,-6.31172321428571,-1.53568065476193
"560",2011-03-04,9,2011,-1.7143125,-3.67311726190476
"561",2011-03-11,10,2011,-0.852446428571429,-4.50578398526075
"562",2011-03-18,11,2011,1.94901785714286,-0.888235663627519
"563",2011-03-25,12,2011,0.976799107142857,-0.813116921768703
"564",2011-04-01,13,2011,1.58008035714286,-1.68653769841274
"565",2011-04-08,14,2011,5.09240178571429,-0.663641581632611
"566",2011-04-15,15,2011,0.984772321428571,-1.44386858701812
"567",2011-04-22,16,2011,3.73833928571428,-3.14128415532883
"568",2011-04-29,17,2011,2.08163392857143,-4.62824050453519
"569",2011-05-06,18,2011,-2.55023660714286,-5.10428339283708
"570",2011-05-13,19,2011,3.04655803571429,-8.05999220521546
"571",2011-05-20,20,2011,0.900299107142857,-9.39863180272111
"572",2011-05-27,21,2011,1.10813392857143,-9.40317658730158
"573",2011-06-03,22,2011,1.36210714285714,-10.7523042800453
"574",2011-06-10,23,2011,1.9984375,-9.92847945011341
"575",2011-06-17,24,2011,1.02208482142857,-10.1608630952381
"576",2011-06-24,25,2011,-1.49780803571429,-8.12556629512165
"577",2011-07-01,26,2011,-0.118892857142855,-4.74186196145124
"578",2011-07-08,27,2011,-1.72320535714286,0.752955357142834
"579",2011-07-15,28,2011,0.515745535714284,-1.4986753117914
"580",2011-07-22,29,2011,-1.80362946428571,-1.3421617063492
"581",2011-07-29,30,2011,-3.39760267857143,-4.10313506235827
"582",2011-08-05,31,2011,-1.48641964285714,-2.85687840136059
"583",2011-08-12,32,2011,-1.97377678571429,-3.29360705266954
"584",2011-09-02,35,2011,-1.72490178571429,-3.20307703082727
"585",2011-09-09,36,2011,1.90533928571429,-1.41808603910034
"586",2011-09-16,37,2011,2.02855803571429,-1.62021321491558
"587",2011-09-23,38,2011,0.115522321428571,-3.62910597179088
"588",2011-09-30,39,2011,2.98122321428571,-5.03284905753966
"589",2011-10-07,40,2011,3.91818303571429,-6.46721889880954
"590",2011-10-14,41,2011,-0.973040178571427,-3.17608418367344
"591",2011-10-21,42,2011,-2.36155803571429,-4.12475025263727
"592",2011-10-28,43,2011,-1.63966517857143,-6.66675609410427
"593",2011-11-04,44,2011,2.33268303571429,-8.64210742630388
"594",2011-11-11,45,2011,-0.944383928571429,-11.1381964285715
"595",2011-11-18,46,2011,-3.73332589285714,-12.7326297619047
"596",2011-11-25,47,2011,-0.233558035714286,-13.1574016865079
"597",2011-12-02,48,2011,2.63582142857143,-14.0759358630952
"598",2011-12-09,49,2011,1.99506696428571,-8.40359851190472
"599",2011-12-16,50,2011,1.89148660714286,-4.43121619897964
"600",2011-12-23,51,2011,0.930941964285714,-3.10114464068664
"601",2012-01-07,1,2012,4.65540178571429,-3.09899081035919
"602",2012-01-14,2,2012,2.55154910714286,-3.39170736607139
"603",2012-01-21,3,2012,-0.536098214285714,-3.82946711309522
"604",2012-01-28,4,2012,0.844558035714286,-3.55967261904758
"605",2012-02-04,5,2012,-9.30732142857143,-10.7249722321428
"606",2012-02-18,7,2012,-1.11177232142857,-20.4826180059524
"607",2012-02-25,8,2012,1.95827678571429,-10.0658889880952
"608",2012-03-03,9,2012,3.20711607142857,-5.23002202380957
"609",2012-03-10,10,2012,0.400125,-4.24937624716555
"610",2012-03-17,11,2012,2.68530357142857,-5.22664042553232
"611",2012-03-24,12,2012,3.08265625,-5.4397419217687
"612",2012-03-31,13,2012,2.65022321428571,-5.75392162698414
"613",2012-04-07,14,2012,-1.9323125,-3.61537967687071
"614",2012-04-14,15,2012,-1.05651339285714,-2.55230906320863
"615",2012-04-21,16,2012,-1.58123214285714,-2.86258177437644
"616",2012-04-28,17,2012,0.595205357142857,-2.08218693310658
"617",2012-05-05,18,2012,3.83733482142857,-3.78060779759898
"618",2012-05-12,19,2012,0.704129464285714,0.27880839002264
"619",2012-05-19,20,2012,-3.16755803571429,0.322558673469395
"620",2012-05-26,21,2012,4.59899107142857,-1.97099801587298
"621",2012-06-02,22,2012,0.198392857142856,-4.9064203514739
"622",2012-06-09,23,2012,-2.91213392857143,2.36074376417228
"623",2012-06-16,24,2012,-1.26105803571429,0.956285714285741
"624",2012-06-23,25,2012,0.418334821428571,4.27460632392595
"625",2012-06-30,26,2012,0.383678571428572,8.21596839569166
"626",2012-07-07,27,2012,0.516794642857143,10.8589791666666
"627",2012-07-14,28,2012,-1.38525446428572,8.5581490929705
"628",2012-07-21,29,2012,-2.86220089285714,12.3571359126984
"629",2012-07-28,30,2012,1.13511160714286,9.12330839002272
"630",2012-08-04,31,2012,-0.942562500000001,6.37855017006801
"631",2012-08-11,32,2012,-2.23563392857143,5.85017806637805
"632",2012-08-18,33,2012,0.458299107142857,2.42634424603173
"633",2012-08-25,34,2012,2.89841071428571,-0.244127529761865
"634",2012-09-01,35,2012,0.437955357142856,-0.146370528995771
"635",2012-09-08,36,2012,0.504910714285714,-1.31985389624313
"636",2012-09-15,37,2012,0.411843749999999,-2.41331738158228
"637",2012-09-22,38,2012,-1.16376339285714,-3.99998394798138
"638",2012-09-29,39,2012,-0.0410625000000007,-3.68197802579366
"639",2012-10-06,40,2012,0.443040178571428,-4.13539151785714
"640",2012-10-13,41,2012,-2.53404017857143,-3.03460501700684
"641",2012-10-20,42,2012,2.55272767857143,-1.68961930025636
"642",2012-10-27,43,2012,-0.611808035714286,-5.42739002267577
"643",2012-11-03,44,2012,-3.08788839285714,-1.81083659297049
"644",2012-11-10,45,2012,0.705758928571428,-0.00127976190476176
"645",2012-11-17,46,2012,-2.53446875,-0.741076190476221
"646",2012-11-24,47,2012,1.71944196428571,-2.22228561507935
"647",2012-12-01,48,2012,1.86510714285714,-0.661245386904746
"648",2012-12-08,49,2012,-3.45521875,-0.236699702380918
"649",2012-12-15,50,2012,-2.99179910714286,-0.0601209608843405
"650",2012-12-22,51,2012,1.04737053571429,0.70649524026576
"651",2013-01-07,1,2013,5.38140178571429,-1.29416045321639
"652",2013-01-14,2,2013,-1.87959375,-1.5476151041667
"653",2013-01-21,3,2013,-6.67924107142857,-2.57108616071432
"654",2013-01-28,4,2013,-4.94787053571429,-2.67547916666668
"655",2013-02-04,5,2013,3.82667857142857,-0.152499017857139
"656",2013-02-11,6,2013,-2.46747321428571,-0.669610863095201
"657",2013-02-18,7,2013,-1.96091517857143,-2.05067752976189
"658",2013-02-25,8,2013,-4.27400892857143,-2.14462708333333
"659",2013-03-04,9,2013,-2.23388392857143,-2.14371547619047
"660",2013-03-11,10,2013,-1.64316071428571,-0.908852437641748
"661",2013-03-18,11,2013,-7.31226785714286,-2.41794102077041
"662",2013-03-25,12,2013,-7.28634375,-1.7476645408163
"663",2013-04-01,13,2013,-7.45434821428571,-2.23876984126984
"664",2013-04-08,14,2013,-6.25902678571429,-0.944471938775507
"665",2013-04-15,15,2013,2.18348660714286,4.86239331774377
"666",2013-04-22,16,2013,3.44048214285714,0.0837783446711668
"667",2013-04-29,17,2013,0.0193482142857153,0.823351757369615
"668",2013-05-06,18,2013,0.277049107142856,0.830439821448714
"669",2013-05-13,19,2013,0.167558035714286,-1.06928982426306
"670",2013-05-20,20,2013,0.81715625,2.8349039115646
"671",2013-05-27,21,2013,-5.6774375,4.93490079365082
"672",2013-06-03,22,2013,-2.96389285714286,7.57527607709749
"673",2013-06-10,23,2013,-0.307562500000001,5.21559495464849
"674",2013-06-24,25,2013,3.48233482142857,4.14191816433785
"675",2013-07-01,26,2013,-4.06189285714286,2.41972434807256
"676",2013-07-08,27,2013,0.545508928571429,1.55835416666664
"677",2013-07-15,28,2013,-0.704683035714286,-4.2461187641723
"678",2013-07-22,29,2013,1.89179910714286,-5.7764087301587
"679",2013-07-29,30,2013,3.42282589285714,-3.56804280045347
"680",2013-08-05,31,2013,2.3214375,-2.44942602040819
"681",2013-08-12,32,2013,-0.660633928571428,-2.72481598124094
"682",2013-08-19,33,2013,-0.820558035714287,-3.51539087301587
"683",2013-08-26,34,2013,-0.770589285714287,-3.47410967261906
"684",2013-09-02,35,2013,0.056955357142856,-4.32581100518617
"685",2013-09-09,36,2013,3.25219642857143,-3.98641639624314
"686",2013-09-16,37,2013,-2.04501339285714,-1.67068940539178
"687",2013-09-23,38,2013,-1.16162053571429,-1.30147204321948
"688",2013-09-30,39,2013,-1.70049107142857,-3.40449191468257
"689",2013-10-07,40,2013,-1.81195982142857,-2.76887961309524
"690",2013-10-14,41,2013,-1.40489732142857,4.12409141156466
"691",2013-10-21,42,2013,2.63687053571429,6.21562177117223
"692",2013-10-28,43,2013,5.78547767857143,4.57004152494333
"693",2013-11-04,44,2013,0.901254464285715,4.93096400226761
"694",2013-11-11,45,2013,1.61375892857143,5.21824107142854
"695",2013-11-18,46,2013,-2.05704017857143,2.75177202380948
"696",2013-11-25,47,2013,-1.10884375,2.82116081349205
"697",2013-12-02,48,2013,-0.374178571428571,2.09783199404765
"698",2013-12-09,49,2013,0.245638392857143,1.48820803571428
"699",2013-12-16,50,2013,2.06262946428571,0.820078443877563
"700",2013-12-23,51,2013,2.98937053571429,-0.0725613073532401
"701",2014-01-07,1,2014,4.77883035714286,0.272598475355004
"702",2014-01-14,2,2014,2.64126339285714,0.396298586309506
"703",2014-01-21,3,2014,1.40647321428571,0.385488244047579
"704",2014-01-28,4,2014,-2.61429910714286,0.139327380952416
"705",2014-02-04,5,2014,-1.17189285714286,1.09002776785716
"706",2014-02-11,6,2014,3.2188125,2.3313950892857
"707",2014-02-18,7,2014,3.52622767857143,1.83428080357141
"708",2014-02-25,8,2014,3.15213392857143,1.30179553571426
"709",2014-03-04,9,2014,1.83397321428571,0.926275595238138
"710",2014-03-11,10,2014,2.11526785714286,0.146245776643951
"711",2014-03-18,11,2014,2.96058928571429,-0.350881496960916
"712",2014-03-25,12,2014,2.84065625,0.6252640306122
"713",2014-04-01,13,2014,2.17122321428571,0.034289682539665
"714",2014-04-08,14,2014,5.63383035714286,-0.80047491496601
"715",2014-04-15,15,2014,0.768915178571429,0.417432008219976
"716",2014-04-22,16,2014,0.517339285714285,3.21017417800456
"717",2014-04-29,17,2014,2.31177678571429,3.52875651927441
"718",2014-05-06,18,2014,-1.20623660714286,3.40618982144871
"719",2014-05-13,19,2014,-1.41315625,3.43583517573694
"720",2014-05-20,20,2014,-0.197129464285714,5.21697534013609
"721",2014-05-27,21,2014,2.81141964285714,4.52798710317462
"722",2014-06-03,22,2014,-2.47432142857143,6.90745464852609
"723",2014-06-10,23,2014,3.84486607142857,2.49177650226758
"724",2014-06-17,24,2014,-0.177629464285715,0.144386904761944
"725",2014-06-24,25,2014,-2.52680803571429,-3.19890260464545
"726",2014-07-01,26,2014,-2.98017857142857,-3.44905243764174
"727",2014-07-08,27,2014,1.31650892857143,-3.64594940476186
"728",2014-07-15,28,2014,-0.285254464285718,8.1859288548753
"729",2014-07-22,29,2014,3.84008482142857,4.34949900793651
"730",2014-07-29,30,2014,0.936683035714285,6.35281731859412
"731",2014-08-05,31,2014,-0.164133928571427,12.6938358843537
"732",2014-08-12,32,2014,-0.67663392857143,11.97593997114
"733",2014-08-19,33,2014,-3.17570089285714,13.3495079365079
"734",2014-08-26,34,2014,-5.19130357142857,10.3661641369047
"735",2014-09-02,35,2014,-0.828901785714287,12.7754330424328
"736",2014-09-09,36,2014,1.28876785714286,13.150997294233
"737",2014-09-16,37,2014,0.655986607142857,16.3749266660368
"738",2014-09-23,38,2014,1.62066517857143,16.9830100996377
"739",2014-09-30,39,2014,1.48308035714286,14.4581182043651
"740",2014-10-07,40,2014,1.37689732142857,6.86407872023806
"741",2014-10-14,41,2014,4.24767410714286,12.3971985544218
"742",2014-10-21,42,2014,4.33744196428571,14.2877110568865
"743",2014-10-28,43,2014,-0.0186651785714291,13.9027439058957
"744",2014-11-04,44,2014,3.16839732142857,11.3794907879818
"745",2014-11-11,45,2014,0.561758928571429,9.50324107142854
"746",2014-11-18,46,2014,3.04767410714286,8.29524821428569
"747",2014-11-25,47,2014,1.00472767857143,7.80062212301585
"748",2014-12-02,48,2014,-2.33246428571429,6.91473080357145
"749",2014-12-09,49,2014,-1.50250446428571,6.69368422619048
"750",2014-12-16,50,2014,1.98191517857143,6.92356951530616
"751",2014-12-23,51,2014,4.79622767857143,6.36648928788486
"752",2015-01-07,1,2015,1.13925892857143,6.24451811821221
"753",2015-01-14,2,2015,4.09912053571429,6.0823878720238
"754",2015-01-21,3,2015,0.127901785714286,5.91698526785718
"755",2015-01-28,4,2015,0.447986607142857,5.89126785714281
"756",2015-02-04,5,2015,-0.588178571428571,6.70100693452386
"757",2015-02-11,6,2015,-1.05404464285714,6.9806212797619
"758",2015-02-18,7,2015,-0.579058035714286,6.27143258928571
"759",2015-02-25,8,2015,0.4665625,6.20895922619047
"760",2015-03-04,9,2015,0.281830357142857,6.04720714285713
"761",2015-03-11,10,2015,1.18598214285714,5.51411482426305
"762",2015-03-18,11,2015,-0.362839285714286,4.89396969351528
"763",2015-03-25,12,2015,-0.391629464285714,4.5011598639456
"764",2015-04-01,13,2015,-0.252205357142858,5.33532837301587
"765",2015-04-08,14,2015,-3.07102678571429,6.15492687074829
"766",2015-04-15,15,2015,3.51348660714286,5.53771697845808
"767",2015-04-22,16,2015,-0.069089285714286,3.57400751133787
"768",2015-04-29,17,2015,-0.914651785714286,1.76447675736961
"769",2015-05-06,18,2015,0.761191964285713,3.15164517859152
"770",2015-05-13,19,2015,1.18998660714286,0.822311366213135
"771",2015-05-20,20,2015,-1.31370089285714,-1.99250680272111
"772",2015-05-27,21,2015,-2.11000892857143,-4.46489980158728
"773",2015-06-03,22,2015,-1.04046428571429,-5.22800666099771
"774",2015-06-10,23,2015,0.8984375,-6.63428599773241
"775",2015-06-17,24,2015,0.409656249999999,-7.84034523809526
"776",2015-06-24,25,2015,-3.73895089285714,-5.60291153321685
"777",2015-07-01,26,2015,1.29567857142857,-4.15684410430834
"778",2015-07-08,27,2015,5.4639375,-5.73640476190477
"779",2015-07-15,28,2015,-0.813397321428573,-7.5570503117914
"780",2015-07-22,29,2015,3.42808482142857,-6.24087003968249
"781",2015-07-29,30,2015,-1.87560267857143,-5.93992672902498
"782",2015-08-05,31,2015,-0.748705357142857,-4.35930102040819
"783",2015-08-12,32,2015,4.83379464285714,-4.94019395743144
"784",2015-08-19,33,2015,1.18172767857143,-4.23952480158728
"785",2015-08-26,34,2015,-0.334589285714287,-3.43668705357146
"786",2015-09-02,35,2015,3.28266964285714,-3.18393600518617
"787",2015-09-09,36,2015,-2.495375,-3.15688365814794
"788",2015-09-16,37,2015,-0.434727678571429,-3.94799892920128
"789",2015-09-23,38,2015,-0.0860491071428591,-3.11195418607658
"790",2015-09-30,39,2015,-1.68577678571429,-4.39756036706347
"791",2015-10-07,40,2015,0.546754464285714,-5.79632901785714
"792",2015-10-14,41,2015,-3.82618303571429,-5.62411989795914
"793",2015-10-21,42,2015,-2.03584375,-1.99231275263726
"794",2015-10-28,43,2015,-0.644950892857143,-2.14153287981857
"795",2015-11-04,44,2015,0.295397321428571,-4.64576218820859
"796",2015-11-11,45,2015,6.94175892857143,-5.16077976190476
"797",2015-11-18,46,2015,5.38953125,-2.52729345238092
"798",2015-11-25,47,2015,-0.00270089285714281,-0.177845138888848
"799",2015-12-02,48,2015,2.43282142857143,0.466971874999956
"800",2015-12-09,49,2015,3.58035267857143,-1.51536934523812
"801",2015-12-16,50,2015,2.72605803571429,-1.66115667517004
"802",2015-12-23,51,2015,7.78879910714286,-1.47306725973424
"803",2016-01-07,1,2016,-1.39002678571429,-1.66519319131159
"804",2016-01-14,2,2016,1.12783482142857,-0.937263913690494
"805",2016-01-21,3,2016,-4.37409821428571,-1.87577068452382
"806",2016-01-28,4,2016,3.44127232142857,-1.44784226190478
"807",2016-02-04,5,2016,4.70482142857143,-0.386397827380939
"808",2016-02-11,6,2016,3.86966964285714,0.256392113095202
"809",2016-02-18,7,2016,-0.291629464285714,0.0408075892857127
"810",2016-02-25,8,2016,1.32213392857143,0.687233035714264
"811",2016-03-03,9,2016,-1.9473125,-0.253459523809568
"812",2016-03-10,10,2016,-1.84858928571429,-0.476010175736945
"813",2016-03-17,11,2016,-2.04455357142857,-1.21406006838941
"814",2016-03-24,12,2016,-0.0102008928571431,-1.237643707483
"815",2016-03-31,13,2016,0.636794642857143,-0.265618055555535
"816",2016-04-07,14,2016,3.03854464285714,0.838117346938787
"817",2016-04-14,15,2016,0.636915178571428,0.124530222505676
"818",2016-04-21,16,2016,-0.357660714285714,1.37058489229027
"819",2016-04-28,17,2016,-6.70108035714286,1.24259580498871
"820",2016-05-05,18,2016,-2.14037946428572,0.345020178591511
"821",2016-05-12,19,2016,3.76184375,-5.10646244331066
"822",2016-05-19,20,2016,-2.34412946428571,-8.77723001700681
"823",2016-05-26,21,2016,0.666705357142856,-8.30603075396828
"824",2016-06-02,22,2016,1.85296428571428,-1.25033999433111
"825",2016-06-09,23,2016,2.08515178571429,-0.660631235827715
"826",2016-06-16,24,2016,-0.48834375,1.11290476190474
"827",2016-06-23,25,2016,1.19104910714286,1.79388608583075
"828",2016-06-30,26,2016,1.29367857142857,-1.84533219954644
"829",2016-07-07,27,2016,-1.40677678571429,-1.77867261904766
"830",2016-07-14,28,2016,1.48945982142857,-5.4131901927438
"831",2016-07-21,29,2016,1.20808482142857,-5.4929920634921
"832",2016-07-28,30,2016,2.01325446428572,-4.13977494331067
"833",2016-08-04,31,2016,-1.54499107142857,-2.93969387755099
"834",2016-08-11,32,2016,-2.74420535714286,-1.97465526695525
"835",2016-08-18,33,2016,-1.08827232142857,-2.73407837301588
"836",2016-08-25,34,2016,1.67155357142857,-3.51479717261907
"837",2016-09-01,35,2016,5.11109821428571,-4.50099552899577
"838",2016-09-08,36,2016,3.20005357142857,-4.14022592005274
"839",2016-09-15,37,2016,7.15384375,-4.96304456412198
"840",2016-10-13,41,2016,-2.65532589285714,-4.74939073129254
"841",2016-10-20,42,2016,0.762441964285713,-4.58961037168487
"842",2016-10-27,43,2016,-1.83495089285714,-2.55102692743767
"843",2016-11-03,44,2016,0.510540178571429,-3.91706873582769
"844",2016-11-10,45,2016,-2.82466964285714,-2.95126785714286
"845",2016-12-15,50,2016,3.18148660714286,-1.10106292517004
"846",2016-12-22,51,2016,-1.49005803571429,-1.74069225973424
"847",2017-01-07,1,2017,-3.55802678571429,-3.27585092940689
"848",2017-01-14,2,2017,-1.02230803571429,-3.1999484375
"849",2017-01-21,3,2017,-5.18266964285714,-1.64799092261902
"850",2017-01-28,4,2017,-3.86301339285714,-2.42153869047618
"851",2017-02-04,5,2017,1.56410714285714,-0.703240089285742
"852",2017-02-11,6,2017,-2.28933035714286,-0.488286458333299
"853",2017-02-18,7,2017,0.811084821428572,-1.48745133928569
"854",2017-02-25,8,2017,3.56127678571429,-0.0447163690476344
"855",2017-03-04,9,2017,3.72797321428571,-0.234715476190466
"856",2017-03-11,10,2017,1.156125,0.400180300453556
"857",2017-03-18,11,2017,1.79644642857143,-1.62453030648471
"858",2017-03-25,12,2017,2.46737053571429,-0.817765731292504
"859",2017-04-01,13,2017,5.08736607142857,-2.74954067460313
"860",2017-04-08,14,2017,1.68383035714286,-4.64704336734691
"861",2017-04-15,15,2017,1.40948660714286,-7.43267513463722
"862",2017-04-22,16,2017,-3.85194642857143,-2.85144784580503
"863",2017-04-29,17,2017,-5.0039375,-3.28349050453519
"864",2017-05-06,18,2017,-1.99266517857143,-1.39436077378939
"865",2017-05-13,19,2017,-1.19944196428571,-2.59151303854876
"866",2017-05-20,20,2017,3.63272767857143,-4.16884608843541
"867",2017-05-27,21,2017,1.63670535714286,-5.77264980158728
"868",2017-06-03,22,2017,4.71325,-8.25616439909301
"869",2017-06-10,23,2017,-0.777276785714287,-0.152217545351512
"870",2017-06-17,24,2017,1.57308482142857,-2.31533333333336
"871",2017-06-24,25,2017,4.22562053571429,-4.79445022369305
"872",2017-07-01,26,2017,-0.254464285714285,-2.30926969954644
"873",2017-07-08,27,2017,1.31365178571428,0.0298125000000375
"874",2017-07-15,28,2017,-0.532254464285716,3.2387264739229
"875",2017-07-22,29,2017,1.39022767857143,1.4442787698413
"876",2017-07-29,30,2017,-2.57374553571428,10.1576238662131
"877",2017-08-05,31,2017,1.48586607142857,7.32200552721091
"878",2017-08-12,32,2017,-2.66520535714286,6.19472866161616
"879",2017-08-19,33,2017,0.456584821428571,11.6410109126984
"880",2017-08-26,34,2017,-1.91616071428571,7.64584866071433
"881",2017-09-02,35,2017,1.0668125,7.50561161386143
"882",2017-09-09,36,2017,-0.606089285714285,3.78745562756636
"883",2017-09-16,37,2017,-2.34372767857143,4.73941178508442
"884",2017-09-23,38,2017,-2.06033482142857,7.30544164725672
"885",2017-09-30,39,2017,1.27008035714286,3.59626999007934
"886",2017-10-07,40,2017,-0.448245535714287,11.5392959821429
"887",2017-10-14,41,2017,2.17195982142857,11.3400795068028
"888",2017-10-21,42,2017,4.66987053571428,7.14607117593414
"889",2017-10-28,43,2017,2.20676339285714,10.2750504535147
"890",2017-11-04,44,2017,0.320254464285714,9.35478840702952
"891",2017-11-11,45,2017,-0.301383928571428,7.85818750000004
"892",2017-11-18,46,2017,-0.867754464285714,6.14109047619048
"893",2017-11-25,47,2017,3.10858482142857,5.91785426587305
"894",2017-12-02,48,2017,-0.978464285714286,5.39842425595236
"895",2017-12-09,49,2017,0.233638392857143,4.54367827380948
"896",2017-12-16,50,2017,0.175629464285714,4.62031058673466
"897",2017-12-23,51,2017,1.81208482142857,3.67787619264676
"898",2018-01-07,1,2018,4.43754464285714,3.95078299916461
"899",2018-01-14,2,2018,0.0258348214285713,2.94640572916671
"900",2018-01-21,3,2018,0.333758928571429,3.81112514880948
"901",2018-01-28,4,2018,5.58398660714286,4.55020238095241
"902",2018-02-04,5,2018,2.43325,3.86529264880956
"903",2018-02-11,6,2018,-3.20904464285714,3.5835290178571
"904",2018-02-18,7,2018,-1.47820089285714,2.97842961309521
"905",2018-02-25,8,2018,-4.91900892857143,2.26825089285716
"906",2018-03-04,9,2018,-9.61645535714286,-3.48885238095237
"907",2018-03-11,10,2018,1.60855357142857,0.217025538548754
"908",2018-03-18,11,2018,-2.912125,2.01997862208678
"909",2018-03-25,12,2018,-3.63591517857143,1.5943235544218
"910",2018-04-01,13,2018,-1.27549107142857,2.54064682539686
"911",2018-04-08,14,2018,2.8426875,2.65868282312929
"912",2018-04-15,15,2018,5.31691517857143,2.16767903202948
"913",2018-04-22,16,2018,7.27319642857143,1.05732596371887
"914",2018-04-29,17,2018,1.32434821428572,-2.55543990929709
"915",2018-05-06,18,2018,0.543334821428571,-6.59066434521799
"916",2018-05-13,19,2018,3.81112946428571,-9.69139101473926
"917",2018-05-20,20,2018,1.07001339285714,-7.59105442176871
"918",2018-05-27,21,2018,3.53270535714286,-8.69532242063488
"919",2018-06-03,22,2018,5.74753571428571,-9.4449054705215
"920",2018-06-10,23,2018,4.48986607142857,-11.0036729024943
"921",2018-06-17,24,2018,1.28122767857143,-11.1383630952381
"922",2018-06-24,25,2018,-0.328093749999999,-10.7008906998836
"923",2018-07-01,26,2018,1.25867857142857,-9.66388279478454
"924",2018-07-08,27,2018,1.98536607142857,-9.54710714285716
"925",2018-07-15,28,2018,0.40203125,-10.6403687641723
"926",2018-07-22,29,2018,2.79165625,-10.1794117063492
"927",2018-07-29,30,2018,5.38325446428572,-10.0384743480726
"928",2018-08-05,31,2018,6.51615178571429,-8.60290221088439
"929",2018-08-12,32,2018,3.2909375,-8.66722967171714
"930",2018-08-19,33,2018,2.37001339285714,-8.44639682539677
"931",2018-08-26,34,2018,1.13683928571428,-8.21063050595237
"932",2018-09-02,35,2018,0.398098214285714,-8.44859671947187
"933",2018-09-09,36,2018,2.33291071428572,-7.27674675338604
"934",2018-09-16,37,2018,2.16570089285714,-8.32128166729658
"935",2018-09-23,38,2018,4.17052232142857,-8.80817442417188
"936",2018-09-30,39,2018,-2.76634821428572,-8.87185203373016
"937",2018-10-07,40,2018,-1.03110267857143,-10.0113677083333
"938",2018-10-14,41,2018,4.33853125,-10.6343401360544
"939",2018-10-21,42,2018,3.38572767857143,-11.3254823954945
"940",2018-10-28,43,2018,-0.664665178571429,-12.523922760771
"941",2018-11-04,44,2018,-0.810745535714285,-13.4240598072563
"942",2018-11-11,45,2018,3.39990178571429,-16.1691577380953
"943",2018-11-18,46,2018,0.539388392857143,-17.6294005952381
"944",2018-11-25,47,2018,-1.82498660714286,-17.9912915674604
"945",2018-12-02,48,2018,0.844107142857143,-16.7905757440476
"946",2018-12-09,49,2018,4.22806696428571,-13.1317116071428
"947",2018-12-16,50,2018,-1.05851339285714,-11.4692340561224
"948",2018-12-23,51,2018,2.94122767857143,-10.6126297597342
"949",2019-01-07,1,2019,2.42725892857143,-7.7022973579783
"950",2019-01-14,2,2019,0.813834821428571,-6.20443950892859
"951",2019-01-21,3,2019,-1.89309821428571,-7.26425282738092
"952",2019-01-28,4,2019,-1.88115625,-8.38514583333328
"953",2019-02-04,5,2019,-0.286464285714286,-6.00521330357144
"954",2019-02-11,6,2019,2.04352678571429,-5.0088400297619
"955",2019-02-18,7,2019,3.59322767857143,-5.31712991071429
"956",2019-02-25,8,2019,3.08384821428571,-6.74811220238094
"957",2019-03-04,9,2019,4.48554464285714,-6.42030178571427
"958",2019-03-11,10,2019,2.07326785714286,-5.01703100907024
"959",2019-03-18,11,2019,0.780875,-4.51099459219891
"960",2019-03-25,12,2019,1.49408482142857,-5.9906318027211
"961",2019-04-01,13,2019,1.47965178571429,-6.66169246031743
"962",2019-04-08,14,2019,2.51711607142857,-5.96464158163261
"963",2019-04-15,15,2019,-3.56508482142857,-7.65834180130383
"964",2019-04-22,16,2019,3.71305357142857,-9.54240617913834
"965",2019-04-29,17,2019,0.353205357142858,-9.27850836167799
"966",2019-05-06,18,2019,-3.12952232142857,-5.74493517855129
"967",2019-05-13,19,2019,-3.49587053571429,-3.40177196712016
"968",2019-05-20,20,2019,-1.56084375,-3.72188477891161
"969",2019-05-27,21,2019,-0.149580357142858,-2.08228075396828
"970",2019-06-03,22,2019,1.99167857142857,-2.55800666099771
"971",2019-06-10,23,2019,2.15672321428571,-8.05322349773241
"972",2019-06-17,24,2019,2.29765625,-2.21073809523806
"973",2019-06-24,25,2019,3.81304910714286,-1.75067939035975
"974",2019-07-01,26,2019,4.91010714285714,-5.41850481859414
"975",2019-07-08,27,2019,-1.96820535714286,-8.07332738095236
"976",2019-07-15,28,2019,-2.68968303571429,-8.2497259070295
"977",2019-07-22,29,2019,0.128084821428573,-6.97419146825399
"978",2019-07-29,30,2019,5.45925446428572,-7.91375113378687
"979",2019-08-05,31,2019,0.163723214285714,-6.89478316326529
"980",2019-08-12,32,2019,0.86136607142857,-5.51852431457434
"981",2019-08-19,33,2019,-0.816129464285716,-6.54797420634917
"982",2019-08-26,34,2019,1.83126785714285,-6.67940431547617
"983",2019-09-02,35,2019,4.73466964285714,-7.20612052899577
"984",2019-09-09,36,2019,-0.968375,-7.70708306290983
"985",2019-09-16,37,2019,0.325700892857142,-9.06961202443938
"986",2019-09-23,38,2019,-0.982191964285715,-9.84165954321948
"987",2019-09-30,39,2019,2.31322321428571,-9.44245024801587
"988",2019-10-07,40,2019,-1.86381696428571,-6.94815342261904
"989",2019-10-14,41,2019,3.78824553571429,-5.52167049319724
"990",2019-10-21,42,2019,4.94101339285714,-4.33030977644686
"991",2019-10-28,43,2019,2.38876339285714,-7.30691383219957
"992",2019-11-04,44,2019,-1.01560267857143,-8.16765504535148
"993",2019-11-11,45,2019,-0.708955357142857,-4.93273511904766
"994",2019-11-18,46,2019,-0.988611607142857,-6.06168630952382
"995",2019-11-25,47,2019,-0.0949866071428573,-3.80638978174605
"996",2019-12-02,48,2019,1.96610714285714,-2.84720669642854
"997",2019-12-09,49,2019,1.46778125,-2.92694375000002
"998",2019-12-16,50,2019,1.90277232142857,-1.53355548469384
"999",2019-12-23,51,2019,4.48351339285714,-2.69466249782944
"1000",2020-01-07,1,2020,1.29340178571429,-1.01350271512109
"1001",2020-01-14,2,2020,3.73254910714286,0.149795610119099
"1002",2020-01-21,3,2020,2.79933035714286,-0.374526636904719
"1003",2020-01-28,4,2020,0.849272321428571,0.205318452380915
"1004",2020-02-04,5,2020,6.31653571428572,2.80915276785716
"1005",2020-02-11,6,2020,2.76052678571429,2.847552827381
"1006",2020-02-18,7,2020,4.58351339285714,2.34582842261901
"1007",2020-02-25,8,2020,3.77527678571429,3.22904255952376
"1008",2020-03-03,9,2020,1.20497321428571,3.68210000000003
"1009",2020-03-10,10,2020,0.748125,3.32758803854875
"1010",2020-03-17,11,2020,2.77844642857143,2.36249350303908
"1011",2020-03-24,12,2020,-0.507915178571428,0.136287840136099
"1012",2020-03-31,13,2020,-2.51749107142857,-1.04874007936513
"1013",2020-04-07,14,2020,0.363258928571428,-2.04726062925171
"1014",2020-04-14,15,2020,2.22848660714286,-6.72062453939913
"1015",2020-04-21,16,2020,1.84619642857143,-11.4741621315192
"1016",2020-04-28,17,2020,0.690348214285715,-13.2379815759637
"1017",2020-05-05,18,2020,-1.60537946428571,-9.41846196426559
"1018",2020-05-12,19,2020,-2.00187053571429,-8.41953089569156
"1019",2020-05-19,20,2020,-1.67555803571429,-7.30386989795921
"1020",2020-05-26,21,2020,-0.0482946428571438,-6.94956944444448
"1021",2020-06-02,22,2020,-0.00175000000000125,-7.06488463718821
"1022",2020-06-09,23,2020,-2.0985625,-5.67369968820861
"1023",2020-06-16,24,2020,1.87479910714286,3.54791369047614
"1024",2020-06-23,25,2020,1.30276339285714,6.81690394297355
"1025",2020-06-30,26,2020,1.98067857142857,1.59727494331066
"1026",2020-07-07,27,2020,0.209223214285714,-2.29374107142856
"1027",2020-07-14,28,2020,-1.10239732142857,-4.2467943594104
"1028",2020-07-21,29,2020,-1.20805803571429,-5.57251289682539
"1029",2020-07-28,30,2020,0.40596875,-6.82474815759637
"1030",2020-08-04,31,2020,0.218723214285713,-6.23118197278909
"1031",2020-08-11,32,2020,5.16365178571428,-6.35721181457435
"1032",2020-08-18,33,2020,2.94401339285714,-5.73232837301587
"1033",2020-08-25,34,2020,2.000125,-5.60690133928567
"1034",2020-09-01,35,2020,0.0142410714285717,-4.74345088613857
"1035",2020-09-08,36,2020,-0.411946428571428,-4.36231520576704
"1036",2020-09-15,37,2020,2.92184375,-6.17345428634418
"1037",2020-09-22,38,2020,2.49952232142857,-7.36742144798138
"1038",2020-09-29,39,2020,-0.176633928571428,-6.61233120039687
"1039",2020-10-06,40,2020,0.871897321428571,-8.58609985119044
"1040",2020-10-13,41,2020,-0.308040178571428,-6.17826275510204
"1041",2020-10-20,42,2020,-0.641272321428572,-4.77222346692297
"1042",2020-10-27,43,2020,3.63362053571429,-7.33805371315197
"1043",2020-11-03,44,2020,4.53182589285714,-5.06520564058959
"1044",2020-11-10,45,2020,-1.3378125,-7.59152976190476
"1045",2020-11-17,46,2020,3.99038839285714,-9.85705833333332
"1046",2020-11-24,47,2020,1.74401339285714,-9.22051378968255
"1047",2020-12-01,48,2020,-1.08132142857143,-6.88354300595234
"1048",2020-12-08,49,2020,-0.775361607142857,-6.20442589285712
"1049",2020-12-15,50,2020,1.47148660714286,-3.86603465136054
"1050",2020-12-22,51,2020,3.87579910714286,-2.89307023592474
