"","doy","minT","maxT","airT","co2","swr","vpd","precip","windspd","year","order"
"1",7,0.688571428571429,3.46714285714286,1.90532738095238,375.321648809524,1.76687794285714,0.0442946428571429,8.92857142857143e-06,3.82159523809524,2000,1
"2",14,-2.43428571428571,0.631428571428571,-0.62327380952381,378.907886904762,2.45359208571429,0.0584625,1.48809523809524e-06,2.91092261904762,2000,2
"3",21,-1.74142857142857,1.73285714285714,0.136636904761905,378.994145833333,1.79175728571429,0.0593901785714286,2.29828042328042e-05,4.36436904761905,2000,3
"4",28,-7.19142857142857,-2.79,-5.1264880952381,382.213517857143,3.22076237142857,0.0392110119047619,1.10780423280423e-05,3.466375,2000,4
"5",35,2.72,5.84285714285714,4.18756845238095,379.262360119048,2.18568162857143,0.0944666666666667,6.0515873015873e-05,5.44415773809524,2000,5
"6",42,2.80285714285714,7.48428571428571,4.90845238095238,374.786705357143,4.91423785714286,0.192944047619048,1.50462962962963e-05,4.82321726190476,2000,6
"7",49,-1.12714285714286,2.22714285714286,0.547202380952381,373.276577380952,3.86524028571429,0.0646467261904762,4.48082010582011e-05,4.13684523809524,2000,7
"8",56,-1.27285714285714,2.55857142857143,0.271071428571429,377.330032738095,4.07368182857143,0.0447068452380952,5.19179894179894e-05,3.26439583333333,2000,8
"9",63,0.8,6.6,3.49452380952381,368.7214375,7.55192442857143,0.166722916666667,3.125e-05,4.59588095238095,2000,9
"10",70,1.12142857142857,5.26571428571429,3.2403869047619,367.985005952381,6.70923668571429,0.123569047619048,5.39021164021164e-05,5.14690773809524,2000,10
"11",77,1.41571428571429,5.93028571428571,3.92208035714286,370.970375,5.82909942857143,0.134207738095238,4.18320105820106e-05,4.22263988095238,2000,11
"12",84,2.59142857142857,9.69857142857143,5.88345238095238,373.872101190476,11.5669761428571,0.287284821428571,2.95965608465608e-05,2.3396994047619,2000,12
"13",91,2.39571428571429,6.26285714285714,4.14991071428571,372.205380952381,4.83359785714286,0.0916196428571429,2.69510582010582e-05,3.02174702380952,2000,13
"14",98,1.78857142857143,10.1357142857143,5.94675595238095,370.4339375,14.9813781428571,0.321456845238095,1.15740740740741e-05,2.74225892857143,2000,14
"15",105,1.93,8.46,5.20240773809524,371.103863095238,13.5195060857143,0.2725875,1.47156084656085e-05,3.0604494047619,2000,15
"16",112,7.41857142857143,14.3071428571429,10.4289880952381,370.525791666667,13.7238924857143,0.442361904761905,1.66997354497355e-05,2.83510714285714,2000,16
"17",119,10.3885714285714,19.6757142857143,15.2814285714286,377.370794642857,17.5787331428571,0.7394375,1.32275132275132e-06,2.64969345238095,2000,17
"18",126,11.5914285714286,18.4685714285714,14.7216369047619,381.541080357143,18.0578859428571,0.500890178571429,1.24007936507937e-05,2.32383630952381,2000,18
"19",133,13.2028571428571,20.61,17.1409226190476,371.956491071429,23.3228118857143,0.770483630952381,1.81878306878307e-06,2.70709226190476,2000,19
"20",140,10.7157142857143,19.3285714285714,15.2628571428571,363.724139880952,22.5896364,0.902919047619048,9.92063492063492e-06,2.86535714285714,2000,20
"21",147,7.11857142857143,13.9614285714286,10.621369047619,369.83755952381,15.8910711428571,0.288480654761905,2.9265873015873e-05,3.11779761904762,2000,21
"22",154,7.97285714285714,15.7271428571429,11.982380952381,369.506494047619,18.8048648571429,0.504613095238095,1.62037037037037e-05,3.41841666666667,2000,22
"23",161,11.8085714285714,19.5328571428571,15.338005952381,367.154205357143,18.9709187142857,0.425421130952381,6.77910052910053e-05,2.6453005952381,2000,23
"24",168,13.0028571428571,20.3742857142857,16.7831547619048,363.506636904762,21.1482218571429,0.612158333333333,2.24867724867725e-05,2.69431845238095,2000,24
"25",175,15.3771428571429,23.99,20.1100595238095,352.298151785714,25.3199044285714,1.44665744047619,1.65343915343915e-06,2.7448244047619,2000,25
"26",182,7.80857142857143,13.5528571428571,10.5216369047619,365.369979166667,18.1372407428571,0.389969345238095,8.5978835978836e-06,3.23371726190476,2000,26
"27",189,12.0171428571429,18.3628571428571,14.8309226190476,363.566068452381,13.4429829428571,0.260755952380952,6.63029100529101e-05,2.94841071428571,2000,27
"28",196,8.87,13.6457142857143,11.17875,361.887770833333,12.4096654285714,0.21631755952381,4.31547619047619e-05,3.8365625,2000,28
"29",203,9.16,14.5442857142857,11.7180952380952,360.682077380952,13.7250455142857,0.275575892857143,3.47222222222222e-06,3.10621428571429,2000,29
"30",210,12.0328571428571,17.7342857142857,14.6983333333333,365.424913690476,13.6206655714286,0.293533035714286,1.12433862433862e-05,2.78936011904762,2000,30
"31",217,12.5014285714286,19.9,16.035744047619,363.858755952381,17.9633949428571,0.513909226190476,1.5542328042328e-05,3.05921428571429,2000,31
"32",224,13.4928571428571,19.8014285714286,16.4205952380952,362.994017857143,16.7542032857143,0.510772916666667,8.92857142857143e-06,2.50365773809524,2000,32
"33",231,14.7497142857143,24.8022857142857,20.009875,361.214291666667,19.2542883428571,0.906251785714286,4.2989417989418e-06,1.93325595238095,2000,33
"34",238,12.8728571428571,20.1371428571429,16.3421130952381,363.20024702381,16.3670662285714,0.500247916666667,6.97751322751323e-05,2.46510119047619,2000,34
"35",245,11.7148571428571,19.4185714285714,15.3568928571429,359.271705357143,16.0301373428571,0.555317857142857,2.97619047619048e-06,2.23057738095238,2000,35
"36",252,9.71628571428571,14.0904285714286,11.7292886904762,360.292244047619,9.1080846,0.224018154761905,1.81878306878307e-05,3.74941964285714,2000,36
"37",259,13.3952857142857,20.2154285714286,16.55675,367.8669375,12.9956078571429,0.446925892857143,1.76917989417989e-05,2.1085625,2000,37
"38",266,7.89857142857143,13.4057142857143,10.0806547619048,370.016592261905,6.7864698,0.135766071428571,0,2.80587797619048,2000,38
"39",273,10.0014285714286,16.0171428571429,12.8952083333333,365.747452380952,10.8474976285714,0.27340744047619,3.30687830687831e-07,2.87482142857143,2000,39
"40",280,9.76285714285714,15.0128571428571,12.1935714285714,362.515116071429,8.52275288571428,0.255065773809524,6.11772486772487e-06,2.24197619047619,2000,40
"41",287,5.72285714285714,10.01,7.81592261904762,360.52518452381,5.75865617142857,0.179178571428571,2.3478835978836e-05,3.08702380952381,2000,41
"42",294,8.21285714285714,12.5714285714286,10.2162797619048,373.281541666667,5.31128571428571,0.179828571428571,1.19047619047619e-05,2.68719642857143,2000,42
"43",301,7.21857142857143,12.7085714285714,10.0426488095238,370.841949404762,6.04634194285714,0.254636607142857,1.35582010582011e-05,3.98966964285714,2000,43
"44",308,5.91714285714286,10.1414285714286,8.15241071428571,364.83325,3.31642594285714,0.216436607142857,3.63756613756614e-05,4.29019345238095,2000,44
"45",315,3.24714285714286,6.99571428571429,5.05693452380952,366.937705357143,3.82715202857143,0.160218154761905,1.04166666666667e-05,3.49588988095238,2000,45
"46",322,3.86428571428571,7.32857142857143,5.66366071428571,368.403958333333,3.129732,0.154694345238095,1.66997354497354e-05,3.17439583333333,2000,46
"47",329,2.90142857142857,6.4,4.56261904761905,369.145482142857,2.81562222857143,0.154636607142857,4.79497354497355e-06,3.32518452380952,2000,47
"48",336,3.61285714285714,7.72428571428571,5.60372023809524,371.845008928571,2.68623642857143,0.11014880952381,8.43253968253968e-06,3.3203244047619,2000,48
"49",343,4.55714285714286,8.57,6.2321130952381,377.384270833333,2.86464857142857,0.142346726190476,0,3.1555119047619,2000,49
"50",350,5.07,8.46,6.92205357142857,367.059866071429,1.88276374285714,0.182001488095238,1.93452380952381e-05,4.80077678571429,2000,50
"51",357,-4.46,-1.72714285714286,-2.92857142857143,375.741163690476,1.7456958,0.0368901785714286,4.46428571428571e-06,3.4408125,2000,51
"52",366,-3.28111111111111,0.211111111111111,-1.66034722222222,376.630467592593,2.0612248,0.0548375,1.76183127572016e-05,3.57940277777778,2000,52
"53",7,1.32285714285714,5.50285714285714,3.450625,367.040455357143,1.55942948571429,0.120066369047619,1.38888888888889e-05,3.89321428571429,2001,53
"54",14,-3.73857142857143,-0.984285714285714,-2.28502976190476,375.931511904762,1.84496914285714,0.0346580357142857,6.4484126984127e-06,2.59441369047619,2001,54
"55",21,-6.08571428571429,-1.89714285714286,-4.04625,384.718607142857,3.0332646,0.063272619047619,1.65343915343915e-07,2.13941369047619,2001,55
"56",28,0.802857142857143,4.66714285714286,2.47690476190476,371.008476190476,2.80967065714286,0.0907169642857143,1.70304232804233e-05,3.57259821428571,2001,56
"57",35,-3.66428571428571,-0.235714285714286,-1.82005952380952,374.774964285714,2.58199842857143,0.0399488095238095,3.04232804232804e-05,2.01239285714286,2001,57
"58",42,3.86857142857143,8.83571428571429,6.14386904761905,368.9701875,4.2548922,0.259366964285714,1.20701058201058e-05,3.90253571428571,2001,58
"59",49,1.36571428571429,6.89285714285714,4.07020833333333,372.144008928571,6.32048194285714,0.209209226190476,7.44047619047619e-06,2.6359880952381,2001,59
"60",56,-2.86142857142857,0.57,-1.05345238095238,371.710294642857,4.56417257142857,0.0859818452380952,1.33928571428571e-05,4.00507142857143,2001,60
"61",63,-3.32571428571429,0.938571428571429,-1.39154761904762,377.272360119048,6.71832797142857,0.1060625,1.66997354497354e-05,2.80431845238095,2001,61
"62",70,1.74285714285714,6.05428571428571,3.66571428571429,378.013678571429,6.35055428571429,0.104807142857143,1.22354497354497e-05,2.86144047619048,2001,62
"63",77,2.18,6.81571428571429,4.29678571428571,378.362672619048,4.75309157142857,0.101939880952381,4.53042328042328e-05,3.27791071428571,2001,63
"64",84,-1.65571428571429,4.99142857142857,1.41035714285714,378.818592261905,5.70487577142857,0.0848065476190476,6.38657407407407e-05,3.43363095238095,2001,64
"65",91,0.465714285714286,6.26285714285714,3.24758928571429,375.688244047619,8.96929122857143,0.205184523809524,7.27513227513228e-06,2.64323214285714,2001,65
"66",98,5.81,11.9785714285714,8.79857142857143,373.601389880952,11.7583230857143,0.400266666666667,1.43849206349206e-05,3.25725595238095,2001,66
"67",105,0.271428571428572,5.94571428571429,2.97389880952381,372.231666666667,12.0790154571429,0.17450744047619,1.85185185185185e-05,3.14764880952381,2001,67
"68",112,0.292857142857143,5.04571428571429,2.46116071428571,369.501092261905,9.20848577142857,0.164270535714286,1.19047619047619e-05,3.12709226190476,2001,68
"69",119,5.84428571428571,11.76,8.69464285714286,369.529044642857,12.5209195714286,0.327762797619048,1.5707671957672e-05,2.86790476190476,2001,69
"70",126,8.32142857142857,16.1214285714286,12.2039285714286,368.161666666667,15.8452539428571,0.424247619047619,2.79431216931217e-05,3.27984821428571,2001,70
"71",133,8.47714285714286,16.1957142857143,12.6133035714286,365.796223214286,21.9274482857143,0.559747619047619,9.92063492063492e-07,2.72220833333333,2001,71
"72",140,9.60285714285714,16.2628571428571,12.4618452380952,369.559910714286,17.9208244285714,0.490966071428571,1.42195767195767e-05,3.19353273809524,2001,72
"73",147,10.4357142857143,18.3628571428571,14.5883630952381,363.739633928571,24.8673844285714,0.81585,0,2.50522619047619,2001,73
"74",154,8.71285714285714,15.4942857142857,12.2323511904762,370.916636904762,15.9942502285714,0.415322619047619,9.92063492063492e-07,3.9728005952381,2001,74
"75",161,7.61285714285714,13.3242857142857,10.3178571428571,368.258017857143,13.7632790571429,0.289785119047619,1.53769841269841e-05,2.91235119047619,2001,75
"76",168,9.97857142857143,17.24,13.5368452380952,361.455523809524,20.3216837142857,0.486006547619048,1.32275132275132e-06,2.5845625,2001,76
"77",175,9.44571428571428,15.4828571428571,12.3765476190476,361.924526785714,17.1162874285714,0.407074404761905,1.32275132275132e-06,3.09836904761905,2001,77
"78",182,13.6042857142857,22.1185714285714,17.9933333333333,361.506657738095,22.4431930285714,0.703486607142857,3.63756613756614e-06,2.48339880952381,2001,78
"79",189,13.6914285714286,21.2542857142857,17.5838988095238,364.325592261905,22.6641003428571,0.674695238095238,0,3.21760119047619,2001,79
"80",196,11.5114285714286,18.1871428571429,14.7332738095238,362.821851190476,16.3767396857143,0.426585119047619,4.44775132275132e-05,3.33547321428571,2001,80
"81",203,11.3185714285714,17.7885714285714,14.4706547619048,357.756764880952,19.8549303428571,0.466729761904762,3.40608465608466e-05,2.61784821428571,2001,81
"82",210,18.07,25.3471428571429,21.6333928571429,360.824113095238,24.2620398,1.1688369047619,0,1.88016369047619,2001,82
"83",217,14.6928571428571,22.4142857142857,18.426755952381,363.878949404762,18.1188,0.722838690476191,3.30687830687831e-07,3.08803273809524,2001,83
"84",224,11.5371428571429,17.3571428571429,14.4450744047619,372.329035714286,14.4004798285714,0.399361607142857,1.58730158730159e-05,3.79447916666667,2001,84
"85",231,17.0985714285714,24.9228571428571,21.0767857142857,368.141892857143,17.815203,1.00788392857143,3.96825396825397e-06,2.72881845238095,2001,85
"86",238,17.42,24.8357142857143,21.0577083333333,365.248086309524,16.7105039142857,0.989506845238095,1.27314814814815e-05,2.10747321428571,2001,86
"87",245,10.4128571428571,18.5257142857143,14.4254464285714,363.796946428571,14.5203253714286,0.537158928571429,1.00859788359788e-05,2.93740476190476,2001,87
"88",252,8.63142857142857,13.0371428571429,10.5916666666667,363.314848214286,7.53496842857143,0.138962797619048,7.90343915343915e-05,4.21664880952381,2001,88
"89",259,7.93285714285714,10.68,9.15020833333333,363.625327380952,5.49424337142857,0.11500505952381,5.6712962962963e-05,4.101875,2001,89
"90",266,6.84714285714286,12.1042857142857,9.2135119047619,363.040196428571,8.80819585714286,0.198552380952381,1.30621693121693e-05,3.33213392857143,2001,90
"91",273,9.10285714285714,13.8285714285714,11.398125,368.1031875,7.02316362857143,0.18872380952381,1.5542328042328e-05,2.814875,2001,91
"92",280,11.0871428571429,16.4071428571429,13.6869047619048,388.688357142857,6.43244014285714,0.262452678571429,1.5542328042328e-05,3.2923244047619,2001,92
"93",287,10.3714285714286,16.6357142857143,13.3227083333333,388.984854166667,8.91671528571429,0.423248214285714,1.65343915343915e-06,3.8074494047619,2001,93
"94",294,8.79428571428571,13.23,11.0145535714286,391.860035714286,6.86401302857143,0.151203869047619,1.32275132275132e-06,2.24008333333333,2001,94
"95",301,8.30285714285714,11.3114285714286,9.69723214285714,379.185166666667,4.12870808571429,0.103077678571429,5.12566137566138e-06,3.12770535714286,2001,95
"96",308,5.46571428571429,10.1771428571429,7.88127976190476,374.783910714286,5.02618242857143,0.196731547619048,2.97619047619048e-06,4.19783630952381,2001,96
"97",315,-0.242857142857143,4.33714285714286,2.20895833333333,373.297952380952,3.32653602857143,0.108795833333333,3.88558201058201e-05,3.90941071428571,2001,97
"98",322,0.287142857142857,3.83714285714286,1.97714285714286,374.573357142857,3.67457708571429,0.0819994047619048,3.96825396825397e-06,2.20620535714286,2001,98
"99",329,1.05857142857143,3.65,2.3778869047619,370.91750297619,2.11170342857143,0.0666633928571429,9.25925925925926e-06,3.68752380952381,2001,99
"100",336,2.95571428571429,5.04142857142857,3.85744047619048,377.328232142857,1.08659905714286,0.0360467261904762,2.13293650793651e-05,2.93640773809524,2001,100
"101",343,-1.18428571428571,2.96571428571429,1.13699404761905,381.050172619048,0.989532,0.0408327380952381,1.38888888888889e-05,2.93427678571429,2001,101
"102",350,-6.64785714285714,-1.82714285714286,-3.80701785714286,384.197023809524,1.84958537142857,0.0669619047619048,6.61375661375661e-07,2.45164285714286,2001,102
"103",357,-5.99714285714286,-0.725571428571429,-3.34830654761905,377.72024702381,1.79579622857143,0.0425348214285714,3.3234126984127e-05,4.04597916666667,2001,103
"104",365,-4.475125,-0.24475,-2.12879947916667,376.525044270833,1.6846074,0.0751598958333333,2.37268518518519e-05,5.18597916666667,2001,104
"105",7,-11.4777142857143,-2.55328571428571,-6.61566964285714,376.10269047619,2.91434374285714,0.072635119047619,7.93650793650794e-06,2.80043452380952,2002,105
"106",14,-5.05942857142857,-1.899,-3.23870238095238,374.492291666667,2.20133597142857,0.0298166666666667,2.76124338624339e-05,1.8735119047619,2002,106
"107",21,-2.76714285714286,-0.00571428571428566,-1.31997023809524,373.515738095238,1.09478185714286,0.0264833333333333,1.04166666666667e-05,3.6406994047619,2002,107
"108",28,4.27714285714286,7.64428571428571,5.865625,372.37424702381,2.49577277142857,0.165858928571429,4.26587301587302e-05,5.3673869047619,2002,108
"109",35,6.30142857142857,11.3411428571429,8.61040476190476,374.406333333333,5.56401214285714,0.420605952380952,1.65343915343915e-07,5.10482738095238,2002,109
"110",42,3.72,7.49714285714286,5.85880952380952,375.787479166667,2.23164128571429,0.155570535714286,2.23214285714286e-05,5.08213095238095,2002,110
"111",49,-0.714285714285714,4.71857142857143,1.86241071428571,379.898104166667,5.82677125714286,0.14441130952381,2.41402116402116e-05,4.14593452380952,2002,111
"112",56,-1.85142857142857,2.62714285714286,0.161845238095238,375.623681547619,3.09057351428571,0.0671464285714286,7.6223544973545e-05,4.89647916666667,2002,112
"113",63,0.652857142857143,5.39714285714286,2.85047619047619,373.431943452381,5.80591671428571,0.194289583333333,2.51322751322751e-05,4.32135714285714,2002,113
"114",70,2.21428571428571,8.22285714285714,5.40702380952381,375.058866071429,9.78835628571429,0.312979166666667,1.12433862433862e-05,4.51099702380952,2002,114
"115",77,2.23571428571429,7.96428571428571,5.23446428571429,381.023505952381,8.19751191428571,0.263302083333333,5.80357142857143e-05,2.84635416666667,2002,115
"116",84,1.19571428571429,5.90714285714286,3.36488095238095,376.45981547619,5.83042937142857,0.155562202380952,5.10912698412698e-05,3.47283333333333,2002,116
"117",91,1.92714285714286,9.29714285714286,5.55636904761905,377.397380952381,15.3459108,0.469675297619048,0,2.26215773809524,2002,117
"118",98,0.2,8.68857142857143,4.43764880952381,377.690226190476,18.8504894571429,0.412538392857143,0,3.57629761904762,2002,118
"119",105,1.72571428571429,6.38142857142857,4.02122023809524,382.951077380952,8.72201674285714,0.168803273809524,4.99338624338624e-05,3.28910416666667,2002,119
"120",112,4.71428571428571,10.1142857142857,7.37714285714286,374.043154761905,12.3454818,0.276729166666667,9.25925925925926e-06,2.00493452380952,2002,120
"121",119,6.13857142857143,11.76,8.83375,378.646169642857,10.7095237714286,0.253578869047619,5.35714285714286e-05,3.77548511904762,2002,121
"122",126,6.58285714285714,10.5314285714286,8.41232142857143,377.190386904762,8.17458737142857,0.20898125,7.07671957671958e-05,2.78207738095238,2002,122
"123",133,10.38,16.8042857142857,13.325625,371.490053571429,14.9070813428571,0.284784821428571,1.33928571428571e-05,2.19910714285714,2002,123
"124",140,10.2942857142857,17.8457142857143,14.4086011904762,367.289226190476,20.8562106857143,0.561120535714286,1.53769841269841e-05,2.86080654761905,2002,124
"125",147,9.86,17.1542857142857,13.5542261904762,369.950991071429,15.5445768,0.442867261904762,6.03505291005291e-05,2.61880357142857,2002,125
"126",154,9.24714285714286,16.5271428571429,12.9222916666667,366.252303571429,23.7401452285714,0.55475744047619,2.57936507936508e-05,2.69471726190476,2002,126
"127",161,12.5628571428571,18.2271428571429,15.1424107142857,366.515005952381,13.3585907142857,0.439569642857143,6.38227513227513e-05,2.6030625,2002,127
"128",168,12.8757142857143,19.6542857142857,16.1941369047619,366.640113095238,15.6134103428571,0.508966369047619,1.70304232804233e-05,2.98084226190476,2002,128
"129",175,15.4557142857143,22.42,18.6533035714286,367.657127976191,17.0915135142857,0.624028869047619,1.07473544973545e-05,2.22826785714286,2002,129
"130",182,11.1357142857143,17.8385714285714,14.3463095238095,363.308241071429,21.6445397142857,0.66025625,1.33928571428571e-05,3.06844047619048,2002,130
"131",189,12.0828571428571,18.36,15.4815476190476,363.13100297619,17.0052842571429,0.578839880952381,5.62169312169312e-06,3.32785119047619,2002,131
"132",196,13.4742857142857,21.11,17.5101488095238,368.409160714286,16.2724160571429,0.611986904761905,5.0760582010582e-05,2.45477380952381,2002,132
"133",203,11.6928571428571,16.6757142857143,14.2722321428571,363.91025297619,11.9628408857143,0.355531547619048,6.43187830687831e-05,3.46305654761905,2002,133
"134",210,13.57,19.9885714285714,16.7569047619048,362.771098214286,16.2968772857143,0.639040773809524,1.22354497354497e-05,2.86332142857143,2002,134
"135",217,15.8614285714286,23.0557142857143,19.2291964285714,365.32419047619,16.5746306571429,0.749809226190476,2.28174603174603e-05,2.34581845238095,2002,135
"136",224,13.2228571428571,18.2728571428571,15.6868452380952,370.749675595238,11.2080260571429,0.309730952380952,8.66402116402116e-05,2.41824404761905,2002,136
"137",231,15.9728571428571,22.6442857142857,19.0708035714286,363.061907738095,17.3256006857143,0.704051488095238,2.61243386243386e-05,2.38368154761905,2002,137
"138",238,15.3957142857143,22.5985714285714,18.5961607142857,369.186547619048,16.3692462857143,0.563091964285714,6.77910052910053e-06,2.2413125,2002,138
"139",245,14.6814285714286,21.1514285714286,17.8366071428571,361.952705357143,15.7827903428571,0.55809494047619,2.61243386243386e-05,2.35053869047619,2002,139
"140",252,12.5928571428571,20.7114285714286,16.7571726190476,367.186380952381,16.6104725142857,0.666081845238095,6.61375661375661e-06,2.5643869047619,2002,140
"141",259,9.79,15.47,12.4489285714286,369.928392857143,11.487276,0.331388095238095,2.64550264550265e-05,2.8416994047619,2002,141
"142",266,8.43714285714286,12.5332857142857,10.375556547619,366.393419642857,6.95409248571429,0.23464880952381,1.98412698412698e-05,2.56047023809524,2002,142
"143",273,5.62857142857143,10.6957142857143,8.19440476190476,363.541610119048,10.0874062285714,0.250855952380952,2.20949074074074e-05,2.90272916666667,2002,143
"144",280,7.82142857142857,11.69,9.86907738095238,367.4085,7.22991857142857,0.246027678571429,5.78703703703704e-05,3.047,2002,144
"145",287,0.648571428571429,5.84857142857143,3.20452380952381,375.012113095238,5.33279674285714,0.113195238095238,1.15740740740741e-06,3.75750297619048,2002,145
"146",294,4.52,9.32285714285714,6.84986904761905,373.025672619048,4.4754336,0.132024404761905,4.08399470899471e-05,3.82266071428571,2002,146
"147",301,5.89142857142857,10.6342857142857,8.10889880952381,371.893598214286,3.54271834285714,0.218774107142857,6.72949735449735e-05,4.79423214285714,2002,147
"148",308,2.28571428571429,7.76428571428571,5.1897619047619,381.722744047619,2.836746,0.0902333333333333,6.86177248677249e-05,2.79522916666667,2002,148
"149",315,-0.298571428571429,3.29857142857143,1.49285714285714,377.413586309524,3.88066602857143,0.0837154761904762,5.80357142857143e-05,3.50728869047619,2002,149
"150",322,5.5,8.89857142857143,6.8664880952381,383.815416666667,3.06134768571429,0.152382142857143,6.77910052910053e-06,2.90775297619048,2002,150
"151",329,2.03714285714286,6.51714285714286,4.22348214285714,386.269708333333,2.15376685714286,0.0887943452380952,7.60582010582011e-06,2.26472619047619,2002,151
"152",336,4.33142857142857,6.64428571428571,5.39339285714286,386.770104166667,1.39918062857143,0.0939264880952381,6.4484126984127e-05,2.40150892857143,2002,152
"153",343,-4.72,-1.83857142857143,-3.30806547619048,393.655086309524,0.955267714285714,0.0254419642857143,5.95238095238095e-06,3.66245833333333,2002,153
"154",350,-8.96428571428572,-4.41,-6.98953869047619,392.3611875,1.31004308571429,0.0248982142857143,5.45634920634921e-06,2.79002083333333,2002,154
"155",357,-2.86571428571429,-0.0142857142857143,-1.55532738095238,390.945357142857,1.40575345714286,0.0268532738095238,4.71230158730159e-05,2.55059821428571,2002,155
"156",365,-0.275,4.445,2.09528645833333,376.0327578125,1.154673,0.0653276041666667,7.43634259259259e-05,3.33525520833333,2002,156
"157",7,-4.80857142857143,1.06428571428571,-2.06681547619048,386.008532738095,1.61800534285714,0.0558818452380952,3.67063492063492e-05,3.53688392857143,2003,157
"158",14,-9.73142857142857,-5.83,-7.64580357142857,378.020842261905,1.65033205714286,0.0271002976190476,9.58994708994709e-06,3.84188095238095,2003,158
"159",21,0.195714285714286,3.26142857142857,1.66264880952381,381.046806547619,2.76513197142857,0.109807738095238,8.26719576719577e-07,4.39432738095238,2003,159
"160",28,-0.314285714285714,3.86714285714286,1.66202380952381,384.486505952381,2.41876748571429,0.0682815476190476,1.7526455026455e-05,4.33060119047619,2003,160
"161",35,-4.65571428571429,-1.56714285714286,-3.14904761904762,391.173735119048,2.97958525714286,0.0313755952380952,3.38955026455026e-05,3.65230357142857,2003,161
"162",42,-4.91285714285714,-2.22714285714286,-3.60645833333333,394.397666666667,2.92587891428571,0.02665,1.24007936507937e-05,2.5133125,2003,162
"163",49,-9.06714285714286,-5.51142857142857,-7.15544642857143,388.08999702381,4.73360297142857,0.0521178571428571,4.96031746031746e-07,3.03664880952381,2003,163
"164",56,-5.34285714285714,-0.561428571428571,-2.69747023809524,386.165532738095,6.89751668571429,0.129424702380952,0,2.43273214285714,2003,164
"165",63,2.43857142857143,7.35,4.77232142857143,394.549285714286,6.26180657142857,0.272352380952381,1.71957671957672e-05,2.52669345238095,2003,165
"166",70,3.03857142857143,8.42,5.56127976190476,385.064410714286,6.52874785714286,0.225754761904762,1.7526455026455e-05,3.50037797619048,2003,166
"167",77,-0.381428571428571,4.86571428571429,2.0578869047619,383.393273809524,10.7144429142857,0.175190773809524,1.42195767195767e-05,2.84062797619048,2003,167
"168",84,0.82,9.10428571428571,4.74309523809524,382.214806547619,15.4885497428571,0.498727083333333,0,2.91380654761905,2003,168
"169",91,4.68714285714286,12.8914285714286,8.7428869047619,383.677324404762,15.6605091428571,0.426415476190476,6.4484126984127e-06,2.4468005952381,2003,169
"170",98,-1.64285714285714,3.29571428571429,1.124375,381.655336309524,13.3801135714286,0.235521130952381,7.60582010582011e-06,3.47069047619048,2003,170
"171",105,0.467142857142857,9.61571428571429,5.03482142857143,383.811398809524,19.1639046857143,0.491954761904762,0,2.61864285714286,2003,171
"172",112,4.68,13.7228571428571,9.02193452380952,383.633541666667,17.652294,0.520742857142857,1.80224867724868e-05,3.25021130952381,2003,172
"173",119,9.48428571428571,16.6914285714286,13.2312202380952,378.505839285714,15.7967421428571,0.720983630952381,1.09126984126984e-05,3.09242261904762,2003,173
"174",126,9.79714285714286,18.7028571428571,14.2391666666667,374.818214285714,18.145584,0.810634226190476,1.02513227513228e-05,3.35813392857143,2003,174
"175",133,9.04428571428571,16.2557142857143,12.6831845238095,376.996636904762,16.4917314,0.395756845238095,5.02645502645503e-05,2.27769345238095,2003,175
"176",140,6.74857142857143,12.7728571428571,9.61622023809524,376.040797619048,16.1639835428571,0.328458035714286,4.13359788359788e-05,2.91179166666667,2003,176
"177",147,10.3114285714286,16.1785714285714,13.3269642857143,369.250744047619,15.0703423714286,0.462100892857143,7.77116402116402e-06,3.1021875,2003,177
"178",154,14.7228571428571,22.2285714285714,18.7286607142857,363.741157738095,23.7444114857143,0.891013095238095,1.00859788359788e-05,2.05639285714286,2003,178
"179",161,15.5257142857143,24.7371428571429,20.1401785714286,370.107023809524,24.7573362857143,0.936969642857143,4.91071428571429e-05,2.1918869047619,2003,179
"180",168,14.0442857142857,21.2671428571429,17.5564583333333,369.895773809524,24.6299263714286,0.717358333333333,3.30687830687831e-07,2.15248511904762,2003,180
"181",175,12.6,20.1242857142857,16.3217261904762,368.433217261905,21.2787442285714,0.634035416666667,2.08333333333333e-05,3.40280952380952,2003,181
"182",182,12.58,20.4571428571429,16.6386011904762,363.717410714286,22.1566068,0.687869940476191,1.62037037037037e-05,2.65875892857143,2003,182
"183",189,11.5871428571429,17.33,14.1314285714286,367.344238095238,15.7719579428571,0.393677083333333,1.96759259259259e-05,3.17108035714286,2003,183
"184",196,12.7942857142857,21.17,17.0617261904762,365.914455357143,24.2449639714286,0.856761607142857,4.62962962962963e-06,2.54521428571429,2003,184
"185",203,17.0728571428571,25.8885714285714,21.7120833333333,372.376994047619,22.292001,1.29179464285714,8.26719576719577e-06,2.48215178571429,2003,185
"186",210,15.0442857142857,21.8371428571429,18.2091369047619,373.119020833333,16.4051555142857,0.627147023809524,2.28174603174603e-05,2.32364583333333,2003,186
"187",217,18.9914285714286,27.5385714285714,23.373244047619,366.089559523809,21.59298,1.52864345238095,0,1.73280654761905,2003,187
"188",224,19.56,30.4457142857143,25.1644047619048,368.890401785714,23.5995940285714,2.2403,1.65343915343915e-07,2.29197916666667,2003,188
"189",231,14.7014285714286,23.8585714285714,19.4658035714286,373.988839285714,19.4122239428571,1.15173839285714,7.10978835978836e-06,3.04261011904762,2003,189
"190",238,13.7671428571429,21.5185714285714,17.5285714285714,370.308845238095,18.9527091428571,0.908364583333333,4.96031746031746e-07,2.51946428571429,2003,190
"191",245,9.8,15.8028571428571,12.3203273809524,371.799005952381,11.6532997714286,0.3770125,5.19179894179894e-05,3.00859821428571,2003,191
"192",252,11.07,17.64,14.3603273809524,369.546089285714,13.5371656285714,0.595886309523809,1.28968253968254e-05,2.13989583333333,2003,192
"193",259,10.25,15.7114285714286,12.676130952381,375.7760625,12.2384589428571,0.374261011904762,6.08465608465609e-05,2.89327380952381,2003,193
"194",266,14.9657142857143,23.9885714285714,19.1194345238095,375.030610119048,14.8746312,1.28359107142857,1.07473544973545e-05,2.41507440476191,2003,194
"195",273,6.92714285714286,12.8942857142857,9.94178571428571,374.845797619048,9.6416388,0.346942857142857,1.3723544973545e-05,2.24595535714286,2003,195
"196",280,5.98571428571429,10.9314285714286,8.47205357142857,382.362083333333,5.67769165714286,0.164635119047619,4.82804232804233e-05,3.38983928571429,2003,196
"197",287,4.90857142857143,9.37,7.21318452380952,372.156080357143,7.59138377142857,0.203716369047619,3.30687830687831e-05,3.72445833333333,2003,197
"198",294,0.04,5.08428571428571,2.35672619047619,382.463321428571,7.9728282,0.130860119047619,2.64550264550265e-06,2.59573511904762,2003,198
"199",301,-1.01142857142857,2.42428571428571,0.758095238095238,381.554616071429,4.70502385714286,0.0985309523809524,6.11772486772487e-06,3.06062797619048,2003,199
"200",308,4.56714285714286,8.06857142857143,6.17934523809524,381.967163690476,3.06178868571429,0.184594642857143,3.42261904761905e-05,3.58023214285714,2003,200
"201",315,1.04857142857143,6.28142857142857,2.7598005952381,394.800383928571,4.24733888571429,0.0851065476190476,0,3.0508869047619,2003,201
"202",322,1.39571428571429,4.94142857142857,3.08404761904762,388.605208333333,2.88921291428571,0.0790958333333333,2.5462962962963e-05,3.59714880952381,2003,202
"203",329,6.96285714285714,10.7642857142857,8.88934523809524,389.747232142857,2.47468937142857,0.221091071428571,3.30687830687831e-06,3.786125,2003,203
"204",336,2.63857142857143,4.97571428571429,3.91928571428571,398.798523809524,2.16504694285714,0.0223845238095238,3.22420634920635e-05,2.3294880952381,2003,204
"205",343,-1.07571428571429,3.40714285714286,0.869821428571429,394.412080357143,2.82068151428571,0.0950639880952381,1.48809523809524e-06,2.62620535714286,2003,205
"206",350,-0.477142857142857,4.52428571428571,1.69052083333333,388.905047619048,2.31542254285714,0.0664580357142857,6.31613756613757e-05,4.85877678571429,2003,206
"207",357,-1.87714285714286,2.67,0.512113095238095,389.197797619048,2.5745526,0.0384544642857143,2.41402116402116e-05,4.45483333333333,2003,207
"208",365,-0.99625,2.365,0.531588541666667,388.8671171875,2.19969045,0.09431328125,2.02546296296296e-06,4.21971354166667,2003,208
"209",7,-5.37,-1.43571428571429,-3.52767857142857,392.491636904762,1.48412442857143,0.0147690476190476,1.30621693121693e-05,3.03008928571429,2004,209
"210",14,0.727142857142857,5.38428571428571,3.08875,385.020014880952,1.59449065714286,0.055147619047619,4.51388888888889e-05,4.00915476190476,2004,210
"211",21,-2.35285714285714,1.24428571428571,-0.368303571428571,385.429633928571,1.99670708571429,0.0513279761904762,2.66203703703704e-05,4.02673214285714,2004,211
"212",28,-5.40142857142857,-1.29714285714286,-3.55300595238095,396.31755952381,3.22515977142857,0.0480592261904762,1.65343915343915e-06,2.7426130952381,2004,212
"213",35,3.13857142857143,6.32714285714286,4.72205357142857,382.0054375,2.25600557142857,0.149110714285714,4.92724867724868e-05,5.7687619047619,2004,213
"214",42,1.76142857142857,6.17714285714286,3.61080357142857,383.662907738095,2.71251591428571,0.145112202380952,4.21626984126984e-05,5.19803869047619,2004,214
"215",49,-0.491428571428571,3.06571428571429,1.46925595238095,386.707601190476,4.15387928571429,0.0571410714285714,8.26719576719577e-07,2.62826785714286,2004,215
"216",56,-4.35428571428571,0.177142857142857,-2.23035714285714,386.032470238095,5.14760528571429,0.107928571428571,6.77910052910053e-06,3.78886011904762,2004,216
"217",63,-3.61,0.285714285714286,-1.88107142857143,388.503294642857,6.79092428571429,0.0866434523809524,1.15740740740741e-06,2.91897023809524,2004,217
"218",70,-4.36285714285714,0.161428571428571,-2.06672619047619,390.324199404762,7.3886202,0.0825208333333333,1.63690476190476e-05,2.74663988095238,2004,218
"219",77,3.81857142857143,9.25714285714286,6.38788690476191,388.598744047619,8.4199374,0.252591666666667,6.61375661375661e-07,3.49582738095238,2004,219
"220",84,4.59428571428571,9.96857142857143,7.15901785714286,386.226785714286,8.36407182857143,0.26434375,4.51388888888889e-05,4.42012797619048,2004,220
"221",91,-0.782857142857143,6.50714285714286,2.9803869047619,387.580285714286,13.0737715714286,0.289549404761905,9.92063492063492e-07,2.5179494047619,2004,221
"222",98,3.77714285714286,9.81714285714286,6.53354166666667,385.840892857143,9.6700464,0.249685119047619,2.33134920634921e-05,3.40184226190476,2004,222
"223",105,2.18428571428571,7.45857142857143,4.51529761904762,383.203011904762,11.6778103714286,0.177136011904762,1.60383597883598e-05,2.27125595238095,2004,223
"224",112,7.38,14.7314285714286,11.1924880952381,380.544345238095,16.685973,0.615072023809524,5.62169312169312e-06,2.538125,2004,224
"225",119,7.21142857142857,14.3528571428571,10.7086607142857,379.969505952381,18.1481109428571,0.417066071428571,1.35582010582011e-05,2.3678244047619,2004,225
"226",126,8.58857142857143,15.9814285714286,12.1059523809524,382.094773809524,15.9589200857143,0.338642857142857,7.07671957671958e-05,2.84209523809524,2004,226
"227",133,5.45571428571429,10.56,7.73101190476191,383.732419642857,10.8068554285714,0.115773511904762,0.000113921957671958,3.04415178571429,2004,227
"228",140,8.02857142857143,15.0971428571429,11.673869047619,372.919285714286,17.7696303428571,0.413152678571429,8.76322751322751e-06,2.47777976190476,2004,228
"229",147,4.66571428571429,11.5142857142857,8.16229166666667,377.996613095238,16.6149750857143,0.30085,1.73611111111111e-05,3.10424404761905,2004,229
"230",154,8.85571428571428,15.24,12.1753273809524,369.043068452381,18.8709410571429,0.452559226190476,1.32275132275132e-06,2.15883928571429,2004,230
"231",161,12.0614285714286,19.5128571428571,15.9281547619048,371.99144047619,18.5756592857143,0.57818630952381,5.20833333333333e-05,2.59221726190476,2004,231
"232",168,11.0542857142857,18.2457142857143,14.6009821428571,381.26255952381,18.9492608571429,0.414864880952381,9.75529100529101e-06,3.16592261904762,2004,232
"233",175,8.99571428571429,15.9842857142857,12.1100297619048,382.104285714286,18.2721972857143,0.308014880952381,4.24933862433862e-05,3.2662380952381,2004,233
"234",182,10.6814285714286,17.6571428571429,14.1025595238095,369.896300595238,21.3266910857143,0.537720535714286,2.11640211640212e-05,3.37363095238095,2004,234
"235",189,9.92,16.8785714285714,13.2824404761905,369.622797619048,19.7271246857143,0.386566071428571,5.29100529100529e-05,3.22687797619048,2004,235
"236",196,9.38142857142857,14.65,11.9677380952381,376.372151785714,11.3097715714286,0.185845833333333,4.61309523809524e-05,3.50436607142857,2004,236
"237",203,14.3357142857143,22.0014285714286,17.6817261904762,376.676482142857,17.4727447714286,0.388002678571429,4.82804232804233e-05,2.82929761904762,2004,237
"238",210,12.01,19.6228571428571,15.8727678571429,373.861616071429,16.9048540285714,0.419538690476191,5.48941798941799e-05,2.2667619047619,2004,238
"239",217,16.6157142857143,23.8628571428571,20.2463095238095,367.001764880952,22.62015,1.03528452380952,0,1.81722321428571,2004,239
"240",224,16.4785714285714,25.4842857142857,21.215744047619,371.382321428571,22.6122986571429,1.18802619047619,0,2.76890476190476,2004,240
"241",231,14.1085714285714,21.3371428571429,17.6816071428571,375.085973214286,14.8528175142857,0.486901190476191,1.86838624338624e-05,3.18502678571429,2004,241
"242",238,12.2342857142857,18.4714285714286,15.1104166666667,372.803452380952,13.7470672285714,0.411845535714286,4.16666666666667e-05,3.16063095238095,2004,242
"243",245,10.4814285714286,16.0842857142857,13.130625,374.622639880952,10.8009473142857,0.201948511904762,5.02645502645503e-05,3.29821130952381,2004,243
"244",252,14.08,21.9271428571429,17.7909821428571,371.164107142857,19.3404111428571,0.81461994047619,0,2.15564583333333,2004,244
"245",259,10.35,18.0028571428571,14.4711011904762,371.865741071429,13.7748821142857,0.589219345238095,8.26719576719577e-06,3.49074404761905,2004,245
"246",266,8.97428571428571,14.4585714285714,11.7735416666667,375.891113095238,11.0843202857143,0.390341071428571,2.43055555555556e-05,3.58660119047619,2004,246
"247",273,7.64428571428571,11.2042857142857,9.35657738095238,380.705077380952,4.01785714285714,0.0523702380952381,4.91071428571429e-05,3.6970119047619,2004,247
"248",280,9.37428571428571,15.9157142857143,12.4924107142857,373.35500297619,9.06937765714286,0.318519642857143,5.45634920634921e-06,2.76202976190476,2004,248
"249",287,3.26428571428571,9.50571428571429,6.2525,375.424375,8.99779011428571,0.202852678571429,8.26719576719577e-07,2.88346428571429,2004,249
"250",294,4.34714285714286,9.58142857142857,6.89601190476191,376.970208333333,4.46698825714286,0.13404494047619,1.30621693121693e-05,2.88163392857143,2004,250
"251",301,8.54857142857143,14.0771428571429,11.5133035714286,377.196916666667,7.02201008571429,0.32518125,6.94444444444444e-06,3.49137797619048,2004,251
"252",308,6.89428571428571,10.7614285714286,8.61690476190476,392.835476190476,2.97869657142857,0.0829735119047619,5.78703703703704e-06,2.55228869047619,2004,252
"253",315,2.39,4.75428571428571,3.55125,389.650443452381,2.84383748571429,0.0625520833333333,2.5462962962963e-05,2.91031547619048,2004,253
"254",322,0.578571428571429,3.62285714285714,1.88300595238095,387.163392857143,2.03044294285714,0.0161866071428571,1.24007936507937e-05,3.81443452380952,2004,254
"255",329,-0.482857142857143,4.29142857142857,1.76029761904762,378.462985119048,1.99896608571429,0.0487464285714286,0.000103505291005291,4.01411607142857,2004,255
"256",336,0.6,3.83428571428571,2.2341369047619,389.565919642857,1.96145485714286,0.0713684523809524,4.79497354497355e-06,3.23302083333333,2004,256
"257",343,-0.947142857142857,1.86142857142857,0.472946428571429,396.93243452381,1.54618328571429,0.0287303571428571,0,1.78922023809524,2004,257
"258",350,-4.56285714285714,0.0628571428571428,-2.376875,412.260044642857,2.74201662857143,0.0575404761904762,1.65343915343915e-07,2.30702380952381,2004,258
"259",357,-3.80571428571429,0.347142857142857,-1.74925595238095,400.629160714286,2.88478542857143,0.0514008928571429,2.56283068783069e-05,4.19633333333333,2004,259
"260",366,-0.58,2.47333333333333,0.88287037037037,378.325185185185,1.0621856,0.027081712962963,1.32458847736626e-05,4.46607407407407,2004,260
"261",7,1.94,5.06857142857143,3.38324404761905,380.722392857143,1.23935914285714,0.0852351190476191,1.27314814814815e-05,5.38908333333333,2005,261
"262",14,2.54714285714286,6.04428571428571,4.34758928571429,383.510178571429,2.08464042857143,0.125914583333333,4.13359788359788e-06,4.84800297619048,2005,262
"263",21,-0.885714285714286,2.80714285714286,0.872559523809524,387.597863095238,2.55784062857143,0.0877508928571429,4.51388888888889e-05,4.73461904761905,2005,263
"264",28,-4.94285714285714,-2.56285714285714,-3.89970238095238,387.632767857143,3.05057494285714,0.0520065476190476,3.02579365079365e-05,3.42907142857143,2005,264
"265",35,-2.80571428571429,0.105714285714286,-1.32291666666667,387.77094047619,2.94790551428571,0.0709452380952381,1.86838624338624e-05,3.83048214285714,2005,265
"266",42,-4.16,-0.137142857142857,-1.86270833333333,396.368392857143,4.9980474,0.0749821428571429,2.74470899470899e-05,3.02441369047619,2005,266
"267",49,-3.67428571428571,-0.0985714285714284,-1.93827380952381,383.65555952381,3.13212548571429,0.0489217261904762,4.59656084656085e-05,4.04431845238095,2005,267
"268",56,-5.05428571428571,-2.03571428571429,-3.62425595238095,389.184345238095,5.07261754285714,0.0429196428571429,1.43849206349206e-05,2.93611607142857,2005,268
"269",63,-8.33428571428571,-3.83571428571429,-5.96830357142857,388.08425297619,9.81226414285714,0.103409226190476,8.92857142857143e-06,3.33266666666667,2005,269
"270",70,-5.06428571428571,-0.714285714285714,-2.75488095238095,386.949928571429,7.38903857142857,0.0664982142857143,1.62037037037037e-05,3.32811011904762,2005,270
"271",77,3.15857142857143,8.79714285714286,5.63229166666667,383.927732142857,10.6451863714286,0.269545833333333,3.19113756613757e-05,4.23395535714286,2005,271
"272",84,1.77142857142857,10.1742857142857,5.88901785714286,388.584107142857,11.8764943714286,0.24500625,2.08333333333333e-05,2.59119642857143,2005,272
"273",91,2.91285714285714,9.62142857142857,6.10110119047619,394.02869047619,11.1411288,0.16884880952381,1.15740740740741e-06,2.70840178571429,2005,273
"274",98,5.35571428571429,12.8271428571429,9.23235119047619,382.02494047619,14.8210053428571,0.548464583333333,1.60383597883598e-05,2.78305357142857,2005,274
"275",105,4.79142857142857,10.4585714285714,7.80008928571429,382.345595238095,10.873521,0.322685714285714,5.29100529100529e-06,2.21949702380952,2005,275
"276",112,5.21285714285714,12.3542857142857,8.75020833333333,380.290833333333,16.4794487142857,0.38278869047619,2.39748677248677e-05,2.94455654761905,2005,276
"277",119,5.43714285714286,12.0214285714286,8.69434523809524,381.145041666667,13.5988997142857,0.313641369047619,2.69510582010582e-05,2.6351875,2005,277
"278",126,10.5714285714286,17.5714285714286,13.84875,377.220119047619,16.8990642,0.594919345238095,1.71957671957672e-05,2.95924404761905,2005,278
"279",133,2.18428571428571,9.45428571428571,5.50008928571429,379.874479166667,18.5868648,0.207388392857143,3.27380952380952e-05,3.14010416666667,2005,279
"280",140,5.41285714285714,12.2928571428571,8.70199404761905,376.941202380952,15.8625141428571,0.343,5.72089947089947e-05,2.43652976190476,2005,280
"281",147,12.5128571428571,19.7842857142857,16.2406845238095,374.539488095238,20.2738546285714,0.708749702380952,2.89351851851852e-05,2.78912202380952,2005,281
"282",154,11.3271428571429,19.5214285714286,15.6016071428571,373.914672619048,22.2714853714286,0.734548511904762,2.16600529100529e-05,2.92990178571429,2005,282
"283",161,7.16428571428571,13.11,10.2205357142857,374.302610119048,16.9812133714286,0.306184226190476,2.33134920634921e-05,3.25552678571429,2005,283
"284",168,10.3685714285714,17.0428571428571,13.8446726190476,371.215625,18.4153188857143,0.556342857142857,1.65343915343915e-06,2.61446130952381,2005,284
"285",175,15.2571428571429,23.6142857142857,19.5733333333333,367.252761904762,27.4322944285714,0.982794345238095,0,2.13463392857143,2005,285
"286",182,13.7814285714286,20.3814285714286,17.0314583333333,373.770148809524,16.9556207142857,0.505669940476191,9.19312169312169e-05,2.19502678571429,2005,286
"287",189,11.4771428571429,18.5128571428571,14.8864880952381,373.997178571429,17.2141498285714,0.417599107142857,2.19907407407407e-05,2.51230654761905,2005,287
"288",196,15.8742857142857,24.0528571428571,20.0102380952381,363.232113095238,24.3291929142857,1.01790863095238,1.38888888888889e-05,2.41138095238095,2005,288
"289",203,11.95,18.9714285714286,15.4215178571429,370.472630952381,17.5058614285714,0.51875,4.71230158730159e-05,3.52969345238095,2005,289
"290",210,13.6571428571429,22.0914285714286,17.7877083333333,374.312348214286,17.3552302285714,0.550038095238095,5.19179894179894e-05,2.69102976190476,2005,290
"291",217,11.6271428571429,18.7571428571429,15.1346726190476,370.873276785714,16.2766977428571,0.455898214285714,1.62037037037037e-05,2.92703869047619,2005,291
"292",224,9.20285714285714,15.0371428571429,11.6282142857143,370.388125,14.1674405142857,0.209855357142857,3.60449735449735e-05,3.34289285714286,2005,292
"293",231,11.85,18.8342857142857,15.2179761904762,367.136571428571,15.7368684857143,0.426980654761905,1.73611111111111e-05,2.71379166666667,2005,293
"294",238,12.72,18.0885714285714,15.1787797619048,367.665833333333,9.61459174285714,0.249122619047619,4.1005291005291e-05,2.95446726190476,2005,294
"295",245,14.2942857142857,22.6957142857143,18.5333928571429,366.914443452381,19.6959517714286,0.808398214285714,2.5297619047619e-05,2.12208928571429,2005,295
"296",252,16.0142857142857,23.6,19.8640476190476,371.672738095238,17.9352987428571,1.03169285714286,1.65343915343915e-07,2.21672321428571,2005,296
"297",259,12.3957142857143,17.47,14.797380952381,375.966744047619,7.84441542857143,0.252963095238095,5.12566137566138e-05,2.64437797619048,2005,297
"298",266,7.85714285714286,14.9585714285714,11.228125,373.671041666667,16.3661472,0.435901488095238,4.96031746031746e-07,2.16929464285714,2005,298
"299",273,10.7085714285714,15.4457142857143,12.8935119047619,373.550258928571,9.2550906,0.372598214285714,2.57936507936508e-05,2.94658630952381,2005,299
"300",280,8.62142857142857,12.3042857142857,10.2578869047619,382.754672619048,5.07331928571429,0.0858627976190476,2.24867724867725e-05,3.32025,2005,300
"301",287,7.91285714285714,15.3657142857143,11.650625,381.264729166667,11.289708,0.297725892857143,0,2.06841369047619,2005,301
"302",294,4.36,11.0142857142857,7.78818452380952,384.630488095238,9.24808628571428,0.203255654761905,1.15740740740741e-05,3.12089880952381,2005,302
"303",301,10.3185714285714,15.1328571428571,12.4506547619048,381.653720238095,5.59543988571429,0.238103273809524,3.35648148148148e-05,3.73535714285714,2005,303
"304",308,8.43428571428571,14.1428571428571,11.094375,393.17675,5.50358742857143,0.248417857142857,3.96825396825397e-06,2.86670535714286,2005,304
"305",315,5.42142857142857,9.38,7.35345238095238,390.54812202381,4.49402271428571,0.172726488095238,1.04166666666667e-05,3.55487202380952,2005,305
"306",322,1.64857142857143,5.24714285714286,3.43199404761905,393.191616071429,2.93764242857143,0.0742550595238095,2.76124338624339e-05,3.14355357142857,2005,306
"307",329,-2.16,0.888571428571429,-0.529910714285714,391.969889880952,2.00950071428571,0.0338363095238095,1.86838624338624e-05,3.33240773809524,2005,307
"308",336,-2.52714285714286,0.105714285714286,-1.32056547619048,389.286181547619,2.77086368571429,0.0808764880952381,2.48015873015873e-06,2.78335714285714,2005,308
"309",343,0.854285714285714,3.27142857142857,2.16339285714286,388.362991071429,1.46756468571429,0.055346130952381,1.47156084656085e-05,2.82672916666667,2005,309
"310",350,-1.40285714285714,2.13142857142857,0.416428571428571,386.913196428571,1.16827585714286,0.0265026785714286,3.75330687830688e-05,3.73758035714286,2005,310
"311",357,-1.43285714285714,0.921428571428571,-0.229940476190476,391.828297619048,0.843280714285714,0.0140821428571429,3.19113756613757e-05,4.2398630952381,2005,311
"312",365,-4.69375,-1.13,-2.78033854166667,389.213822916667,1.5988113,0.0280375,2.51736111111111e-05,3.53577083333333,2005,312
"313",7,-6.53428571428571,-2.70428571428571,-4.59214285714286,450.153351190476,2.64376182857143,0.0635261904761905,1.3723544973545e-05,4.89441964285714,2015,105
"314",7,-4.13714285714286,-0.76,-2.7978869047619,453.247735119048,1.12713428571429,0.00152113095238095,1.58730158730159e-05,2.50965178571429,2015,53
"315",7,-0.778571428571429,1.26428571428571,0.169315476190476,422.484791666667,1.73915177142857,0.0545309523809524,7.77116402116402e-06,4.35386904761905,2015,1
"316",7,-0.178,3.64085714285714,1.60953571428571,428.085711309524,2.27780305714286,0.0976669642857143,1.08234126984127e-05,3.95247321428571,2015,261
"317",7,-0.0285714285714285,3.05714285714286,1.75269642857143,416.248086309524,1.83039685714286,0.0716723214285714,1.12433862433862e-05,4.04119047619048,2015,209
"318",7,2.11428571428571,6.01142857142857,3.74574404761905,477.295154761905,1.25240914285714,0.0729568452380952,5.869708994709e-05,4.48684821428571,2015,157
"319",14,-2.9,0.357142857142857,-1.13363095238095,445.12449702381,1.71323511428571,0.0502511904761905,4.97685185185185e-05,3.80667261904762,2015,106
"320",14,-0.682857142857143,2.39714285714286,0.696904761904762,416.96774702381,1.14343997142857,0.0555267857142857,5.45634920634921e-05,4.94116369047619,2015,210
"321",14,-0.402857142857143,2.90714285714286,1.095,469.560782738095,1.92588557142857,0.0482282738095238,3.30687830687831e-07,2.7635119047619,2015,158
"322",14,0.897142857142857,3.55857142857143,2.10455357142857,457.8146875,2.57913925714286,0.07635625,3.25727513227513e-05,3.46422023809524,2015,54
"323",14,1.44714285714286,6.96428571428571,4.24041666666667,411.641098214286,1.47263605714286,0.151878571428571,4.28240740740741e-05,5.85236607142857,2015,2
"324",14,2.29042857142857,5.86742857142857,4.14418154761905,426.352119047619,1.98254597142857,0.112149404761905,2.11210317460317e-05,4.4907619047619,2015,262
"325",21,-6.26714285714286,-2.58428571428571,-4.41342261904762,420.685601190476,3.545685,0.0526892857142857,9.58994708994709e-06,2.13618154761905,2015,55
"326",21,-6.03428571428571,-2.54857142857143,-4.34925595238095,443.257324404762,4.41353494285714,0.116235416666667,1.65343915343915e-07,2.36556547619048,2015,107
"327",21,-3.25,0.275714285714286,-1.58514880952381,423.371764880952,4.00792088571429,0.114113095238095,8.26719576719577e-06,3.0868005952381,2015,211
"328",21,-1.31857142857143,2.05,0.498928571428571,417.55649702381,2.33068397142857,0.103790476190476,1.48809523809524e-05,2.57080357142857,2015,3
"329",21,-1.11,1.86571428571429,0.14077380952381,426.989967261905,1.85936811428571,0.0435886904761905,6.48148148148148e-05,4.15553869047619,2015,159
"330",21,2.40514285714286,6.08285714285714,3.93642261904762,424.831651785714,4.5281628,0.203447023809524,2.12962962962963e-06,2.9421994047619,2015,263
"331",28,-5.67,-0.242857142857143,-3.11639880952381,459.610883928571,4.90730322857143,0.126171428571429,0,2.28963392857143,2015,108
"332",28,-5.34285714285714,-1.9,-3.58946428571429,425.269857142857,2.25902365714286,0.0325169642857143,2.56283068783069e-05,3.20127083333333,2015,212
"333",28,-2.04571428571429,-0.24,-1.23943452380952,417.858017857143,1.67489768571429,0.0105877976190476,1.35582010582011e-05,3.55538095238095,2015,4
"334",28,-1.44828571428571,1.84071428571429,0.0996696428571429,434.704568452381,2.33207151428571,0.0526142857142857,1.20320767195767e-05,3.73100297619048,2015,264
"335",28,0.5,5.21285714285714,3.03482142857143,396.187202380952,3.30418182857143,0.135278571428571,8.76322751322751e-06,3.76475595238095,2015,56
"336",28,2.82285714285714,6.04285714285714,4.24690476190476,424.123744047619,2.12292565714286,0.0530035714285714,3.3234126984127e-05,3.76524702380952,2015,160
"337",35,-3.04285714285714,0.777142857142857,-1.24702380952381,430.317982142857,3.40178862857143,0.0798907738095238,1.48809523809524e-06,2.64976488095238,2015,213
"338",35,-2.94,-0.408571428571429,-1.78818452380952,417.488869047619,2.70220628571429,0.0341767857142857,2.09986772486772e-05,3.0547380952381,2015,5
"339",35,0.0971428571428571,3.59571428571429,1.73654761904762,458.354005952381,3.15432874285714,0.102152976190476,6.11772486772487e-06,2.65198511904762,2015,109
"340",35,0.165714285714286,3.18,1.67547619047619,424.090767857143,2.88222685714286,0.0882229166666667,1.47156084656085e-05,3.95320535714286,2015,161
"341",35,1.24,5.43714285714286,3.72779761904762,396.928648809524,2.19484234285714,0.11475744047619,4.94378306878307e-05,5.1784880952381,2015,57
"342",35,3.00357142857143,7.38542857142857,5.45253571428571,423.096461309524,2.47135474285714,0.165488095238095,6.09193121693122e-05,4.82441666666667,2015,265
"343",42,-4.73857142857143,-1.99285714285714,-3.40267857142857,430.06400297619,3.44826848571429,0.0377014880952381,1.48809523809524e-06,2.68397023809524,2015,162
"344",42,-4.24285714285714,-1.28285714285714,-2.81327380952381,458.532363095238,1.71669214285714,0.0280241071428571,1.65343915343915e-06,2.92750297619048,2015,110
"345",42,-3.46,-0.0928571428571429,-1.61574404761905,411.324282738095,3.7963008,0.0582571428571429,1.81878306878307e-06,3.43651785714286,2015,6
"346",42,0.266857142857143,5.45785714285714,2.90728869047619,425.656541666667,4.9524084,0.222325297619048,3.57705026455026e-05,4.12183035714286,2015,266
"347",42,0.315714285714286,3.63857142857143,1.86074404761905,421.718113095238,3.4529004,0.132960416666667,2.97619047619048e-05,4.08872321428571,2015,214
"348",42,2.01142857142857,5.94285714285714,3.79125,398.31725297619,3.37100142857143,0.166504464285714,3.14153439153439e-05,4.45458035714286,2015,58
"349",49,-2.72857142857143,2.28571428571429,-0.481517857142857,427.498738095238,5.51714837142857,0.0581690476190476,4.96031746031746e-07,2.78035119047619,2015,7
"350",49,-2.28571428571429,1.25571428571429,-0.717470238095238,410.396220238095,6.1339086,0.126113988095238,5.12566137566138e-06,2.57437797619048,2015,163
"351",49,-2.26857142857143,1.23285714285714,-0.499642857142857,396.845369047619,3.75282668571429,0.0696229166666667,1.32275132275132e-05,2.20543452380952,2015,59
"352",49,-0.977142857142857,3.81285714285714,1.3233630952381,453.359050595238,6.13014557142857,0.129471130952381,1.24007936507937e-05,3.19148511904762,2015,111
"353",49,2.59542857142857,7.756,4.67591964285714,425.701824404762,4.46636262857143,0.250769047619048,2.29712301587302e-05,4.40313988095238,2015,267
"354",49,3.99571428571429,10.0828571428571,6.78035714285714,416.494568452381,8.59773934285714,0.50898630952381,8.26719576719577e-07,3.89415178571429,2015,215
"355",56,-6.69571428571429,-2.39142857142857,-4.63053571428571,422.215014880952,7.97130231428571,0.121770238095238,0,3.65439583333333,2016,164
"356",56,-0.992857142857143,3.31714285714286,1.16964285714286,420.43712202381,5.35711602857143,0.140284523809524,6.28306878306878e-06,4.11935119047619,2016,8
"357",56,-0.327142857142857,4.37571428571429,2.04440476190476,391.03468452381,4.04944971428571,0.0726428571428571,5.0760582010582e-05,3.88935416666667,2016,60
"358",56,1.51685714285714,6.89028571428571,4.40636011904762,424.774354166667,4.40990511428571,0.192207738095238,5.23941798941799e-05,5.17297619047619,2016,268
"359",56,1.64285714285714,8.51428571428571,5.3427380952381,417.737273809524,7.54566531428571,0.394025892857143,1.15740740740741e-06,2.45787202380952,2016,216
"360",56,2.12,6.39428571428571,4.22690476190476,437.629842261905,3.96121782857143,0.134995238095238,5.6712962962963e-05,4.78423809523809,2016,112
"361",63,-12.2257142857143,-5.28142857142857,-8.84,438.195241071429,8.1731394,0.100695535714286,0,3.93982142857143,2016,165
"362",63,-2.47428571428571,2.25857142857143,-0.419791666666667,384.208577380952,7.27591217142857,0.130600297619048,7.44047619047619e-06,3.34519047619048,2016,61
"363",63,-0.0157142857142857,4.88571428571429,2.24925595238095,416.64381547619,7.64039777142857,0.190607738095238,2.41402116402116e-05,3.60996130952381,2016,9
"364",63,0.0484285714285714,4.80457142857143,2.5154880952381,425.89019047619,6.42940251428571,0.138408333333333,4.04943783068783e-05,3.65087202380952,2016,269
"365",63,3.19142857142857,8.09285714285714,5.75958333333333,431.182133928571,6.86919754285714,0.330015476190476,4.00132275132275e-05,3.8968244047619,2016,113
"366",63,5.01571428571429,10.92,7.9796130952381,418.267672619048,7.17500082857143,0.481939583333333,2.56283068783069e-05,3.6076994047619,2016,217
"367",70,-0.728571428571429,3.61142857142857,1.2133630952381,385.9305625,7.29898637142857,0.131302083333333,4.46428571428571e-06,2.25112797619048,2016,62
"368",70,1.29285714285714,6.22114285714286,3.51222619047619,427.557625,5.03985831428571,0.131197321428571,4.51570767195767e-05,3.56377678571429,2016,270
"369",70,2.08714285714286,7.34571428571429,4.7227380952381,420.618300595238,9.12719211428571,0.295288392857143,4.2989417989418e-06,3.32481547619048,2016,10
"370",70,2.14,6.35285714285714,4.11934523809524,432.779053571429,6.99393805714286,0.228516666666667,5.22486772486772e-05,3.17595833333333,2016,114
"371",70,2.33428571428571,8.49714285714286,5.12797619047619,430.21544047619,9.01345757142857,0.218524702380952,9.42460317460317e-06,2.91751488095238,2016,166
"372",70,2.37714285714286,7.57857142857143,4.95550595238095,417.566366071429,5.50867345714286,0.243711011904762,4.41468253968254e-05,4.6065,2016,218
"373",77,-2.34285714285714,2.82428571428571,0.207053571428571,435.583026785714,5.8239486,0.0716982142857143,5.00992063492063e-05,4.3733630952381,2016,167
"374",77,-1.01428571428571,3.40428571428571,1.08815476190476,383.073202380952,6.49403485714286,0.115845535714286,3.30687830687831e-06,3.13525892857143,2016,63
"375",77,0.834285714285714,5.97,3.25979166666667,424.373982142857,8.13478757142857,0.167211904761905,9.755291005291e-06,2.75511011904762,2016,11
"376",77,2.15571428571429,6.94142857142857,4.24068452380952,417.28930952381,5.04374631428571,0.188386011904762,5.63822751322751e-05,4.75575892857143,2016,219
"377",77,3.03,9.51714285714286,6.38565476190476,438.281151785714,10.3771951714286,0.372167261904762,1.53769841269841e-05,3.34166666666667,2016,115
"378",77,4.459,10.1088571428571,7.36556547619048,424.918630952381,10.1541916285714,0.363719047619048,3.1276455026455e-05,3.43546428571429,2016,271
"379",84,-2.71714285714286,2.87857142857143,0.151011904761905,434.293919642857,11.1695112,0.180910119047619,2.48015873015873e-06,2.88600892857143,2016,168
"380",84,-0.0315714285714286,6.81385714285714,3.51290178571429,428.263946428571,13.2393852,0.309636904761905,3.50859788359788e-06,3.68284523809524,2016,272
"381",84,0.761428571428571,8.77428571428571,4.45110119047619,420.218270833333,11.1844676571429,0.320158333333333,1.65343915343915e-06,2.36345238095238,2016,12
"382",84,1.45,5.85857142857143,3.42877976190476,375.199497023809,7.90996422857143,0.175635714285714,5.45634920634921e-06,2.67146130952381,2016,64
"383",84,3.39,10.3528571428571,7.06181547619048,416.011160714286,13.7346932571429,0.422079166666667,2.97619047619048e-06,2.54698511904762,2016,220
"384",84,3.93857142857143,8.80571428571429,6.22175595238095,445.610827380952,7.82134894285714,0.291027976190476,1.5707671957672e-05,3.48479761904762,2016,116
"385",91,-1.98571428571429,6.61514285714286,2.39264583333333,426.946333333333,15.5992389428571,0.355373214285714,2.1494708994709e-06,3.27871428571429,2016,273
"386",91,1.56428571428571,6.78714285714286,3.91041666666667,429.856505952381,8.17374291428571,0.173376488095238,4.18320105820106e-05,2.39078273809524,2016,169
"387",91,1.68571428571429,7.06571428571429,4.18574404761905,414.311946428571,8.49269571428571,0.178311011904762,6.33829365079365e-05,4.58095535714286,2016,13
"388",91,3.42571428571429,7.83714285714286,5.49863095238095,375.611577380952,7.55120288571428,0.189635714285714,4.51388888888889e-05,3.26433333333333,2016,65
"389",91,3.95857142857143,10.3242857142857,7.11729166666667,414.459916666667,12.7602288,0.384982440476191,1.32275132275132e-06,2.60292857142857,2016,221
"390",91,8.17285714285714,16.17,12.308005952381,435.775449404762,15.8006008285714,0.786454166666667,1.98412698412698e-06,2.67753869047619,2016,117
"391",98,0.834285714285714,6.76142857142857,3.57092261904762,412.14555952381,15.215526,0.311849702380952,1.52116402116402e-05,2.78860119047619,2016,14
"392",98,3.64957142857143,12.0228571428571,7.79229761904762,424.559663690476,17.9758098,0.576772619047619,1.65343915343915e-07,2.53739285714286,2016,274
"393",98,4.26285714285714,14.6928571428571,9.72497023809524,423.762702380952,17.2174628571429,0.605191964285714,2.1494708994709e-05,2.79980357142857,2016,170
"394",98,4.8,12.8057142857143,8.98285714285714,418.486068452381,11.8221549428571,0.388943154761905,9.92063492063492e-06,2.36102976190476,2016,222
"395",98,5.17285714285714,10.7428571428571,8.05663690476191,436.924389880952,11.0816292857143,0.31837380952381,0,2.5803630952381,2016,118
"396",98,5.26285714285714,13.2757142857143,9.3978869047619,378.266360119048,14.6076374571429,0.44395505952381,4.03439153439153e-05,2.63450892857143,2016,66
"397",105,-0.374285714285714,5.32714285714286,2.29321428571429,418.602077380952,12.1159116,0.22109375,2.48015873015873e-06,3.30169345238095,2017,223
"398",105,4.47857142857143,11.5385714285714,7.87934523809524,437.874520833333,14.7303329142857,0.399383630952381,1.40542328042328e-05,2.39351785714286,2017,67
"399",105,5.02,11.9371428571429,8.50702380952381,436.261508928571,12.5143382571429,0.450610119047619,2.64550264550265e-06,3.3086875,2017,119
"400",105,5.37142857142857,16.0354285714286,11.094931547619,408.48394047619,18.5880047142857,0.66759255952381,1.15740740740741e-06,2.98399404761905,2017,15
"401",105,6.04314285714286,15.247,10.740244047619,421.568366071429,18.8752723714286,0.791510119047619,1.15740740740741e-06,2.71916369047619,2017,275
"402",105,9.36857142857143,16.7571428571429,13.0847321428571,416.605544642857,14.3079107142857,0.564494940476191,2.36441798941799e-05,2.53272916666667,2017,171
"403",112,0.684285714285714,6.22285714285714,3.35526785714286,438.250776785714,13.5706294285714,0.28090505952381,2.19907407407407e-05,3.01278571428571,2017,120
"404",112,4.40285714285714,11.1128571428571,7.74708333333333,451.165711309524,14.4939844285714,0.417909523809524,1.85185185185185e-05,2.57066369047619,2017,68
"405",112,4.81771428571429,15.4381428571429,10.1334851190476,421.209285714286,22.7235492,0.692634523809524,8.5978835978836e-06,3.69447321428571,2017,276
"406",112,4.95142857142857,12.1085714285714,8.48614583333333,409.956630952381,19.0135249714286,0.572558928571429,0,2.23332142857143,2017,16
"407",112,6.90285714285714,16.8242857142857,12.0384523809524,417.954583333333,23.9689825714286,0.868181845238095,0,3.2427380952381,2017,224
"408",112,13.0457142857143,21.3414285714286,17.3108035714286,406.374636904762,19.7827264285714,1.02481220238095,2.48015873015873e-06,1.9246994047619,2017,172
"409",119,0.178571428571429,6.18142857142857,2.89723214285714,449.828529761905,14.4533738571429,0.242544047619048,1.27314814814815e-05,3.37260416666667,2017,69
"410",119,2.39428571428571,8.72285714285714,5.60568452380952,431.717979166667,15.5129266285714,0.426185119047619,4.96031746031746e-07,2.4300744047619,2017,121
"411",119,5.91428571428571,14.1771428571429,10.1197023809524,413.892080357143,17.4313645714286,0.532927678571429,1.07473544973545e-05,2.35021130952381,2017,17
"412",119,6.13714285714286,15.6785714285714,10.4759226190476,416.206845238095,17.0095834285714,0.480890476190476,3.00115740740741e-05,3.21487797619048,2017,225
"413",119,7.50128571428571,16.652,12.3592708333333,418.758369047619,22.5000550285714,0.855464880952381,1.98412698412698e-06,2.88024404761905,2017,277
"414",119,8.47428571428571,16.28,12.6726488095238,407.35843452381,17.6668956,0.656777678571429,4.2989417989418e-06,3.0911755952381,2017,173
"415",126,3.22,10.2557142857143,7.0347619047619,414.471544642857,17.748369,0.384663988095238,1.55687830687831e-05,2.62074107142857,2017,226
"416",126,4.58,11.4014285714286,7.86860119047619,422.663982142857,11.6884188,0.314383035714286,3.09193121693122e-05,2.73870833333333,2017,122
"417",126,4.59285714285714,13.13,9.14758928571429,442.981538690476,19.9758301714286,0.531285119047619,0,2.45240476190476,2017,70
"418",126,5.55928571428571,11.3318571428571,8.5439375,421.727538690476,14.8164588,0.316077083333333,2.99272486772487e-05,2.88476785714286,2017,278
"419",126,6.94142857142857,14.4542857142857,10.8908630952381,403.101416666667,20.8790845714286,0.608251785714286,0,3.57128571428571,2017,174
"420",126,7.22714285714286,15.4057142857143,11.5436011904762,414.248065476191,18.4743408857143,0.543994047619048,2.69510582010582e-05,2.82172619047619,2017,18
"421",133,4.45714285714286,10.8042857142857,7.70961309523809,416.777970238095,15.8671069714286,0.315534523809524,5.3057208994709e-05,2.70610714285714,2017,227
"422",133,6.72642857142857,15.4862857142857,10.9252083333333,418.482648809524,20.2733642571429,0.713650297619048,2.08333333333333e-05,2.35804464285714,2017,279
"423",133,6.87857142857143,15.0528571428571,10.9086011904762,403.328797619048,16.7090389714286,0.506435119047619,5.62169312169312e-06,2.23397916666667,2017,123
"424",133,8.5,18.0957142857143,13.4886607142857,419.966857142857,21.9182456571429,0.772959226190476,1.19047619047619e-05,3.06735119047619,2017,19
"425",133,10.0528571428571,20.0771428571429,15.3510714285714,432.854119047619,26.1705237428571,0.83880505952381,0,3.47441071428571,2017,71
"426",133,11.0985714285714,20.3314285714286,15.8444642857143,407.382729166667,23.4468095142857,0.775036904761905,1.65343915343915e-07,2.71494047619048,2017,175
"427",140,5.85857142857143,12.59,9.07247023809524,435.656038690476,15.6184611428571,0.455594642857143,2.31481481481481e-06,3.1608005952381,2017,72
"428",140,6.42785714285714,14.4221428571429,10.7679732142857,418.966267857143,22.7461062857143,0.662802678571429,0,2.27278869047619,2017,280
"429",140,6.74857142857143,13.4242857142857,10.1327380952381,413.043017857143,16.6528103142857,0.425566369047619,4.56134259259259e-05,2.46822619047619,2017,228
"430",140,6.86142857142857,14.6057142857143,10.8051488095238,434.634979166667,22.1492738571429,0.616609226190476,2.81084656084656e-06,2.8901755952381,2017,20
"431",140,9.23142857142857,16.2628571428571,12.4733035714286,405.492532738095,20.4925731428571,0.539959821428571,3.19113756613757e-05,2.8391755952381,2017,176
"432",140,12.2371428571429,19.9771428571429,16.2118154761905,422.105193452381,20.7275076,0.79298005952381,2.03373015873016e-05,2.39781845238095,2017,124
"433",147,7.70285714285714,14.0928571428571,11.1447321428571,428.393145833333,16.2321950571429,0.53403005952381,0,2.35621428571429,2017,21
"434",147,9.56514285714286,16.3042857142857,12.8753928571429,416.942145833333,16.4492544857143,0.505680654761905,2.59589947089947e-05,2.65878869047619,2017,281
"435",147,10.3685714285714,16.7185714285714,13.4695833333333,449.617523809524,15.1137768857143,0.529481845238095,2.57936507936508e-05,2.63591964285714,2017,73
"436",147,10.5257142857143,16.8585714285714,13.7347619047619,409.888842261905,18.0940872857143,0.562135119047619,3.41749338624339e-05,2.77680059523809,2017,229
"437",147,11.2628571428571,19.3142857142857,15.4329166666667,444.68487797619,23.5449730285714,0.767853273809524,3.80291005291005e-06,2.57688095238095,2017,125
"438",147,12.8185714285714,20.6242857142857,16.6911607142857,398.738282738095,20.8608107142857,0.799954761904762,2.33134920634921e-05,2.73930654761905,2017,177
"439",154,7.99857142857143,16.8142857142857,12.4641964285714,425.824720238095,17.7747778285714,0.5571,1.52116402116402e-05,3.59297321428571,2017,22
"440",154,9.44342857142857,17.698,13.8372857142857,416.39562202381,26.9508929142857,0.811739583333333,6.61375661375661e-07,2.45058928571429,2017,282
"441",154,12.2,21.1314285714286,16.8345833333333,406.918693452381,22.4862531428571,0.914865773809524,1.59060846560847e-05,2.26808333333333,2017,230
"442",154,12.6742857142857,18.0885714285714,15.3187797619048,438.302270833333,14.3904317142857,0.27025,8.53174603174603e-05,2.1334494047619,2017,74
"443",154,15.39,24.6771428571429,19.9716666666667,440.873244047619,22.4937331714286,1.12959732142857,3.33994708994709e-05,2.32718452380952,2017,126
"444",154,15.9457142857143,23.09,19.6635416666667,401.463693452381,20.6219108571429,0.700828571428571,7.10978835978836e-06,2.41702976190476,2017,178
"445",161,9.86042857142857,16.189,13.0165744047619,413.55325,15.4668998571429,0.558873511904762,4.62962962962963e-06,2.42435119047619,2018,283
"446",161,10.2342857142857,18.5985714285714,14.3048511904762,435.180767857143,20.9820528,0.644966071428571,6.25e-05,3.21538392857143,2018,127
"447",161,11.1214285714286,19.4357142857143,15.5577976190476,426.020202380952,22.5058800857143,0.846150297619048,1.15740740740741e-06,2.86704761904762,2018,23
"448",161,12.8357142857143,22.11,17.5078273809524,408.244657738095,21.322584,0.850230654761905,2.13707010582011e-05,2.4078869047619,2018,231
"449",161,14.3057142857143,20.9685714285714,17.6304166666667,413.954821428571,20.6428731428571,0.736761011904762,5.78703703703704e-06,2.17529166666667,2018,75
"450",161,15.5128571428571,23.8942857142857,19.5511607142857,397.778142857143,23.8931804571429,0.89724255952381,2.82738095238095e-05,2.2188869047619,2018,179
"451",168,11.3942857142857,19.2728571428571,15.4199107142857,415.029452380952,21.3619826571429,0.747095833333333,9.92063492063492e-07,2.11574702380952,2018,24
"452",168,11.4914285714286,17.4014285714286,14.0779166666667,421.046955357143,16.3115377714286,0.405906547619048,9.12698412698413e-05,2.267625,2018,76
"453",168,12.4671428571429,20.3171428571429,16.7516964285714,418.336175595238,21.8390407714286,0.807058035714286,1.52116402116402e-05,2.97319345238095,2018,128
"454",168,12.9157142857143,18.5142857142857,15.6884821428571,394.490014880952,17.637903,0.64793244047619,4.13359788359788e-06,2.12945238095238,2018,180
"455",168,12.9505714285714,19.3165714285714,15.9338214285714,414.245339285714,15.4752824571429,0.316964285714286,0.000190641534391534,2.19899107142857,2018,284
"456",168,13.8457142857143,20.7628571428571,17.4041964285714,405.533464285714,18.8296079142857,0.677813392857143,8.7296626984127e-05,2.40805654761905,2018,232
"457",175,8.16285714285714,13.8685714285714,10.6357738095238,425.316508928571,13.7427081428571,0.241707142857143,4.84457671957672e-05,3.19749107142857,2018,25
"458",175,10.7742857142857,18.1371428571429,14.719880952381,396.915869047619,17.8404068571429,0.617040476190476,1.3723544973545e-05,3.21401488095238,2018,181
"459",175,12.5928571428571,20.4,16.5577083333333,428.704592261905,21.9887848285714,0.659170238095238,6.61375661375661e-06,2.76555654761905,2018,77
"460",175,13.8738571428571,19.9502857142857,17.0288720238095,412.571541666667,19.9120196571429,0.6444125,4.06746031746032e-05,2.53322619047619,2018,285
"461",175,15.3414285714286,24.2657142857143,20.0996130952381,406.213407738095,26.8207230857143,1.09435416666667,1.20188492063492e-05,2.53929761904762,2018,233
"462",175,15.7985714285714,24.5114285714286,20.3339583333333,426.75106547619,25.7377327714286,1.03577351190476,1.7526455026455e-05,2.5325,2018,129
"463",182,12.4428571428571,20.7871428571429,16.7437797619048,395.86768452381,25.6410414,0.915649702380952,2.64550264550265e-06,3.010125,2018,182
"464",182,13.1142857142857,18.1057142857143,15.4981547619048,459.132389880952,11.5324192285714,0.458989285714286,4.36507936507936e-05,3.25978273809524,2018,130
"465",182,13.4242857142857,21.36,17.4631845238095,426.732142857143,22.6573647428571,0.669794642857143,8.10185185185185e-06,2.82814880952381,2018,78
"466",182,13.6242857142857,22.21,18.1878571428571,434.733398809524,22.6115861142857,0.989814583333333,3.30687830687831e-06,2.12783333333333,2018,26
"467",182,14.3052857142857,21.7001428571429,18.2790892857143,412.789160714286,23.0981762571429,0.883670535714286,1.81878306878307e-06,3.22072321428571,2018,286
"468",182,16.6042857142857,27.0885714285714,22.329375,402.638038690476,28.5015468857143,1.54734494047619,6.28306878306878e-08,2.4018244047619,2018,234
"469",189,11.0685714285714,18.8614285714286,14.9370833333333,423.505586309524,20.1619342285714,0.586988690476191,2.43055555555556e-05,3.23743154761905,2018,79
"470",189,11.9185714285714,18.92,15.3418452380952,404.009523809524,21.6874872,0.847684226190476,2.67195767195767e-06,2.53531547619048,2018,235
"471",189,12.5711428571429,21.0865714285714,16.6746577380952,411.867294642857,22.1242209428571,0.708038095238095,4.46428571428571e-06,3.86660119047619,2018,287
"472",189,13.9842857142857,22.4714285714286,18.3322321428571,459.359479166667,22.1932828285714,0.819488690476191,2.19907407407407e-05,2.73391666666667,2018,131
"473",189,14.18,23.5057142857143,19.0400892857143,396.119720238095,27.3817195714286,1.29856845238095,3.30687830687831e-07,2.38475892857143,2018,183
"474",189,17.8585714285714,28.4371428571429,23.3410416666667,435.627851190476,24.9125536285714,1.57961785714286,2.26521164021164e-05,2.64816071428571,2018,27
"475",196,10.8342857142857,16.7628571428571,13.3200595238095,403.576267857143,13.5484696285714,0.342011607142857,2.65327380952381e-05,2.28620535714286,2018,236
"476",196,11.4267142857143,19.7275714285714,15.8919672619048,410.466824404762,18.7170912,0.738671726190476,1.47156084656085e-05,2.29258333333333,2018,288
"477",196,11.7457142857143,19.1828571428571,15.4457738095238,388.623761904762,16.9788394285714,0.551213690476191,2.97619047619048e-05,2.9675119047619,2018,28
"478",196,12.4742857142857,19.0671428571429,15.7395238095238,459.993074404762,16.5891664285714,0.56194494047619,5.53902116402116e-05,2.9128244047619,2018,132
"479",196,12.9942857142857,20.9971428571429,16.8698511904762,398.657776785714,21.9594188571429,0.776235416666667,2.26521164021164e-05,2.25428869047619,2018,184
"480",196,14.01,21.4271428571429,17.8256845238095,421.770988095238,19.2392192571429,0.833735119047619,1.93452380952381e-05,3.13846726190476,2018,80
"481",203,14.0208571428571,19.8505714285714,17.055369047619,409.080633928571,19.6073514,0.84095505952381,8.76322751322752e-06,2.04006845238095,2018,289
"482",203,14.08,21.3385714285714,17.742380952381,400.737770833333,17.1009565714286,0.777085714285714,1.47222222222222e-05,2.28066666666667,2018,237
"483",203,14.5857142857143,22.7871428571429,18.5113988095238,424.090818452381,19.0317211714286,0.821735416666667,5.37367724867725e-05,2.67908928571429,2018,81
"484",203,14.9171428571429,23.3385714285714,19.1322619047619,457.405050595238,19.6985350285714,0.766125892857143,1.32275132275132e-05,2.53502976190476,2018,133
"485",203,16.0728571428571,24.4485714285714,20.1916071428571,396.207669642857,22.5511817142857,1.24966517857143,2.28174603174603e-05,2.38059821428571,2018,185
"486",203,17.3714285714286,25.6185714285714,21.2838988095238,406.085395833333,19.3070306571429,0.95276130952381,2.97619047619048e-05,2.7016875,2018,29
"487",210,11.6885714285714,18.9685714285714,15.3220833333333,407.747845238095,18.0829923428571,0.624041666666667,4.24933862433862e-05,3.58102976190476,2019,30
"488",210,12.5671428571429,17.6585714285714,14.952380952381,437.495380952381,11.2954852285714,0.344557440476191,0.000194444444444444,3.50234821428571,2019,134
"489",210,14.6822857142857,22.538,18.9107410714286,407.137648809524,20.7230554285714,1.07208035714286,1.00859788359788e-05,2.39381547619048,2019,290
"490",210,17.3385714285714,24.0442857142857,20.4750892857143,422.249616071429,17.3772223714286,0.829523214285714,1.19047619047619e-05,1.55610714285714,2019,82
"491",210,19.3514285714286,28.5814285714286,24.0566964285714,397.042880952381,23.9610093428571,1.70929107142857,0,2.154625,2019,186
"492",210,19.39,28.1814285714286,23.7527976190476,406.369056547619,23.1705799714286,1.6494556547619,7.9728835978836e-06,2.44854166666667,2019,238
"493",217,12.4928571428571,23.3714285714286,18.2546726190476,388.984160714286,23.9344956,1.18621994047619,1.15740740740741e-06,2.3682619047619,2019,31
"494",217,13.6742857142857,19.1671428571429,16.3846130952381,427.428199404762,12.0839497714286,0.37349880952381,3.81944444444444e-05,2.696125,2019,83
"495",217,14.3514285714286,23.3565714285714,18.8205297619048,408.791294642857,20.6163475714286,1.07342023809524,3.48875661375661e-05,1.98189880952381,2019,291
"496",217,15.5985714285714,23.1157142857143,19.0848214285714,397.4668125,18.5131542857143,0.899945833333333,2.79761904761905e-05,2.14267261904762,2019,239
"497",217,16.8771428571429,24.09,20.3416071428571,406.043017857143,18.4804747714286,0.860025892857143,2.44708994708995e-05,3.09018154761905,2019,135
"498",217,20.5171428571429,29.0342857142857,24.9533928571429,399.381964285714,22.4043834857143,1.76533571428571,1.30621693121693e-05,2.12453273809524,2019,187
"499",224,11.34,18.4571428571429,14.8841964285714,419.214473214286,17.3876508,0.601139880952381,2.48015873015873e-06,2.7518244047619,2019,84
"500",224,11.9657142857143,18.6671428571429,15.4016369047619,404.772681547619,15.5833007142857,0.562322321428571,7.88690476190476e-05,2.61513392857143,2019,136
"501",224,14.9728571428571,22.4428571428571,18.5187202380952,395.113636904762,17.1885162857143,0.777075,3.92724867724868e-05,3.13659821428571,2019,240
"502",224,17.05,26.6914285714286,21.7034821428571,398.145672619048,21.986478,1.59262172619048,3.96825396825397e-06,2.79207142857143,2019,188
"503",224,17.8428571428571,28.2585714285714,22.9379166666667,393.94899702381,21.5837092285714,1.3776869047619,2.1494708994709e-06,2.65248511904762,2019,32
"504",224,19.4021428571429,27.811,23.679994047619,411.542952380952,21.9382994571429,1.68355178571429,1.40542328042328e-05,1.95959226190476,2019,292
"505",231,12.3385714285714,20.1342857142857,16.2240773809524,419.26987202381,19.0778482285714,0.695819047619048,1.24007936507937e-05,2.46577380952381,2019,85
"506",231,13.0571428571429,20.0985714285714,16.3118452380952,395.614014880952,16.3329292285714,0.676318452380952,2.29828042328042e-05,3.09090476190476,2019,241
"507",231,13.6985714285714,21.7085714285714,17.5776488095238,410.248723214286,17.3795808857143,0.598691071428571,4.15013227513228e-05,2.77434821428571,2019,137
"508",231,14.6528571428571,20.6728571428571,17.4875297619048,391.328985119048,11.4012488571429,0.555451190476191,6.56415343915344e-05,2.80476488095238,2019,33
"509",231,15.6228571428571,24.68,20.132380952381,399.773803571429,17.0638539428571,1.17589196428571,1.05820105820106e-05,2.30328273809524,2019,189
"510",231,17.3691428571429,23.1581428571429,20.0776339285714,418.013244047619,13.0193048571429,0.637199702380952,4.54695767195767e-05,2.40850595238095,2019,293
"511",238,12.38,19.9157142857143,15.9627976190476,414.407178571429,18.0966967714286,0.600014285714286,2.84391534391534e-05,2.43889880952381,2019,138
"512",238,13.4514285714286,20.2128571428571,16.8284523809524,389.892181547619,16.7202673714286,0.768649107142857,1.04166666666667e-05,2.63275297619048,2019,34
"513",238,13.9385714285714,21.6585714285714,17.9419642857143,407.096401785714,14.5855787142857,0.957219642857143,3.30687830687831e-06,2.57469047619048,2019,190
"514",238,14.4128571428571,23.5085714285714,18.9480654761905,419.173741071429,17.8962883714286,0.91146994047619,1.02513227513228e-05,2.67583035714286,2019,86
"515",238,15.6071428571429,24.3514285714286,20.0578571428571,396.790113095238,20.7480651428571,1.25748125,3.07539682539683e-07,2.01867857142857,2019,242
"516",238,15.6728571428571,23.2575714285714,19.5616845238095,413.179672619048,17.1856059428571,0.964871428571429,7.27513227513228e-06,2.79491666666667,2019,294
"517",245,11.58,18.7071428571429,15.1582142857143,403.90775297619,13.8237945428571,0.673642261904762,1.30621693121693e-05,2.66093154761905,2019,191
"518",245,12.4724285714286,17.4761428571429,14.8426517857143,409.484547619048,11.0366663142857,0.528200595238095,4.01785714285714e-05,3.01878869047619,2019,295
"519",245,13.9714285714286,20.6728571428571,17.2833630952381,414.990904761905,15.5595664285714,0.726433035714286,5.62169312169312e-06,2.08533035714286,2019,139
"520",245,14.8214285714286,23.71,19.3348511904762,401.380470238095,14.5609891714286,0.863816369047619,2.28174603174603e-05,2.22058333333333,2019,35
"521",245,16.3585714285714,25.8814285714286,21.2993154761905,410.040770833333,18.7485855428571,1.36730238095238,1.81878306878307e-06,2.2674494047619,2019,87
"522",245,17.2328571428571,25.94,21.5547321428571,401.148916666667,16.4843179714286,1.20785535714286,1.46378968253968e-05,2.11681547619048,2019,243
"523",252,8.54714285714286,14.3471428571429,11.1672023809524,385.0843125,12.7618976571429,0.314738392857143,1.93452380952381e-05,3.35894047619048,2019,36
"524",252,10.3928571428571,17.2657142857143,13.8086607142857,395.950675595238,14.4269794285714,0.647862202380952,7.98280423280423e-06,2.32358630952381,2019,244
"525",252,10.7357142857143,16.6357142857143,13.8485416666667,409.303580357143,11.833191,0.490568452380952,6.94444444444444e-06,2.86629464285714,2019,140
"526",252,11.0934285714286,18.8825714285714,15.0170982142857,408.589220238095,14.9838040285714,0.634586607142857,3.63756613756614e-06,2.67174107142857,2019,296
"527",252,13.2371428571429,20.7171428571429,16.713244047619,408.48499702381,13.9662154285714,0.68621130952381,1.80224867724868e-05,2.16232142857143,2019,192
"528",252,14.3342857142857,21.5314285714286,17.843869047619,417.100791666667,15.1752224571429,0.719597023809524,3.68716931216931e-05,2.63363988095238,2019,88
"529",259,8.49857142857143,13.4057142857143,10.7095535714286,407.622880952381,10.7417918571429,0.264500297619048,5.6547619047619e-05,3.92952678571429,2019,141
"530",259,10.2128571428571,16.75,13.1955654761905,391.668672619048,8.9449722,0.329209226190476,5.19179894179894e-05,2.71137202380952,2019,37
"531",259,10.7928571428571,18.9957142857143,14.775625,396.839639880952,14.0633308285714,0.63408630952381,7.82407407407407e-06,2.70558035714286,2019,245
"532",259,12.3428571428571,20.57,16.2612202380952,406.916142857143,13.0894225714286,0.797052083333333,1.98412698412698e-06,2.46334226190476,2019,193
"533",259,14.9812857142857,23.5471428571429,19.152255952381,407.988735119048,17.6611865142857,1.1109119047619,9.92063492063492e-07,2.05872916666667,2019,297
"534",259,15.6811428571429,27.2617142857143,21.589505952381,421.7169375,16.3724950285714,1.28069553571429,0,2.27383928571429,2019,89
"535",266,8.20428571428571,13.9728571428571,10.88,411.529080357143,11.4414413142857,0.31974375,8.92857142857143e-06,2.35729166666667,2020,142
"536",266,8.49285714285714,16.1814285714286,12.3149404761905,397.561681547619,12.8931004285714,0.622425297619048,4.7172619047619e-06,2.31702380952381,2020,246
"537",266,9.47714285714286,14.2228571428571,11.5809821428571,401.965595238095,8.99830002857143,0.221322321428571,3.24074074074074e-05,3.11528273809524,2020,38
"538",266,10.7461428571429,16.9401428571429,13.7088303571429,423.300029761905,8.24655111428571,0.423335416666667,4.48082010582011e-05,2.16584523809524,2020,90
"539",266,11.0505714285714,20.4895714285714,15.8681369047619,410.715342261905,16.5880563428571,0.943611607142857,0,2.65398214285714,2020,298
"540",266,13.2642857142857,21.6342857142857,17.5135714285714,403.166330357143,12.5067705428571,1.08466547619048,8.89550264550265e-05,3.00264880952381,2020,194
"541",273,5.71857142857143,14.1114285714286,9.90657738095238,400.505050595238,12.8737221428571,0.578963392857143,1.65343915343915e-06,2.88697321428571,2020,195
"542",273,8.04,13.1,10.2546726190476,404.263172619048,11.9897850857143,0.370013095238095,0,2.75416071428571,2020,39
"543",273,8.64514285714286,13.838,11.4398541666667,415.695482142857,9.65627845714286,0.417960119047619,5.39021164021164e-05,2.62436904761905,2020,299
"544",273,9.83028571428571,19.8245714285714,14.5992321428571,421.183392857143,11.0810561142857,0.525011904761905,0,2.786125,2020,91
"545",273,10.6571428571429,15.2457142857143,12.8286607142857,425.205642857143,6.25178725714286,0.180015178571429,2.16600529100529e-05,1.70215178571429,2020,143
"546",273,11.3414285714286,15.5171428571429,13.0779761904762,394.643264880952,6.75043405714286,0.264660714285714,4.38888888888889e-05,3.6800119047619,2020,247
"547",280,5.22428571428571,10.6171428571429,7.63648809523809,393.41975,5.6889522,0.139816666666667,5.33267195767196e-05,3.10627380952381,2020,248
"548",280,6.95285714285714,14.2171428571429,10.348630952381,403.003217261905,7.56696882857143,0.421185416666667,2.97619047619048e-06,3.19200595238095,2020,196
"549",280,7.54085714285714,12.4727142857143,10.1459613095238,422.826342261905,5.91500802857143,0.236347023809524,6.29960317460318e-05,3.12175595238095,2020,92
"550",280,7.75857142857143,11.3371428571429,9.28214285714286,420.481613095238,6.02618271428571,0.172836607142857,7.65542328042328e-05,4.16379464285714,2020,144
"551",280,8.23857142857143,15.23,11.5859821428571,411.672705357143,10.3647844285714,0.326709523809524,1.65343915343915e-05,2.72354464285714,2020,40
"552",280,8.81928571428571,13.9878571428571,11.225869047619,420.950110119048,7.71670491428571,0.241984821428571,2.21560846560847e-05,2.90116369047619,2020,300
"553",287,1.81285714285714,6.31,4.06211309523809,428.950729166667,6.58231508571429,0.0857601190476191,2.79431216931217e-05,3.08391071428571,2020,41
"554",287,4.22485714285714,7.991,6.08952678571429,433.478854166667,4.72890034285714,0.0996610119047619,3.19113756613757e-05,2.20622023809524,2020,93
"555",287,6.46471428571429,10.7601428571429,8.35491666666667,416.720360119048,5.82274388571429,0.141599404761905,2.81084656084656e-05,2.93812202380952,2020,301
"556",287,8.80571428571429,13.2385714285714,10.8911607142857,437.522348214286,6.14207288571429,0.205603273809524,1.68650793650794e-05,3.81397619047619,2020,145
"557",287,10.3257142857143,15.55,12.8974404761905,393.887821428571,6.87952645714286,0.408501785714286,3.58630952380952e-05,3.84379761904762,2020,249
"558",287,11.9342857142857,19.9514285714286,15.9344345238095,409.606898809524,11.7727313142857,0.758319642857143,0,1.93047321428571,2020,197
"559",294,3.57857142857143,6.10857142857143,4.81005952380952,445.69455952381,2.42940754285714,0.0427380952380952,4.16666666666667e-05,1.9016369047619,2020,42
"560",294,4.98114285714286,8.194,6.38490178571429,420.663788690476,3.82195028571429,0.120975,3.88558201058201e-05,2.94160119047619,2020,302
"561",294,6.07428571428571,11.44,8.55889880952381,441.24762797619,5.62746188571429,0.14591369047619,1.07473544973545e-05,2.61417857142857,2020,94
"562",294,10.8128571428571,15.7785714285714,13.3102380952381,401.890511904762,5.90842157142857,0.380017857142857,2.24388227513228e-05,3.04971130952381,2020,250
"563",294,10.9628571428571,16.05,13.3132142857143,407.514473214286,8.11132894285714,0.59453244047619,3.30687830687831e-07,1.73459523809524,2020,198
"564",294,11.59,18.0642857142857,14.9775595238095,458.625586309524,8.52789085714286,0.581504166666667,1.40542328042328e-05,3.27791369047619,2020,146
"565",301,4.19714285714286,7.12428571428571,5.59943452380952,444.194547619048,3.26777554285714,0.0383383928571429,3.53835978835979e-05,1.98770238095238,2020,95
"566",301,5.13285714285714,8.29857142857143,6.56678571428571,405.904595238095,2.45004171428571,0.146865476190476,2.62896825396825e-05,3.96207738095238,2020,199
"567",301,5.44,9.33,7.21797619047619,427.022741071429,4.91989628571429,0.12520625,4.2989417989418e-06,2.43126785714286,2020,43
"568",301,7.32142857142857,12.8542857142857,10.0512797619048,407.190193452381,5.48016428571429,0.215272321428571,5.04298941798942e-06,3.16204166666667,2020,251
"569",301,7.89428571428571,10.9928571428571,9.20032738095238,430.933839285714,3.7196244,0.168552380952381,2.46362433862434e-05,3.96128273809524,2020,147
"570",301,9.46,13.369,11.2535625,421.941017857143,4.22933168571429,0.302197619047619,1.68650793650794e-05,3.25349702380952,2020,303
"571",308,3.31571428571429,8.03285714285714,5.51360119047619,401.139949404762,4.61727514285714,0.121316071428571,1.44560185185185e-05,2.61312797619048,2020,252
"572",308,3.76857142857143,7.76,5.63541666666667,413.140226190476,3.95922857142857,0.174012797619048,3.14153439153439e-06,3.07613392857143,2020,200
"573",308,4.64857142857143,8.48285714285714,6.6414880952381,411.0275625,3.65917191428571,0.12895,5.45634920634921e-06,2.93791369047619,2020,96
"574",308,4.76285714285714,9.00428571428571,6.70074404761905,429.296479166667,4.79873185714286,0.187725,2.19907407407407e-05,3.85663095238095,2020,148
"575",308,6.29857142857143,12.7457142857143,9.6285119047619,458.87699702381,5.97890982857143,0.466113095238095,0,2.405875,2020,44
"576",308,8.36542857142857,12.3304285714286,10.5986339285714,422.473255952381,3.45210685714286,0.180931845238095,3.7037037037037e-05,4.03227083333333,2020,304
"577",315,0.415714285714286,3.01,1.77616071428571,442.610282738095,2.2088484,0.060883630952381,4.05092592592593e-05,2.55180654761905,2021,97
"578",315,3.11428571428571,6.19,4.43502976190476,400.582598214286,3.44971491428571,0.0904151785714286,2.24669312169312e-05,2.40357142857143,2021,253
"579",315,3.14,5.72142857142857,4.35607142857143,436.77681547619,1.58451171428571,0.0605297619047619,3.55489417989418e-05,2.93555952380952,2021,149
"580",315,3.63528571428571,9.597,6.43545535714286,426.327446428571,6.45239108571429,0.297928273809524,4.96031746031746e-07,1.48254761904762,2021,305
"581",315,7.59428571428571,12.1757142857143,9.59741071428572,421.849651785714,5.00639888571429,0.23697619047619,4.96031746031746e-06,2.41381845238095,2021,201
"582",315,10.7242857142857,14.3814285714286,12.4932142857143,467.565232142857,4.6143432,0.336774404761905,1.07473544973545e-05,4.19395833333333,2021,45
"583",322,-0.564,3.75742857142857,1.47038095238095,445.161514880952,2.74613425714286,0.116087202380952,9.25925925925926e-06,3.54189583333333,2021,98
"584",322,0.735714285714286,4.29571428571429,2.55178571428571,407.024163690476,2.98506085714286,0.0925217261904762,2.06001984126984e-05,2.9640119047619,2021,254
"585",322,1.22285714285714,3.56,2.40610119047619,437.359488095238,2.37497142857143,0.0549979166666667,7.44047619047619e-06,3.20649107142857,2021,150
"586",322,1.54,6.81857142857143,3.94946428571429,421.864145833333,3.96192471428571,0.126334821428571,1.52116402116402e-05,2.77752678571429,2021,202
"587",322,6.14871428571429,9.813,8.07256547619048,427.35687797619,3.04917891428571,0.147407738095238,4.96031746031746e-06,3.00127678571429,2021,306
"588",322,6.28,10.56,8.62994047619048,439.621958333333,2.57364462857143,0.182650297619048,5.32407407407407e-05,4.92084226190476,2021,46
"589",329,-1.04714285714286,1.05571428571429,0.0301785714285714,418.853267857143,1.48356,0.0186142857142857,1.90145502645503e-05,2.99276488095238,2021,203
"590",329,0.172857142857143,3.03714285714286,1.71583333333333,423.230601190476,2.14072817142857,0.07675,4.4973544973545e-05,3.81205654761905,2021,47
"591",329,0.737142857142857,3.45714285714286,2.05261904761905,410.201610119048,2.38352914285714,0.0397464285714286,5.28439153439153e-06,2.10053869047619,2021,255
"592",329,1.952,6.68585714285714,4.36277678571429,429.32368452381,3.20605251428571,0.154016666666667,1.45502645502645e-05,3.89145833333333,2021,307
"593",329,2.97571428571429,7.41142857142857,5.38202380952381,433.034178571429,1.686222,0.145752976190476,6.29960317460318e-05,4.16294047619048,2021,151
"594",329,4.47528571428571,9.55914285714286,7.04691369047619,436.301318452381,2.76176905714286,0.236351488095238,1.20701058201058e-05,2.94206845238095,2021,99
"595",336,-2.72914285714286,2.35242857142857,-0.286767857142857,445.35431547619,3.03098194285714,0.113605654761905,1.98412698412698e-06,3.3095,2021,100
"596",336,-1.13571428571429,2.01157142857143,0.315398809523809,437.288011904762,3.18182785714286,0.06479375,3.14153439153439e-06,3.45708928571429,2021,308
"597",336,-0.808571428571429,1.19285714285714,0.182946428571429,438.41531547619,1.414467,0.0498589285714286,2.09986772486772e-05,2.78389880952381,2021,152
"598",336,0.05,3.96571428571429,1.85642857142857,416.207839285714,1.82899671428571,0.0978127976190476,1.12433862433862e-05,3.0967619047619,2021,204
"599",336,1.39285714285714,5.81142857142857,3.54053571428571,453.963922619048,2.08692745714286,0.0839699404761905,5.25793650793651e-05,4.17616964285714,2021,48
"600",336,1.67714285714286,5.47428571428571,3.58755952380952,403.905407738095,2.59614565714286,0.110872023809524,1.83531746031746e-05,3.20608035714286,2021,256
"601",343,-4.764,1.701,-1.84402380952381,457.251508928571,3.68663245714286,0.117859523809524,7.10978835978836e-06,2.98690476190476,2021,101
"602",343,-0.813428571428571,1.69485714285714,0.374595238095238,439.829767857143,1.83576137142857,0.0703925595238095,1.98412698412698e-06,1.89872023809524,2021,309
"603",343,-0.72,1.97285714285714,0.647172619047619,474.514139880952,1.641996,0.0635940476190476,3.48875661375661e-05,4.92894047619048,2021,153
"604",343,1.02714285714286,4.89714285714286,2.71142857142857,405.616821428571,2.34803288571429,0.0972622023809524,1.78174603174603e-05,4.51682142857143,2021,257
"605",343,3.36571428571429,7.62714285714286,5.40127976190476,414.03987797619,1.75599257142857,0.09461875,5.42328042328042e-05,4.18004464285714,2021,205
"606",343,3.86,7.49571428571429,5.67044642857143,439.788041666667,2.42584637142857,0.17824375,2.81084656084656e-06,4.50883035714286,2021,49
"607",350,-2.15428571428571,-0.22,-1.22958333333333,419.700389880952,1.30534328571429,0.0661059523809524,7.77116402116402e-06,3.24849107142857,2021,206
"608",350,-0.64,2.97857142857143,0.705386904761905,479.216345238095,1.25159348571429,0.0575133928571429,5.09259259259259e-05,3.75825595238095,2021,154
"609",350,0.71,4.09714285714286,2.51619047619048,405.31855952381,1.67060057142857,0.12083005952381,3.0896164021164e-05,3.51922916666667,2021,258
"610",350,1.10485714285714,3.07971428571429,2.04658035714286,440.051151785714,1.4032458,0.0534776785714286,7.44047619047619e-06,2.14270535714286,2021,310
"611",350,1.74142857142857,5.45142857142857,3.57122023809524,464.183413690476,2.0420244,0.0704919642857143,8.43253968253968e-06,3.63182738095238,2021,50
"612",350,2.533,5.50614285714286,4.08465773809524,435.795357142857,1.51140882857143,0.110895535714286,1.24007936507937e-05,3.10278273809524,2021,102
"613",357,-2.37614285714286,1.15314285714286,-0.40622619047619,449.90043452381,2.55920065714286,0.0842717261904762,1.48809523809524e-06,3.86905357142857,2021,103
"614",357,1.13,3.17,2.18327380952381,479.324931547619,1.57844828571429,0.0183282738095238,2.31481481481481e-06,3.44677678571429,2021,155
"615",357,1.68571428571429,5.26142857142857,3.54449404761905,415.310985119048,1.218204,0.0797327380952381,4.4973544973545e-05,3.9370119047619,2021,207
"616",357,3.48385714285714,7.16657142857143,5.01614583333333,436.092726190476,2.27636717142857,0.0654502976190476,8.43253968253968e-06,3.16351488095238,2021,311
"617",357,4.93571428571429,8.95,6.91285714285714,408.997529761905,2.44290342857143,0.252966369047619,9.17162698412698e-06,2.7423869047619,2021,259
"618",357,6.85142857142857,9.84571428571429,8.51360119047619,455.615898809524,1.1614122,0.120921726190476,1.38888888888889e-05,4.57804761904762,2021,51
"619",365,0.11,3.15875,1.69838541666667,416.176408854167,1.942277625,0.06391875,7.2337962962963e-06,3.106953125,2022,208
"620",365,0.16875,2.88875,1.60708333333333,410.755268229167,2.66242815,0.1636296875,1.24869791666667e-05,3.33759895833333,2022,260
"621",365,1.5175,5.38875,3.36065104166667,473.925546875,1.462201875,0.101692708333333,8.82523148148148e-06,4.6345859375,2022,156
"622",365,3.5625,7.70125,5.78455729166667,459.020520833333,2.503539,0.154675520833333,1.51909722222222e-05,3.53908072916667,2022,52
"623",366,0.107444444444444,4.56622222222222,2.36337962962963,447.56049537037,2.0202482,0.139204861111111,8.23045267489712e-06,4.53384722222222,2022,104
"624",366,0.299333333333333,3.17533333333333,1.62827777777778,440.098030448718,1.5704022,0.0628893518518518,2.17335390946502e-05,3.45194212962963,2022,312
