"","year","week","sm_z_scores","order","temp_z_scores","X","AverageWeeklyMeanT","sd","WeeklyMeanT"
"1",2000,18,0.629908000075416,210,1.21739356536844,572,10.3428080357143,3.29337605806647,14.3521428571429
"2",2000,19,0.563221729844962,211,1.3453606294596,607,11.5140133928571,3.52618212787187,16.258
"3",2000,20,0.63931584527277,212,0.780113886134042,632,11.6772723214286,3.33707571857719,14.2805714285714
"4",2000,21,0.605408324505907,213,-0.611467324700617,659,12.9821517857143,3.36078289968734,10.9271428571429
"5",2000,22,0.597926638402693,214,-0.5116956912784,686,13.59275,3.54374965331655,11.7794285714286
"6",2000,23,0.941362493965433,215,0.241767345527985,715,14.6589910714286,3.749213931354,15.5654285714286
"7",2000,24,1.35870486845605,216,0.771784856246875,741,14.4680580357143,2.89136716637427,16.6995714285714
"8",2000,25,1.25376828301316,217,0.93821428619421,772,15.2339508928571,3.38337932830359,18.4082857142857
"9",2000,26,1.26534491161064,218,-1.70402463188961,803,16.0508928571429,3.12715550014725,10.7221428571429
"10",2000,27,1.42786083692292,219,-0.411795442238572,833,16.6393482142857,3.20597369889768,15.3191428571429
"11",2000,28,1.4880459510089,220,-1.36543413015886,865,16.3221116071429,3.18881117072731,11.968
"12",2000,29,1.41837058560674,221,-1.44864807193298,897,17.1289151785714,3.29779457313289,12.3515714285714
"13",2000,30,1.16384524106945,222,-0.872205395755505,936,17.7828883928571,3.26204598250428,14.9377142857143
"14",2000,31,1.32225977173819,223,-0.789355317931962,969,18.0801339285714,3.07501163363736,15.6528571428571
"15",2000,32,1.41654259524923,224,-0.5496148677865,996,17.7713482142857,3.28839032605605,15.964
"16",2000,33,1.06499204449213,225,0.852457130779346,1026,16.7994151785714,2.70580741030325,19.106
"17",2000,34,1.0402883066434,226,-0.26329882005587,1058,16.6523035714286,3.04874948807924,15.8495714285714
"18",2000,35,1.09085252975099,227,0.0493521158439038,1095,14.8696160714286,3.1513701703533,15.0251428571429
"19",2000,36,1.02067127702935,228,-0.758514059348186,1127,13.9749464285714,2.75079654942165,11.8884285714286
"20",2001,18,0.571429129824772,229,0.697735760959255,547,10.3428080357143,3.29337605806647,12.6407142857143
"21",2001,19,0.515194793401754,230,0.270705823210101,591,11.5140133928571,3.52618212787187,12.4685714285714
"22",2001,20,0.582125550782503,231,0.220813250239487,615,11.6772723214286,3.33707571857719,12.4141428571429
"23",2001,21,0.59570401882093,232,0.213085447631271,650,12.9821517857143,3.36078289968734,13.6982857142857
"24",2001,22,0.34431896324811,233,-0.277319251115907,676,13.59275,3.54374965331655,12.61
"25",2001,23,0.769764698857122,234,-1.06292518952961,706,14.6589910714286,3.749213931354,10.6738571428571
"26",2001,24,1.17533334088376,235,-0.406698669144112,742,14.4680580357143,2.89136716637427,13.2921428571429
"27",2001,25,1.23247718741505,236,-0.84605420902177,774,15.2339508928571,3.38337932830359,12.3714285714286
"28",2001,26,1.18322880217386,237,0.470338436480738,801,16.0508928571429,3.12715550014725,17.5217142857143
"29",2001,27,0.813451289966792,238,0.354363592419214,836,16.6393482142857,3.20597369889768,17.7754285714286
"30",2001,28,0.531500271886429,239,-0.292575728084648,868,16.3221116071429,3.18881117072731,15.3891428571429
"31",2001,29,1.2326849659474,240,-0.745060973697979,900,17.1289151785714,3.29779457313289,14.6718571428571
"32",2001,30,0.710243273620052,241,0.702397966360609,929,17.7828883928571,3.26204598250428,20.0741428571429
"33",2001,31,0.467881202988548,242,0.0299679470172592,978,18.0801339285714,3.07501163363736,18.1722857142857
"34",2001,32,0.524987876823369,243,-0.833427195930964,1000,17.7713482142857,3.28839032605605,15.0307142857143
"35",2001,33,0.380016217835137,244,1.37783503578408,1025,16.7994151785714,2.70580741030325,20.5275714285714
"36",2001,34,0.398450717247903,245,1.1336205265515,1059,16.6523035714286,3.04874948807924,20.1084285714286
"37",2001,35,0.386204037813737,246,-0.0915843127994844,1091,14.8696160714286,3.1513701703533,14.581
"38",2001,36,0.511524669280578,247,-0.897279060269303,1122,13.9749464285714,2.75079654942165,11.5067142857143
"39",2002,18,0.798178516288166,248,-0.471364167624734,548,10.3428080357143,3.29337605806647,8.79042857142857
"40",2002,19,0.238845625130008,249,0.507384303874735,588,11.5140133928571,3.52618212787187,13.3031428571429
"41",2002,20,0.294041984019193,250,0.767313971083714,616,11.6772723214286,3.33707571857719,14.2378571428571
"42",2002,21,0.327852067988219,251,0.112513643355713,656,12.9821517857143,3.36078289968734,13.3602857142857
"43",2002,22,0.556437386310926,252,-0.313076372275894,685,13.59275,3.54374965331655,12.4832857142857
"44",2002,23,0.654275224817924,253,0.152834417844079,718,14.6589910714286,3.749213931354,15.232
"45",2002,24,1.0180562512054,254,0.453843321537373,755,14.4680580357143,2.89136716637427,15.7802857142857
"46",2002,25,0.531587890699794,255,1.02831862072948,779,15.2339508928571,3.38337932830359,18.7131428571429
"47",2002,26,0.0891069147414011,256,-0.650945289660636,809,16.0508928571429,3.12715550014725,14.0152857142857
"48",2002,27,0.0824388867572644,257,-0.443076333382589,842,16.6393482142857,3.20597369889768,15.2188571428571
"49",2002,28,0.0718337545252393,258,0.338246017347396,874,16.3221116071429,3.18881117072731,17.4007142857143
"50",2002,29,0.806383369313184,259,-0.798733207087535,905,17.1289151785714,3.29779457313289,14.4948571428571
"51",2002,30,0.495294956591577,260,-0.380839807577442,930,17.7828883928571,3.26204598250428,16.5405714285714
"52",2002,31,0.24851358722263,261,0.179700249292802,987,18.0801339285714,3.07501163363736,18.6327142857143
"53",2002,32,0.239432682964059,262,-0.560258373127904,1009,17.7713482142857,3.28839032605605,15.929
"54",2002,33,0.407369997310468,263,0.587313141337689,1033,16.7994151785714,2.70580741030325,18.3885714285714
"55",2002,34,0.595630499535576,264,0.487969390200266,1069,16.6523035714286,3.04874948807924,18.14
"56",2002,35,0.894031321016859,265,0.74773314501077,1098,14.8696160714286,3.1513701703533,17.226
"57",2002,36,0.261306609290811,266,0.6136079800742,1129,13.9749464285714,2.75079654942165,15.6628571428571
"58",2003,18,-0.434625665232918,267,0.911281284423889,545,10.3428080357143,3.29337605806647,13.344
"59",2003,19,-0.133298371063442,268,0.336377822038834,578,11.5140133928571,3.52618212787187,12.7001428571429
"60",2003,20,0.305475862340115,269,-0.517900241761812,610,11.6772723214286,3.33707571857719,9.949
"61",2003,21,0.313262824644209,270,0.204201463229935,641,12.9821517857143,3.36078289968734,13.6684285714286
"62",2003,22,-0.0344623344744885,271,1.29792907633333,682,13.59275,3.54374965331655,18.1922857142857
"63",2003,23,-0.473911423491556,272,1.27002098155098,734,14.6589910714286,3.749213931354,19.4205714285714
"64",2003,24,-0.907091911886535,273,1.01017924707412,740,14.4680580357143,2.89136716637427,17.3888571428571
"65",2003,25,-0.953884961187641,274,0.332564532410844,784,15.2339508928571,3.38337932830359,16.3591428571429
"66",2003,26,-1.14751245848617,275,0.243477773045487,811,16.0508928571429,3.12715550014725,16.8122857142857
"67",2003,27,-0.730330686925984,276,-0.591460047783542,843,16.6393482142857,3.20597369889768,14.7431428571429
"68",2003,28,-0.881523905642966,277,0.234087182170227,884,16.3221116071429,3.18881117072731,17.0685714285714
"69",2003,29,-1.1150639782854,278,1.31939231657328,907,17.1289151785714,3.29779457313289,21.48
"70",2003,30,-1.05603120581359,279,0.186507892498049,935,17.7828883928571,3.26204598250428,18.3912857142857
"71",2003,31,-0.998201215723243,280,1.38796513219138,974,18.0801339285714,3.07501163363736,22.3481428571429
"72",2003,32,-1.0356643472698,281,2.02971918378574,1003,17.7713482142857,3.28839032605605,24.4458571428571
"73",2003,33,-1.06380296158459,282,0.910058104988974,1030,16.7994151785714,2.70580741030325,19.2618571428571
"74",2003,34,-1.01985641238222,283,0.197124147197718,1062,16.6523035714286,3.04874948807924,17.2532857142857
"75",2003,35,-0.768924912703629,284,-0.677451924181587,1103,14.8696160714286,3.1513701703533,12.7347142857143
"76",2003,36,-0.613526858036254,285,-0.187614487819103,1144,13.9749464285714,2.75079654942165,13.4588571428571
"77",2004,18,-0.41811120868204,286,0.603520673214958,549,10.3428080357143,3.29337605806647,12.3304285714286
"78",2004,19,1.40532510087777,287,-0.826960516250186,577,11.5140133928571,3.52618212787187,8.598
"79",2004,20,0.0432491648327515,288,-0.0742697412049347,611,11.6772723214286,3.33707571857719,11.4294285714286
"80",2004,21,0.212711792428332,289,-1.37115425877197,642,12.9821517857143,3.36078289968734,8.374
"81",2004,22,0.179986567776856,290,-0.544429380547741,680,13.59275,3.54374965331655,11.6634285714286
"82",2004,23,0.219422891442461,291,0.212923204029811,709,14.6589910714286,3.749213931354,15.4572857142857
"83",2004,24,-0.220098937134306,292,0.0606037450411849,765,14.4680580357143,2.89136716637427,14.6432857142857
"84",2004,25,-0.532586507488541,293,-0.802015398843572,788,15.2339508928571,3.38337932830359,12.5204285714286
"85",2004,26,-0.392617133474566,294,-0.597724856132222,816,16.0508928571429,3.12715550014725,14.1817142857143
"86",2004,27,-0.0982350691555635,295,-0.93474777623556,844,16.6393482142857,3.20597369889768,13.6425714285714
"87",2004,28,0.003472701380582,296,-1.1252640160149,876,16.3221116071429,3.18881117072731,12.7338571428571
"88",2004,29,0.225714497568796,297,0.286797459989873,908,17.1289151785714,3.29779457313289,18.0747142857143
"89",2004,30,0.800950245100601,298,-0.554394337519467,944,17.7828883928571,3.26204598250428,15.9744285714286
"90",2004,31,0.497918958336966,299,0.208643229223816,983,18.0801339285714,3.07501163363736,18.7217142857143
"91",2004,32,0.0551464995011602,300,1.00663938464259,1016,17.7713482142857,3.28839032605605,21.0815714285714
"92",2004,33,-0.175561222049112,301,0.431827468516965,1039,16.7994151785714,2.70580741030325,17.9678571428571
"93",2004,34,-0.0746399864681238,302,-0.401200793659275,1071,16.6523035714286,3.04874948807924,15.4291428571429
"94",2004,35,-0.238776693656611,303,-0.361126932520788,1108,14.8696160714286,3.1513701703533,13.7315714285714
"95",2004,36,-0.299697237189338,304,0.8401916997669,1151,13.9749464285714,2.75079654942165,16.2861428571429
"96",2005,18,-0.278298639918484,305,0.893713553974344,546,10.3428080357143,3.29337605806647,13.2861428571429
"97",2005,19,0.0313506084579832,306,-1.53663133887977,589,11.5140133928571,3.52618212787187,6.09557142857143
"98",2005,20,0.468037602197851,307,-0.870775491794647,626,11.6772723214286,3.33707571857719,8.77142857142857
"99",2005,21,0.505135963230283,308,0.769333389621966,658,12.9821517857143,3.36078289968734,15.5677142857143
"100",2005,22,0.419521733985358,309,0.38166796376823,681,13.59275,3.54374965331655,14.9452857142857
"101",2005,23,0.460183496475891,310,-1.04162548662672,714,14.6589910714286,3.749213931354,10.7537142857143
"102",2005,24,0.462956390552178,311,-0.332289974307688,753,14.4680580357143,2.89136716637427,13.5072857142857
"103",2005,25,-0.027285377723634,312,1.11648068751,789,15.2339508928571,3.38337932830359,19.0114285714286
"104",2005,26,0.623232260476038,313,0.313189688551363,821,16.0508928571429,3.12715550014725,17.0302857142857
"105",2005,27,1.04618034650228,314,-0.431669056840029,853,16.6393482142857,3.20597369889768,15.2554285714286
"106",2005,28,0.51522292161705,315,0.898105356361976,881,16.3221116071429,3.18881117072731,19.186
"107",2005,29,0.0114632139437778,316,-0.402104499327425,909,17.1289151785714,3.29779457313289,15.8028571428571
"108",2005,30,-0.234852026065447,317,0.171442851291894,932,17.7828883928571,3.26204598250428,18.3421428571429
"109",2005,31,-0.236523797726486,318,-0.758321753575745,988,18.0801339285714,3.07501163363736,15.7482857142857
"110",2005,32,-0.368596664637374,319,-1.58781278880234,1017,17.7713482142857,3.28839032605605,12.55
"111",2005,33,-0.401985996133672,320,-0.599974400391438,1055,16.7994151785714,2.70580741030325,15.176
"112",2005,34,0.00618005384082277,321,-0.342253908578395,1086,16.6523035714286,3.04874948807924,15.6088571428571
"113",2005,35,-0.145832076027618,322,0.907754242827141,1120,14.8696160714286,3.1513701703533,17.7302857142857
"114",2005,36,0.04236795235971,323,1.63860978515655,1148,13.9749464285714,2.75079654942165,18.4824285714286
"115",2006,18,-0.0877925875640174,324,0.387676162802581,553,10.3428080357143,3.29337605806647,11.6195714285714
"116",2006,19,-0.409828870810494,325,0.676446149101256,594,11.5140133928571,3.52618212787187,13.8992857142857
"117",2006,20,-0.159885075611774,326,0.187764640142973,635,11.6772723214286,3.33707571857719,12.3038571428571
"118",2006,21,0.472531463217682,327,-0.593444313283535,667,12.9821517857143,3.36078289968734,10.9877142857143
"119",2006,22,0.592044419297053,328,-1.48753856830174,694,13.59275,3.54374965331655,8.32128571428571
"120",2006,23,0.563254434777309,329,-0.72948386555282,723,14.6589910714286,3.749213931354,11.924
"121",2006,24,0.552703435140856,330,1.20548971897882,762,14.4680580357143,2.89136716637427,17.9535714285714
"122",2006,25,0.200892249895993,331,0.696866406061354,790,15.2339508928571,3.38337932830359,17.5917142857143
"123",2006,26,0.192545941261406,332,0.464399675657836,813,16.0508928571429,3.12715550014725,17.5031428571429
"124",2006,27,0.0764486729094512,333,1.06740749567581,854,16.6393482142857,3.20597369889768,20.0614285714286
"125",2006,28,-0.109584250236413,334,0.972920519693515,886,16.3221116071429,3.18881117072731,19.4245714285714
"126",2006,29,-0.403845268121367,335,1.55885971461805,913,17.1289151785714,3.29779457313289,22.2697142857143
"127",2006,30,-0.591670981659078,336,1.45420483376282,957,17.7828883928571,3.26204598250428,22.5265714285714
"128",2006,31,-0.22674256197089,337,-0.490587574855955,963,18.0801339285714,3.07501163363736,16.5715714285714
"129",2006,32,0.0287857262716897,338,-0.953025441665189,1015,17.7713482142857,3.28839032605605,14.6374285714286
"130",2006,33,0.0210454681028678,339,-0.658842490440702,1056,16.7994151785714,2.70580741030325,15.0167142857143
"131",2006,34,0.12835239037471,340,-0.778592059511157,1087,16.6523035714286,3.04874948807924,14.2785714285714
"132",2006,35,0.673607291419382,341,-0.368017359395605,1119,14.8696160714286,3.1513701703533,13.7098571428571
"133",2006,36,1.06710454025321,342,0.665385190372994,1152,13.9749464285714,2.75079654942165,15.8052857142857
"134",2007,18,-1.03236052207074,343,0.284134995930736,568,10.3428080357143,3.29337605806647,11.2785714285714
"135",2007,19,-0.155524429029045,344,0.189557758031887,599,11.5140133928571,3.52618212787187,12.1824285714286
"136",2007,20,0.443309488754105,345,-0.059158135811096,628,11.6772723214286,3.33707571857719,11.4798571428571
"137",2007,21,0.407814235439993,346,1.54126236918415,664,12.9821517857143,3.36078289968734,18.162
"138",2007,22,0.906759947789108,347,-0.278649561147793,688,13.59275,3.54374965331655,12.6052857142857
"139",2007,23,0.539939385246181,348,1.0749324683798,710,14.6589910714286,3.749213931354,18.6891428571429
"140",2007,24,0.311290748985827,349,1.04688951285334,767,14.4680580357143,2.89136716637427,17.495
"141",2007,25,0.326078957331182,350,0.342613656881038,792,15.2339508928571,3.38337932830359,16.3931428571429
"142",2007,26,0.887078192847757,351,-0.748340967156385,823,16.0508928571429,3.12715550014725,13.7107142857143
"143",2007,27,0.657506530413747,352,-0.729906954883813,855,16.6393482142857,3.20597369889768,14.2992857142857
"144",2007,28,0.405710334386317,353,0.0136288475866655,888,16.3221116071429,3.18881117072731,16.3655714285714
"145",2007,29,0.333990513356494,354,0.686631773295435,918,17.1289151785714,3.29779457313289,19.3932857142857
"146",2007,30,0.897542251439035,355,-0.588290680233378,942,17.7828883928571,3.26204598250428,15.8638571428571
"147",2007,31,1.27637727530054,356,-1.32561345170996,979,18.0801339285714,3.07501163363736,14.0038571428571
"148",2007,32,1.48964418635273,357,-0.327708642137951,1012,17.7713482142857,3.28839032605605,16.6937142857143
"149",2007,33,1.50816919766659,358,-0.196609191443962,1041,16.7994151785714,2.70580741030325,16.2674285714286
"150",2007,34,1.2470270823206,359,-0.202571345441501,1081,16.6523035714286,3.04874948807924,16.0347142857143
"151",2007,35,0.918092403366854,360,-0.65415140172333,1109,14.8696160714286,3.1513701703533,12.8081428571429
"152",2007,36,0.87193296587297,361,-1.00218373910935,1149,13.9749464285714,2.75079654942165,11.2181428571429
"153",2008,18,0.170894578264647,362,-0.20173203805817,575,10.3428080357143,3.29337605806647,9.67842857142857
"154",2008,19,0.0404948957096138,363,0.713920917094211,606,11.5140133928571,3.52618212787187,14.0314285714286
"155",2008,20,0.00263485847508471,364,0.305874893065538,638,11.6772723214286,3.33707571857719,12.698
"156",2008,21,-0.0386166108866204,365,-0.156216258009478,672,12.9821517857143,3.36078289968734,12.4571428571429
"157",2008,22,-0.140768038996965,366,1.40894949535768,697,13.59275,3.54374965331655,18.5857142857143
"158",2008,23,-0.402415169731862,367,0.672371893838052,719,14.6589910714286,3.749213931354,17.1798571428571
"159",2008,24,-0.2373667838994,368,-0.753198122589008,768,14.4680580357143,2.89136716637427,12.2902857142857
"160",2008,25,-0.16730697214485,369,0.2855278741764,797,15.2339508928571,3.38337932830359,16.2
"161",2008,26,-0.0785113467590615,370,0.135118229415135,829,16.0508928571429,3.12715550014725,16.4734285714286
"162",2008,27,-0.480214358841765,371,0.468168999800613,861,16.6393482142857,3.20597369889768,18.1402857142857
"163",2008,28,-0.594901275391149,372,-0.278060690408352,896,16.3221116071429,3.18881117072731,15.4354285714286
"164",2008,29,-0.584630059876161,373,-0.86297527497833,923,17.1289151785714,3.29779457313289,14.283
"165",2008,30,-0.600514020879747,374,0.341888026798941,955,17.7828883928571,3.26204598250428,18.8981428571429
"166",2008,31,-0.501989118637536,375,0.822949848209042,991,18.0801339285714,3.07501163363736,20.6107142857143
"167",2008,32,-0.421910588022814,376,0.067664999135995,1021,17.7713482142857,3.28839032605605,17.9938571428571
"168",2008,33,-0.416956645711377,377,-0.352675625691169,1047,16.7994151785714,2.70580741030325,15.8451428571429
"169",2008,34,-0.363084314906042,378,-0.363761555837636,1082,16.6523035714286,3.04874948807924,15.5432857142857
"170",2008,35,-0.212351638694553,379,0.488299506822927,1106,14.8696160714286,3.1513701703533,16.4084285714286
"171",2008,36,-0.18801941236735,380,0.33509125105479,1150,13.9749464285714,2.75079654942165,14.8967142857143
"172",2009,18,0.191036317236509,381,-0.0285272289591974,570,10.3428080357143,3.29337605806647,10.2488571428571
"173",2009,19,0.441807354920871,382,0.0250739114898925,602,11.5140133928571,3.52618212787187,11.6024285714286
"174",2009,20,0.626565085170749,383,0.542566298795422,639,11.6772723214286,3.33707571857719,13.4878571428571
"175",2009,21,0.501169000433418,384,0.651546208874876,671,12.9821517857143,3.36078289968734,15.1718571428571
"176",2009,22,0.162507973862945,385,-0.26651552116002,701,13.59275,3.54374965331655,12.6482857142857
"177",2009,23,0.132619168572744,386,-1.03331898352687,728,14.6589910714286,3.749213931354,10.7848571428571
"178",2009,24,0.566262427789028,387,-0.592127508268413,761,14.4680580357143,2.89136716637427,12.756
"179",2009,25,1.07462905520186,388,-0.522117726100261,800,15.2339508928571,3.38337932830359,13.4674285714286
"180",2009,26,1.21444445460768,389,0.524837987724856,832,16.0508928571429,3.12715550014725,17.6921428571429
"181",2009,27,0.80969495634252,390,0.403156435442938,864,16.6393482142857,3.20597369889768,17.9318571428571
"182",2009,28,0.982729038482503,391,-0.266636818163138,894,16.3221116071429,3.18881117072731,15.4718571428571
"183",2009,29,0.877483524086175,392,-0.053689831730815,925,17.1289151785714,3.29779457313289,16.9518571428571
"184",2009,30,1.07758301959997,393,-0.239386077647382,956,17.7828883928571,3.26204598250428,17.002
"185",2009,31,0.937552686222601,394,-0.49514040315971,982,18.0801339285714,3.07501163363736,16.5575714285714
"186",2009,32,0.620786721265596,395,0.262506311202117,1011,17.7713482142857,3.28839032605605,18.6345714285714
"187",2009,33,0.453536501040039,396,0.400466351486249,1038,16.7994151785714,2.70580741030325,17.883
"188",2009,34,0.0840200041678748,397,0.40784286119522,1065,16.6523035714286,3.04874948807924,17.8957142857143
"189",2009,35,-0.127210319548887,398,0.547185457549114,1090,14.8696160714286,3.1513701703533,16.594
"190",2009,36,-0.239072295757192,399,-0.00496609401686676,1125,13.9749464285714,2.75079654942165,13.9612857142857
"191",2010,18,0.81704618250574,400,-0.464467206781573,552,10.3428080357143,3.29337605806647,8.81314285714286
"192",2010,19,1.06488820835548,401,-1.15058045865843,579,11.5140133928571,3.52618212787187,7.45685714285714
"193",2010,20,1.24773613099194,402,-1.21782870688821,620,11.6772723214286,3.33707571857719,7.61328571428571
"194",2010,21,0.998350742707245,403,-0.0510111795724593,648,12.9821517857143,3.36078289968734,12.8107142857143
"195",2010,22,0.854100081510029,404,-0.498392590959595,679,13.59275,3.54374965331655,11.8265714285714
"196",2010,23,0.789686705836934,405,0.807638343400121,720,14.6589910714286,3.749213931354,17.687
"197",2010,24,0.737893264569185,406,-0.174233257985122,744,14.4680580357143,2.89136716637427,13.9642857142857
"198",2010,25,0.352078561757835,407,-0.730995956159273,769,15.2339508928571,3.38337932830359,12.7607142857143
"199",2010,26,0.0582207151037092,408,0.874631000194365,812,16.0508928571429,3.12715550014725,18.786
"200",2010,27,-0.16993266435518,409,1.0487815519462,848,16.6393482142857,3.20597369889768,20.0017142857143
"201",2010,28,-0.330976576496236,410,2.21185066456415,880,16.3221116071429,3.18881117072731,23.3752857142857
"202",2010,29,-0.415219884263838,411,0.803246504760064,906,17.1289151785714,3.29779457313289,19.7778571428571
"203",2010,30,-0.461952423844314,412,-0.741218365965792,938,17.7828883928571,3.26204598250428,15.365
"204",2010,31,-0.284789730599607,413,-0.45072709848224,970,18.0801339285714,3.07501163363736,16.6941428571429
"205",2010,32,-0.161680543395599,414,-0.385053242344692,998,17.7713482142857,3.28839032605605,16.5051428571429
"206",2010,33,0.521187259083153,415,-0.769134364981453,1048,16.7994151785714,2.70580741030325,14.7182857142857
"207",2010,34,1.27153761287646,416,0.2474023727079,1070,16.6523035714286,3.04874948807924,17.4065714285714
"208",2010,35,1.53745869988358,417,-0.939016154889937,1107,14.8696160714286,3.1513701703533,11.9104285714286
"209",2010,36,1.5423203184214,418,-0.868663972130251,1138,13.9749464285714,2.75079654942165,11.5854285714286
"210",2011,18,-0.432767788870949,419,-0.77435329648935,565,10.3428080357143,3.29337605806647,7.79257142857143
"211",2011,19,-0.965765269411891,420,0.863982042116743,587,11.5140133928571,3.52618212787187,14.5605714285714
"212",2011,20,-1.20682699441233,421,0.269786838258095,634,11.6772723214286,3.33707571857719,12.5775714285714
"213",2011,21,-1.38703972126266,422,0.329724936613576,661,12.9821517857143,3.36078289968734,14.0902857142857
"214",2011,22,-1.29647283619251,423,0.384368896257195,689,13.59275,3.54374965331655,14.9548571428571
"215",2011,23,-1.00189792769674,424,0.533028399176539,726,14.6589910714286,3.749213931354,16.6574285714286
"216",2011,24,-1.30839474402954,425,0.353495340652387,757,14.4680580357143,2.89136716637427,15.4901428571429
"217",2011,25,-1.2459975591234,426,-0.442695864216087,782,15.2339508928571,3.38337932830359,13.7361428571429
"218",2011,26,-0.4273377976006,427,-0.0380194899605418,820,16.0508928571429,3.12715550014725,15.932
"219",2011,27,0.350824655650416,428,-0.537498282576459,846,16.6393482142857,3.20597369889768,14.9161428571429
"220",2011,28,0.249580128674919,429,0.161735991283726,893,16.3221116071429,3.18881117072731,16.8378571428571
"221",2011,29,0.123366429306331,430,-0.546919895793345,917,17.1289151785714,3.29779457313289,15.3252857142857
"222",2011,30,-0.57642151414137,431,-1.04155572815165,943,17.7828883928571,3.26204598250428,14.3852857142857
"223",2011,31,-0.585339451049825,432,-0.483386672946941,980,18.0801339285714,3.07501163363736,16.5937142857143
"224",2011,32,-0.473189924502997,433,-0.60022582175686,1007,17.7713482142857,3.28839032605605,15.7975714285714
"225",2011,35,-0.557694194117851,436,-0.547349785163741,1104,14.8696160714286,3.1513701703533,13.1447142857143
"226",2011,36,-0.0246650614019873,437,0.692650020269545,1139,13.9749464285714,2.75079654942165,15.8802857142857
"227",2012,18,0.10958465831961,438,1.1651675222542,554,10.3428080357143,3.29337605806647,14.1801428571429
"228",2012,19,0.520272074708555,439,0.199686073705659,595,11.5140133928571,3.52618212787187,12.2181428571429
"229",2012,20,0.52121454268872,440,-0.949201727153154,617,11.6772723214286,3.33707571857719,8.50971428571428
"230",2012,21,0.174714190100906,441,1.36842849083065,669,12.9821517857143,3.36078289968734,17.5811428571429
"231",2012,22,-0.165675035324307,442,0.0559838805083835,678,13.59275,3.54374965331655,13.7911428571429
"232",2012,23,0.0753097104404385,443,-0.776731864836479,707,14.6589910714286,3.749213931354,11.7468571428571
"233",2012,24,0.0917699355078103,444,-0.436145934829732,747,14.4680580357143,2.89136716637427,13.207
"234",2012,25,0.66105132231112,445,0.123644079139761,783,15.2339508928571,3.38337932830359,15.6522857142857
"235",2012,26,1.15990171391416,446,0.122692514462562,818,16.0508928571429,3.12715550014725,16.4345714285714
"236",2012,27,1.36903295294737,447,0.16119740565398,856,16.6393482142857,3.20597369889768,17.1561428571429
"237",2012,28,1.06035507285948,448,-0.434410941921609,878,16.3221116071429,3.18881117072731,14.9368571428571
"238",2012,29,1.37362338567366,449,-0.867913640278091,919,17.1289151785714,3.29779457313289,14.2667142857143
"239",2012,30,0.998594494722393,450,0.347975354495608,951,17.7828883928571,3.26204598250428,18.918
"240",2012,31,0.879796049349011,451,-0.306523230575575,961,18.0801339285714,3.07501163363736,17.1375714285714
"241",2012,32,0.854792695030998,452,-0.679856618862129,1001,17.7713482142857,3.28839032605605,15.5357142857143
"242",2012,33,0.569207591847604,453,0.169376100234545,1037,16.7994151785714,2.70580741030325,17.2577142857143
"243",2012,34,0.4327643247537,454,0.950688380799612,1083,16.6523035714286,3.04874948807924,19.5507142857143
"244",2012,35,0.431201599825119,455,0.138972996972203,1105,14.8696160714286,3.1513701703533,15.3075714285714
"245",2012,36,0.365678087358483,456,0.183550729839274,1133,13.9749464285714,2.75079654942165,14.4798571428571
"246",2013,18,1.01885294194889,457,0.0841231314790859,573,10.3428080357143,3.29337605806647,10.6198571428571
"247",2013,19,0.390490547426867,458,0.0475182590229466,600,11.5140133928571,3.52618212787187,11.6815714285714
"248",2013,20,0.640820853022544,459,0.244871953444439,619,11.6772723214286,3.33707571857719,12.4944285714286
"249",2013,21,1.37786777855044,460,-1.68931992022698,654,12.9821517857143,3.36078289968734,7.30471428571429
"250",2013,22,1.53873436427217,461,-0.836371963908069,691,13.59275,3.54374965331655,10.6288571428571
"251",2013,23,1.21722945611615,462,-0.0820338624659185,708,14.6589910714286,3.749213931354,14.3514285714286
"252",2013,25,0.601186742012309,464,1.02924753139478,781,15.2339508928571,3.38337932830359,18.7162857142857
"253",2013,26,0.628375384682377,465,-1.2989097782159,822,16.0508928571429,3.12715550014725,11.989
"254",2013,27,0.521638235799511,466,0.170153900126805,839,16.6393482142857,3.20597369889768,17.1848571428571
"255",2013,28,0.269968178035028,467,-0.220986128681171,883,16.3221116071429,3.18881117072731,15.6174285714286
"256",2013,29,0.0232075931497242,468,0.573655837314844,904,17.1289151785714,3.29779457313289,19.0207142857143
"257",2013,30,0.386029476063579,469,1.0492880576225,941,17.7828883928571,3.26204598250428,21.2057142857143
"258",2013,31,0.225540057697674,470,0.754936168242729,968,18.0801339285714,3.07501163363736,20.4015714285714
"259",2013,32,0.206504500155159,471,-0.200898878498933,1004,17.7713482142857,3.28839032605605,17.1107142857143
"260",2013,33,-0.210531942574088,472,-0.303258107945805,1050,16.7994151785714,2.70580741030325,15.9788571428571
"261",2013,34,-0.316106744067649,473,-0.252755855713085,1064,16.6523035714286,3.04874948807924,15.8817142857143
"262",2013,35,-0.396374867793469,474,0.0180732043726916,1115,14.8696160714286,3.1513701703533,14.9265714285714
"263",2013,36,-0.44336393022075,475,1.18227443220229,1146,13.9749464285714,2.75079654942165,17.2271428571429
"264",2014,18,0.596672656266795,476,-0.366261424712927,561,10.3428080357143,3.29337605806647,9.13657142857143
"265",2014,19,0.599177170936162,477,-0.400760992698035,583,11.5140133928571,3.52618212787187,10.1008571428571
"266",2014,20,1.10894097184891,478,-0.0590725176501985,612,11.6772723214286,3.33707571857719,11.4801428571429
"267",2014,21,0.650487447198046,479,0.836537118514454,644,12.9821517857143,3.36078289968734,15.7935714285714
"268",2014,22,0.900709665280463,480,-0.698221282718353,674,13.59275,3.54374965331655,11.1184285714286
"269",2014,23,0.610611614386259,481,1.02551258525809,711,14.6589910714286,3.749213931354,18.5038571428571
"270",2014,24,0.634081474498211,482,-0.0614344197967925,738,14.4680580357143,2.89136716637427,14.2904285714286
"271",2014,25,0.116231616264649,483,-0.746829660681627,770,15.2339508928571,3.38337932830359,12.7071428571429
"272",2014,26,0.111967278206599,484,-0.952999801669048,810,16.0508928571429,3.12715550014725,13.0707142857143
"273",2014,27,0.303372486571095,485,0.410642460673978,837,16.6393482142857,3.20597369889768,17.9558571428571
"274",2014,28,1.64177718836551,486,-0.0894547996144713,869,16.3221116071429,3.18881117072731,16.0368571428571
"275",2014,29,1.17879346676252,487,1.16444027554468,898,17.1289151785714,3.29779457313289,20.969
"276",2014,30,0.906684704713878,488,0.287145871253233,933,17.7828883928571,3.26204598250428,18.7195714285714
"277",2014,31,1.42958435416524,489,-0.0533766854004545,966,18.0801339285714,3.07501163363736,17.916
"278",2014,32,1.50734144703206,490,-0.205764480940718,997,17.7713482142857,3.28839032605605,17.0947142857143
"279",2014,33,1.09110247035495,491,-1.1736610967819,1029,16.7994151785714,2.70580741030325,13.6237142857143
"280",2014,34,0.981333612258755,492,-1.7027648849887,1057,16.6523035714286,3.04874948807924,11.461
"281",2014,35,0.980907314509808,493,-0.263029013066203,1089,14.8696160714286,3.1513701703533,14.0407142857143
"282",2014,36,1.13172880539816,494,0.468507152015245,1126,13.9749464285714,2.75079654942165,15.2637142857143
"283",2015,18,0.339784386598159,495,0.231128164796519,566,10.3428080357143,3.29337605806647,11.104
"284",2015,19,-0.364625524481763,496,0.337471680131589,598,11.5140133928571,3.52618212787187,12.704
"285",2015,20,-0.550413683784696,497,-0.393668290336941,630,11.6772723214286,3.33707571857719,10.3635714285714
"286",2015,21,-0.462130870477388,498,-0.627832559124155,657,12.9821517857143,3.36078289968734,10.8721428571429
"287",2015,22,-0.364639696044215,499,-0.293605470900164,675,13.59275,3.54374965331655,12.5522857142857
"288",2015,23,-0.444265926000427,500,0.239633564915176,716,14.6589910714286,3.749213931354,15.5574285714286
"289",2015,24,-0.882322064748593,501,0.141682542004412,743,14.4680580357143,2.89136716637427,14.8777142857143
"290",2015,25,-0.789652584471121,502,-1.10509361500763,771,15.2339508928571,3.38337932830359,11.495
"291",2015,26,-0.364595342869918,503,0.414331353643108,815,16.0508928571429,3.12715550014725,17.3465714285714
"292",2015,27,-0.235220303881557,504,1.70429891607616,847,16.6393482142857,3.20597369889768,22.1032857142857
"293",2015,28,-0.217391470042517,505,-0.255078547420881,870,16.3221116071429,3.18881117072731,15.5087142857143
"294",2015,29,0.0424000569195459,506,1.03950829725938,911,17.1289151785714,3.29779457313289,20.557
"295",2015,30,-0.000674099523281755,507,-0.574977388004658,948,17.7828883928571,3.26204598250428,15.9072857142857
"296",2015,31,-0.110002598590982,508,-0.243480495798051,976,18.0801339285714,3.07501163363736,17.3314285714286
"297",2015,32,-0.204388641423799,509,1.46995768858578,995,17.7713482142857,3.28839032605605,22.6051428571429
"298",2015,33,-0.150946180936471,510,0.436737542395546,1034,16.7994151785714,2.70580741030325,17.9811428571429
"299",2015,34,-0.0142548488921496,511,-0.109746401605826,1066,16.6523035714286,3.04874948807924,16.3177142857143
"300",2015,35,0.125805888005505,512,1.04166424932844,1093,14.8696160714286,3.1513701703533,18.1522857142857
"301",2015,36,0.0246084376177833,513,-0.907146332041403,1121,13.9749464285714,2.75079654942165,11.4795714285714
"302",2016,18,1.20682284561878,514,-0.649904361526919,560,10.3428080357143,3.29337605806647,8.20242857142857
"303",2016,19,0.0251594338032247,515,1.06683194843097,601,11.5140133928571,3.52618212787187,15.2758571428571
"304",2016,20,-0.558774837949964,516,-0.702450187520825,629,11.6772723214286,3.33707571857719,9.33314285714286
"305",2016,21,-0.536814682472082,517,0.198377990201278,666,12.9821517857143,3.36078289968734,13.6488571428571
"306",2016,22,0.454792640165468,518,0.522882389273784,684,13.59275,3.54374965331655,15.4457142857143
"307",2016,23,0.637755954796701,519,0.556157056890393,725,14.6589910714286,3.749213931354,16.7441428571429
"308",2016,24,0.959870591812895,520,-0.168897176283694,752,14.4680580357143,2.89136716637427,13.9797142857143
"309",2016,25,0.858448872566801,521,0.352029433170323,775,15.2339508928571,3.38337932830359,16.425
"310",2016,26,0.219011982550947,522,0.413691794785255,805,16.0508928571429,3.12715550014725,17.3445714285714
"311",2016,27,0.228694012984047,523,-0.438798604679133,838,16.6393482142857,3.20597369889768,15.2325714285714
"312",2016,28,-0.0699790007928304,524,0.467089376474049,866,16.3221116071429,3.18881117072731,17.8115714285714
"313",2016,29,-0.062336798117941,525,0.366331132712407,899,17.1289151785714,3.29779457313289,18.337
"314",2016,30,0.303499605648725,526,0.617175378607085,931,17.7828883928571,3.26204598250428,19.7961428571429
"315",2016,31,0.00938981210878214,527,-0.502434219932028,964,18.0801339285714,3.07501163363736,16.5351428571429
"316",2016,32,0.00692473931088128,528,-0.834513267904568,1005,17.7713482142857,3.28839032605605,15.0271428571429
"317",2016,33,-0.108795373333809,529,-0.402198736423201,1027,16.7994151785714,2.70580741030325,15.7111428571429
"318",2016,34,-0.0973340812254748,530,0.548275146240895,1060,16.6523035714286,3.04874948807924,18.3238571428571
"319",2016,35,-0.072641951753981,531,1.62186539124114,1100,14.8696160714286,3.1513701703533,19.9807142857143
"320",2016,36,0.0441530582229403,532,1.16331888379801,1130,13.9749464285714,2.75079654942165,17.175
"321",2017,18,1.11018378469537,533,-0.605052427490266,563,10.3428080357143,3.29337605806647,8.35014285714286
"322",2017,19,0.996603955677896,534,-0.340153151706203,581,11.5140133928571,3.52618212787187,10.3145714285714
"323",2017,20,0.579470884335086,535,1.08859611975489,621,11.6772723214286,3.33707571857719,15.31
"324",2017,21,0.0311822634490987,536,0.487001215489125,646,12.9821517857143,3.36078289968734,14.6188571428571
"325",2017,22,-0.387193804729263,537,1.33001776679934,673,13.59275,3.54374965331655,18.306
"326",2017,23,0.511098523560061,538,-0.207317267018047,722,14.6589910714286,3.749213931354,13.8817142857143
"327",2017,24,-0.211248262537144,539,0.544062628822484,763,14.4680580357143,2.89136716637427,16.0411428571429
"328",2017,25,-0.60882734039808,540,1.24893490374105,773,15.2339508928571,3.38337932830359,19.4595714285714
"329",2017,26,-0.221017984020777,541,-0.0813724439677913,806,16.0508928571429,3.12715550014725,15.7964285714286
"330",2017,27,-0.0511812990969828,542,0.409751267194106,834,16.6393482142857,3.20597369889768,17.953
"331",2017,28,0.501554528974881,543,-0.166913133387075,867,16.3221116071429,3.18881117072731,15.7898571428571
"332",2017,29,0.0184945814044136,544,0.421562849880849,903,17.1289151785714,3.29779457313289,18.5191428571429
"333",2017,30,1.06194637873636,545,-0.788997319326053,946,17.7828883928571,3.26204598250428,15.2091428571429
"334",2017,31,0.990719997408908,546,0.483206650399239,973,18.0801339285714,3.07501163363736,19.566
"335",2017,32,0.98980906681824,547,-0.810489355848255,1010,17.7713482142857,3.28839032605605,15.1061428571429
"336",2017,33,1.66532461373497,548,0.168742542314727,1032,16.7994151785714,2.70580741030325,17.256
"337",2017,34,1.23755323435912,549,-0.628507104889392,1061,16.6523035714286,3.04874948807924,14.7361428571429
"338",2017,35,1.11047161899031,550,0.338523385807259,1092,14.8696160714286,3.1513701703533,15.9364285714286
"339",2017,36,0.788788227396963,551,-0.220332283694964,1141,13.9749464285714,2.75079654942165,13.3688571428571
"340",2018,18,-0.426103026048631,552,0.164978068659304,555,10.3428080357143,3.29337605806647,10.8861428571429
"341",2018,19,-1.11033826417424,553,1.08080902406079,585,11.5140133928571,3.52618212787187,15.3251428571429
"342",2018,20,-1.66332510894909,554,0.320644025815907,618,11.6772723214286,3.33707571857719,12.7472857142857
"343",2018,21,-1.87120589138473,555,1.05115547852599,655,12.9821517857143,3.36078289968734,16.5148571428571
"344",2018,22,-1.89798295982181,556,1.62187972530922,695,13.59275,3.54374965331655,19.3402857142857
"345",2018,23,-2.10281420830098,557,1.19754864716589,732,14.6589910714286,3.749213931354,19.1488571428571
"346",2018,24,-2.64666491005747,558,0.443121749970634,760,14.4680580357143,2.89136716637427,15.7492857142857
"347",2018,25,-2.96378083458916,559,-0.0969722038718329,787,15.2339508928571,3.38337932830359,14.9058571428571
"348",2018,26,-2.73512718012988,560,0.402499514772844,802,16.0508928571429,3.12715550014725,17.3095714285714
"349",2018,27,-2.19916384803902,561,0.619270854315254,845,16.6393482142857,3.20597369889768,18.6247142857143
"350",2018,28,-2.09948713901369,562,0.126075590079015,873,16.3221116071429,3.18881117072731,16.7241428571429
"351",2018,29,-1.95088697157894,563,0.846522179623802,901,17.1289151785714,3.29779457313289,19.9205714285714
"352",2018,30,-1.74103377633712,564,1.65026933806527,947,17.7828883928571,3.26204598250428,23.1661428571429
"353",2018,31,-1.7848751250954,565,2.1190657343974,992,18.0801339285714,3.07501163363736,24.5962857142857
"354",2018,32,-1.8722486617264,566,1.00077459598508,1020,17.7713482142857,3.28839032605605,21.0622857142857
"355",2018,33,-1.94484781196654,567,0.875898773812429,1046,16.7994151785714,2.70580741030325,19.1694285714286
"356",2018,34,-1.95215911504144,568,0.372887077196534,1074,16.6523035714286,3.04874948807924,17.7891428571429
"357",2018,35,-1.88040245228038,569,0.126325437116475,1111,14.8696160714286,3.1513701703533,15.2677142857143
"358",2018,36,-1.7459934404773,570,0.848085517184537,1147,13.9749464285714,2.75079654942165,16.3078571428571
"359",2019,18,-1.24802163056426,571,-0.950247486546047,569,10.3428080357143,3.29337605806647,7.21328571428571
"360",2019,19,-0.273778455384556,572,-0.991403849529484,603,11.5140133928571,3.52618212787187,8.01814285714286
"361",2019,20,-0.278864299383099,573,-0.46772799949097,625,11.6772723214286,3.33707571857719,10.1164285714286
"362",2019,21,0.0955552506534993,574,-0.0445075929054555,662,12.9821517857143,3.36078289968734,12.8325714285714
"363",2019,22,-0.408100892064733,575,0.562025754151288,703,13.59275,3.54374965331655,15.5844285714286
"364",2019,23,-1.07046647045498,576,0.575246772729988,730,14.6589910714286,3.749213931354,16.8157142857143
"365",2019,24,-0.283257832729049,577,0.794660836133525,758,14.4680580357143,2.89136716637427,16.7657142857143
"366",2019,25,-0.699779693250082,578,1.12699426731284,795,15.2339508928571,3.38337932830359,19.047
"367",2019,26,-1.68528923937798,579,1.57015125810849,826,16.0508928571429,3.12715550014725,20.961
"368",2019,27,-2.04036626692664,580,-0.613918123476663,857,16.6393482142857,3.20597369889768,14.6711428571429
"369",2019,28,-1.29534912850038,581,-0.843475167299051,889,16.3221116071429,3.18881117072731,13.6324285714286
"370",2019,29,-0.8777582611167,582,0.0388395391490141,920,17.1289151785714,3.29779457313289,17.257
"371",2019,30,-1.33427978374322,583,1.67356759946551,952,17.7828883928571,3.26204598250428,23.2421428571429
"372",2019,31,-1.60400834710009,584,0.0532431202844053,984,18.0801339285714,3.07501163363736,18.2438571428571
"373",2019,32,-1.5385126148247,585,0.261941553775851,993,17.7713482142857,3.28839032605605,18.6327142857143
"374",2019,33,-1.66998825391337,586,-0.301621416652945,1044,16.7994151785714,2.70580741030325,15.9832857142857
"375",2019,34,-1.78056837206497,587,0.60066196461964,1084,16.6523035714286,3.04874948807924,18.4835714285714
"376",2019,35,-1.73525343946854,588,1.50241621482579,1113,14.8696160714286,3.1513701703533,19.6042857142857
"377",2019,36,-1.94327624583039,589,-0.352034395347631,1135,13.9749464285714,2.75079654942165,13.0065714285714
"378",2020,18,-3.20231292869107,590,-0.487457076258775,574,10.3428080357143,3.29337605806647,8.73742857142857
"379",2020,19,-3.41967231489509,591,-0.567716148264416,596,11.5140133928571,3.52618212787187,9.51214285714286
"380",2020,20,-3.08484882464095,592,-0.502103691080974,624,11.6772723214286,3.33707571857719,10.0017142857143
"381",2020,21,-2.97393958688435,593,-0.0143700573047112,652,12.9821517857143,3.36078289968734,12.9338571428571
"382",2020,22,-2.81254478425325,594,-0.000493827208805071,683,13.59275,3.54374965331655,13.591
"383",2020,23,-2.62674263361481,595,-0.559733997158738,735,14.6589910714286,3.749213931354,12.5604285714286
"384",2020,24,-1.17247728237903,596,0.648412670983522,748,14.4680580357143,2.89136716637427,16.3428571428571
"385",2020,25,0.780671091906458,597,0.38504798500096,785,15.2339508928571,3.38337932830359,16.5367142857143
"386",2020,26,-0.580450069457917,598,0.633380262457442,825,16.0508928571429,3.12715550014725,18.0315714285714
"387",2020,27,-1.68249936654489,599,0.0652604275442552,862,16.6393482142857,3.20597369889768,16.8485714285714
"388",2020,28,-2.12255732408081,600,-0.345707933899756,890,16.3221116071429,3.18881117072731,15.2197142857143
"389",2020,29,-2.25623496167842,601,-0.366323010401054,921,17.1289151785714,3.29779457313289,15.9208571428571
"390",2020,30,-2.20478381529846,602,0.12445218497145,958,17.7828883928571,3.26204598250428,18.1888571428571
"391",2020,31,-1.95306180604519,603,0.0711292314777283,985,18.0801339285714,3.07501163363736,18.2988571428571
"392",2020,32,-1.86450675097155,604,1.57026729606864,999,17.7713482142857,3.28839032605605,22.935
"393",2020,33,-1.53853497326478,605,1.08803508396307,1052,16.7994151785714,2.70580741030325,19.7434285714286
"394",2020,34,-1.80513396333095,606,0.656047670633677,1088,16.6523035714286,3.04874948807924,18.6524285714286
"395",2020,35,-2.01317015853657,607,0.00451900940183815,1117,14.8696160714286,3.1513701703533,14.8838571428571
"396",2020,36,-2.17457046722193,608,-0.149755324019877,1140,13.9749464285714,2.75079654942165,13.563
