"","day","mod_gpp","mod_gpp_unc95","mod_gpp_unc50","doy","year","obs_gpp","obs_gpp_unc","date"
"1",7,0.162954550521691,0.191163777611752,0.162954550521691,7,2015,0.13661539,1.485410822,2015-01-07
"2",14,0.146673273211042,0.168594889959781,0.146673273211042,14,2015,0.12169516,1.613666311,2015-01-14
"3",21,0.195764505645235,0.232561503483964,0.195764505645235,21,2015,0.093569162,1.556849407,2015-01-21
"4",28,0.154337176303806,0.181957266153677,0.154337176303806,28,2015,0.238257256,1.496834513,2015-01-28
"5",35,0.220112793697998,0.260660096976608,0.220112793697998,35,2015,0.142610424,1.530676764,2015-02-04
"6",42,0.269565163636781,0.321351816588525,0.269565163636781,42,2015,0.274416913,1.583311075,2015-02-11
"7",49,0.359166159021921,0.429454898889563,0.359166159021921,49,2015,0.183086518,1.433563529,2015-02-18
"8",56,0.39615025832306,0.45717753737929,0.39615025832306,56,2015,0.287804654,1.593285813,2015-02-25
"9",63,0.526129748094482,0.607724394649806,0.526129748094482,63,2015,0.272580685,1.588021865,2015-03-04
"10",70,0.554271028842083,0.641055266051592,0.554271028842083,70,2015,0.258510838,1.498359233,2015-03-11
"11",77,0.517099021122659,0.597952236343238,0.517099021122659,77,2015,0.364469674,1.411126375,2015-03-18
"12",84,0.677926192427512,0.782081503013419,0.677926192427512,84,2015,0.910954777,1.447240453,2015-03-25
"13",91,0.594780162757753,0.683414280595704,0.594780162757753,91,2015,0.515094062,1.460254612,2015-04-01
"14",98,0.874608223239964,0.987853387715581,0.874608223239964,98,2015,0.73715997,1.354125931,2015-04-08
"15",105,1.45652497973667,1.60735527881784,1.45652497973667,105,2015,1.765440907,1.358774115,2015-04-15
"16",112,1.96436513330554,2.13176509308744,1.96436513330554,112,2015,NA,2.116306013,2015-04-22
"17",119,3.12544629171959,3.29993472612527,3.12544629171959,119,2015,NA,2.116306013,2015-04-29
"18",126,5.15617604797952,5.3380911215869,5.15617604797952,126,2015,6.251290541,1.356420921,2015-05-06
"19",133,7.43775960973441,7.62970512148416,7.43775960973441,133,2015,7.969400301,1.363772495,2015-05-13
"20",140,9.55327605081724,9.6961888783742,9.55327605081724,140,2015,9.923524489,1.260537514,2015-05-20
"21",147,9.27251301918345,9.37125997686395,9.27251301918345,147,2015,10.0138251,1.180778334,2015-05-27
"22",154,10.6755361183478,10.7759038875317,10.6755361183478,154,2015,10.41869712,1.101010403,2015-06-03
"23",161,12.2773193608642,12.4019385708567,12.2773193608642,161,2015,12.79090853,1.270642312,2015-06-10
"24",168,12.4174351948097,12.5309520281208,12.4174351948097,168,2015,13.79773368,1.386824806,2015-06-17
"25",175,9.56044895320415,9.63459008130611,9.56044895320415,175,2015,NA,2.116306013,2015-06-24
"26",182,13.1782151630359,13.2881507800756,13.1782151630359,182,2015,NA,2.116306013,2015-07-01
"27",189,11.9496195888942,12.0393975922044,11.9496195888942,189,2015,11.74397726,1.193429781,2015-07-08
"28",196,11.2773205513989,11.3654030233894,11.2773205513989,196,2015,11.8362835,1.348853074,2015-07-15
"29",203,11.092256560274,11.2113414328407,11.092256560274,203,2015,12.26202961,1.544658019,2015-07-22
"30",210,11.4801053767026,11.5648551740866,11.4801053767026,210,2015,11.59359263,1.338967401,2015-07-29
"31",217,11.8501256009637,11.9431314243243,11.8501256009637,217,2015,10.29961894,1.381694472,2015-08-05
"32",224,8.23882686623691,8.447169697767,8.23882686623691,224,2015,8.259117594,1.246563273,2015-08-12
"33",231,6.53022757716959,6.65061521072506,6.53022757716959,231,2015,6.902698586,1.305226135,2015-08-19
"34",238,9.75499927287816,9.86977726220774,9.75499927287816,238,2015,8.223933386,1.359616893,2015-08-26
"35",245,8.73008091342747,8.83312999659479,8.73008091342747,245,2015,8.612528954,1.461498975,2015-09-02
"36",252,7.05947515386199,7.1933821115008,7.05947515386199,252,2015,8.289110137,1.114947873,2015-09-09
"37",259,5.45625307161263,5.57058524161888,5.45625307161263,259,2015,6.535155647,1.223667304,2015-09-16
"38",266,4.95011118700328,5.04280653784136,4.95011118700328,266,2015,7.587379959,1.152993548,2015-09-23
"39",273,5.14023779147489,5.24472957142906,5.14023779147489,273,2015,6.814216439,1.375060003,2015-09-30
"40",280,4.35192596040431,4.45192839587322,4.35192596040431,280,2015,5.248510808,1.436878452,2015-10-07
"41",287,2.49926423842215,2.56692128040794,2.49926423842215,287,2015,2.364595447,1.258769032,2015-10-14
"42",294,1.01681976553294,1.05637430192597,1.01681976553294,294,2015,1.166067341,1.670894829,2015-10-21
"43",301,1.60895009616713,1.67187154556653,1.60895009616713,301,2015,1.559098886,1.279579955,2015-10-28
"44",308,1.66268397369656,1.73899015751239,1.66268397369656,308,2015,0.661396216,1.489630979,2015-11-04
"45",315,1.22588975955771,1.2889475335764,1.22588975955771,315,2015,0.422064387,1.53293376,2015-11-11
"46",322,0.637740505784973,0.673198809433816,0.637740505784973,322,2015,0.204940546,1.556267799,2015-11-18
"47",329,0.403834042736743,0.4265057278746,0.403834042736743,329,2015,0.33277211,1.387973772,2015-11-25
"48",336,0.396349303237449,0.426942904888106,0.396349303237449,336,2015,0.344120398,1.365496038,2015-12-02
"49",343,0.40995527295036,0.438086844854492,0.40995527295036,343,2015,0.358031874,1.555650546,2015-12-09
"50",350,0.293228714721226,0.314026758667873,0.293228714721226,350,2015,0.335775798,1.54054516,2015-12-16
"51",357,0.195634415354427,0.209682505422903,0.195634415354427,357,2015,0.353828477,1.416483646,2015-12-23
"52",364,0.343194546698141,0.367644820014752,0.343194546698141,365,2015,0.282505222,1.521386042,2015-12-30
"53",371,0.162248810564899,0.174766126345712,0.162248810564899,7,2016,0.084421675,1.47376292,2016-01-06
"54",378,0.306581736704299,0.330804185510694,0.306581736704299,14,2016,NA,2.116306013,2016-01-13
"55",385,0.304964250154347,0.329473821254744,0.304964250154347,21,2016,NA,2.116306013,2016-01-20
"56",392,0.346755862574735,0.374839783543606,0.346755862574735,28,2016,NA,2.116306013,2016-01-27
"57",399,0.25841189124793,0.280406882102989,0.25841189124793,35,2016,NA,2.116306013,2016-02-03
"58",406,0.362006541544464,0.391923041503714,0.362006541544464,42,2016,NA,2.116306013,2016-02-10
"59",413,0.36722718877641,0.398155085572316,0.36722718877641,49,2016,0.120081312,1.512009082,2016-02-17
"60",420,0.469120474388957,0.50839348156164,0.469120474388957,56,2016,0.436510691,1.519670563,2016-02-24
"61",427,0.611937269380826,0.664733422122027,0.611937269380826,63,2016,0.501912112,1.506531778,2016-03-02
"62",434,0.672753764711014,0.730216767847706,0.672753764711014,70,2016,0.492499099,1.515888662,2016-03-09
"63",441,0.65210545954969,0.708362944204514,0.65210545954969,77,2016,NA,2.116306013,2016-03-16
"64",448,0.694795493095602,0.754291284177651,0.694795493095602,84,2016,NA,2.116306013,2016-03-23
"65",455,0.738900663649125,0.799980870656491,0.738900663649125,91,2016,2.571360929,1.506531778,2016-03-30
"66",462,1.29124979939343,1.38982769736857,1.29124979939343,98,2016,0.970638163,1.515888662,2016-04-06
"67",469,1.50776528493345,1.59578027540341,1.50776528493345,105,2016,1.43011427,1.431400417,2016-04-13
"68",476,1.95363146446039,2.04637110629001,1.95363146446039,112,2016,1.953270529,1.366425852,2016-04-20
"69",483,2.49908366349235,2.5936374758952,2.49908366349235,119,2016,2.300402258,1.357896839,2016-04-27
"70",490,5.32535328396224,5.4780353876217,5.32535328396224,126,2016,3.673625452,1.363358847,2016-05-04
"71",497,7.96152666853218,8.09451388559695,7.96152666853218,133,2016,7.168868126,1.458159378,2016-05-11
"72",504,7.90965605843972,8.0026608749232,7.90965605843972,140,2016,8.299653301,1.176040794,2016-05-18
"73",511,9.32637907407943,9.40134193294565,9.32637907407943,147,2016,9.310989856,1.386640976,2016-05-25
"74",518,9.63485650380683,9.70736033625479,9.63485650380683,154,2016,10.79049333,1.477699834,2016-06-01
"75",525,11.7072454167909,11.7923608553648,11.7072454167909,161,2016,13.35207006,1.356818628,2016-06-08
"76",532,10.7704509617234,10.8444421767184,10.7704509617234,168,2016,12.02566978,1.405382531,2016-06-15
"77",539,13.246407420486,13.3461533211127,13.246407420486,175,2016,14.18849324,1.402270242,2016-06-22
"78",546,13.6719844149237,13.7671820136905,13.6719844149237,182,2016,14.21895893,1.416228068,2016-06-29
"79",553,12.6113260520173,12.7034406605309,12.6113260520173,189,2016,11.84576943,1.41810926,2016-07-06
"80",560,12.4832961099446,12.5715232378261,12.4832961099446,196,2016,12.28484783,1.404014712,2016-07-13
"81",567,12.4070599895475,12.4827113590202,12.4070599895475,203,2016,12.29622288,1.410597908,2016-07-20
"82",574,11.5046672834499,11.5710672190223,11.5046672834499,210,2016,10.61709853,1.495869337,2016-07-27
"83",581,9.06959671057291,9.11571297240823,9.06959671057291,217,2016,NA,2.116306013,2016-08-03
"84",588,10.7700999230523,10.8433512589419,10.7700999230523,224,2016,9.136868963,1.422578881,2016-08-10
"85",595,11.1154706923246,11.2159411901561,11.1154706923246,231,2016,10.31266596,1.33914502,2016-08-17
"86",602,10.1439475389858,10.2235402661569,10.1439475389858,238,2016,8.613378103,1.484079699,2016-08-24
"87",609,7.49465471003431,7.77788486046764,7.49465471003431,245,2016,6.951453521,1.35100663,2016-08-31
"88",616,6.27091182812572,6.38686533255146,6.27091182812572,252,2016,6.126653703,1.320092015,2016-09-07
"89",623,7.75412728214842,7.85189052489615,7.75412728214842,259,2016,5.881665026,1.394358845,2016-09-14
"90",630,4.83809604221138,4.92636738383337,4.83809604221138,266,2016,NA,2.116306013,2016-09-21
"91",637,5.3531842128099,5.45321689785244,5.3531842128099,273,2016,6.85188878,1.314467516,2016-09-28
"92",644,2.95301339250402,3.02078705191416,2.95301339250402,280,2016,5.787586221,1.495869337,2016-10-05
"93",651,2.10734086401918,2.16410876356356,2.10734086401918,287,2016,1.287442083,1.279525547,2016-10-12
"94",658,2.0900235563008,2.16169872940593,2.0900235563008,294,2016,3.149635066,1.32670119,2016-10-19
"95",665,1.18164750463244,1.22768855697045,1.18164750463244,301,2016,1.169812702,1.485535938,2016-10-26
"96",672,1.09208080345136,1.14523261549718,1.09208080345136,308,2016,0.821573758,1.286494801,2016-11-02
"97",679,0.547270489438716,0.574322717363858,0.547270489438716,315,2016,0.392813405,1.529190475,2016-11-09
"98",686,0.635141465656383,0.670746596487729,0.635141465656383,322,2016,0.409860221,1.386599158,2016-11-16
"99",693,0.580683607543785,0.617268301037978,0.580683607543785,329,2016,0.434783386,1.44940274,2016-11-23
"100",700,0.486623831086501,0.518839353129472,0.486623831086501,336,2016,0.439376614,1.367555289,2016-11-30
"101",707,0.487613000209527,0.519991300557949,0.487613000209527,343,2016,NA,2.116306013,2016-12-07
"102",714,0.255996625649607,0.274702470614789,0.255996625649607,350,2016,NA,2.116306013,2016-12-14
"103",721,0.324743121427479,0.349461933974493,0.324743121427479,357,2016,0.263751368,1.478868024,2016-12-21
"104",728,0.276071539675657,0.296624208617734,0.276071539675657,366,2016,NA,-9999,2016-12-28
"105",735,0.271702690593194,0.293882799624436,0.271702690593194,7,2017,0.965231691,1.279152727,2017-01-04
"106",742,0.246140203120096,0.265329572253543,0.246140203120096,14,2017,0.657047084,1.350702344,2017-01-11
"107",749,0.367987715590726,0.398062301434263,0.367987715590726,21,2017,1.462916318,1.311878168,2017-01-18
"108",756,0.422668095916128,0.457237942626652,0.422668095916128,28,2017,0.769311763,1.323795679,2017-01-25
"109",763,0.337022765334431,0.364087767030014,0.337022765334431,35,2017,0.396256915,1.514643806,2017-02-01
"110",770,0.195085588679948,0.211052761180613,0.195085588679948,42,2017,NA,2.116306013,2017-02-08
"111",777,0.523776899360682,0.569997938652678,0.523776899360682,49,2017,NA,2.116306013,2017-02-15
"112",784,0.416105063641468,0.452466358708193,0.416105063641468,56,2017,0.549254893,1.51910041,2017-02-22
"113",791,0.631819001348743,0.689064638046084,0.631819001348743,63,2017,NA,2.116306013,2017-03-01
"114",798,0.63039342146682,0.685078787183818,0.63039342146682,70,2017,NA,2.116306013,2017-03-08
"115",805,0.86778982253301,0.946701000054384,0.86778982253301,77,2017,NA,2.116306013,2017-03-15
"116",812,0.757276033282546,0.823928112099485,0.757276033282546,84,2017,NA,2.116306013,2017-03-22
"117",819,1.36274707002171,1.47754690543409,1.36274707002171,91,2017,1.330575795,1.413412942,2017-03-29
"118",826,1.1104569428963,1.19529520266579,1.1104569428963,98,2017,1.851675707,1.487040789,2017-04-05
"119",833,1.41962086847636,1.49823644864158,1.41962086847636,105,2017,2.453340165,1.404713114,2017-04-12
"120",840,1.68493362262745,1.76705260854388,1.68493362262745,112,2017,2.056197627,1.395058383,2017-04-19
"121",847,2.87000115287919,2.98498908085722,2.87000115287919,119,2017,2.828937452,1.368423247,2017-04-26
"122",854,3.97438212622638,4.07564246446893,3.97438212622638,126,2017,2.286959433,1.392197363,2017-05-03
"123",861,6.98926731926971,7.09597733064066,6.98926731926971,133,2017,5.172766514,1.39640985,2017-05-10
"124",868,8.99644050930746,9.09606735073031,8.99644050930746,140,2017,9.551184305,1.709067615,2017-05-17
"125",875,11.1271227488872,11.2262187133428,11.1271227488872,147,2017,11.5274408,1.431638135,2017-05-24
"126",882,10.8784621248327,10.9751343399851,10.8784621248327,154,2017,13.86403823,1.500464659,2017-05-31
"127",889,12.4509999428556,12.5430269920576,12.4509999428556,161,2017,14.54239288,1.55725611,2017-06-07
"128",896,12.8645797031663,12.960481087752,12.8645797031663,168,2017,14.81332104,1.431143223,2017-06-14
"129",903,13.4458899831386,13.5556810904841,13.4458899831386,175,2017,NA,2.116306013,2017-06-21
"130",910,9.30253017299028,9.36334442843938,9.30253017299028,182,2017,10.96968946,1.580487743,2017-06-28
"131",917,14.0193056234698,14.1211282040733,14.0193056234698,189,2017,17.84495646,1.552513231,2017-07-05
"132",924,11.6975279877237,11.7707097291619,11.6975279877237,196,2017,13.54281574,1.437751446,2017-07-12
"133",931,13.051041869311,13.1349161989748,13.051041869311,203,2017,NA,2.116306013,2017-07-19
"134",938,8.8627202998328,8.90419317376557,8.8627202998328,210,2017,11.22944853,1.57722749,2017-07-26
"135",945,11.7437432494762,11.8148250138539,11.7437432494762,217,2017,14.04770679,1.329641098,2017-08-02
"136",952,10.2401872041608,10.3063640468184,10.2401872041608,224,2017,15.19043836,1.429426428,2017-08-09
"137",959,10.7625465810338,10.8511924085477,10.7625465810338,231,2017,13.22857003,1.529312508,2017-08-16
"138",966,10.4847969315933,10.5913580579713,10.4847969315933,238,2017,14.24385857,1.512009082,2017-08-23
"139",973,9.28658214311051,9.4027611746646,9.28658214311051,245,2017,9.187128154,1.246905131,2017-08-30
"140",980,7.21588601994121,7.32497852149123,7.21588601994121,252,2017,8.265497067,1.615697597,2017-09-06
"141",987,6.06263029999613,6.15905072320929,6.06263029999613,259,2017,8.048573038,1.464973329,2017-09-13
"142",994,5.80308218025723,5.89386515230644,5.80308218025723,266,2017,7.084924979,1.175281257,2017-09-20
"143",1001,3.62499470810468,3.69197807020201,3.62499470810468,273,2017,5.430123153,1.514432998,2017-09-27
"144",1008,2.99348796334695,3.05997164539753,2.99348796334695,280,2017,3.111499175,1.189457529,2017-10-04
"145",1015,2.74254790987123,2.81819090505431,2.74254790987123,287,2017,1.146781105,1.495869337,2017-10-11
"146",1022,3.13004961829608,3.23744224259154,3.13004961829608,294,2017,NA,2.116306013,2017-10-18
"147",1029,1.37031217606592,1.42015243059217,1.37031217606592,301,2017,NA,2.116306013,2017-10-25
"148",1036,1.37801449916419,1.44565775907303,1.37801449916419,308,2017,0.767284196,1.514643806,2017-11-01
"149",1043,0.452967859161333,0.475162309404297,0.452967859161333,315,2017,0.478949861,1.43304632,2017-11-08
"150",1050,0.510590543896827,0.539243128913348,0.510590543896827,322,2017,0.674634143,1.341930448,2017-11-15
"151",1057,0.398988400336399,0.423534721896587,0.398988400336399,329,2017,0.418513936,1.404930523,2017-11-22
"152",1064,0.304091463435107,0.323235288271141,0.304091463435107,336,2017,NA,2.116306013,2017-11-29
"153",1071,0.336562121413847,0.359475974523594,0.336562121413847,343,2017,0.245329477,1.433533961,2017-12-06
"154",1078,0.26578268772818,0.283613573518403,0.26578268772818,350,2017,NA,2.116306013,2017-12-13
"155",1085,0.232302693242572,0.249281563001782,0.232302693242572,357,2017,0.198508595,1.408395326,2017-12-20
"156",1092,0.222338290111735,0.23977734473039,0.222338290111735,365,2017,0.663581145,1.530788031,2017-12-27
"157",1099,0.17142188791518,0.183736238584752,0.17142188791518,7,2018,1.668311287,1.173212514,2018-01-03
"158",1106,0.229262387057356,0.246694053486712,0.229262387057356,14,2018,NA,2.116306013,2018-01-10
"159",1113,0.269652826814761,0.290986922908386,0.269652826814761,21,2018,NA,2.116306013,2018-01-17
"160",1120,0.248484845032717,0.270244096237958,0.248484845032717,28,2018,NA,2.116306013,2018-01-24
"161",1127,0.317786890335529,0.343392175418537,0.317786890335529,35,2018,NA,2.116306013,2018-01-31
"162",1134,0.308270925600225,0.332834824481435,0.308270925600225,42,2018,NA,2.116306013,2018-02-07
"163",1141,0.481326009256808,0.522566198343649,0.481326009256808,49,2018,0.354697243,1.551265919,2018-02-14
"164",1148,0.462065175813425,0.502465400994688,0.462065175813425,56,2018,NA,2.116306013,2018-02-21
"165",1155,0.387699893226788,0.422537750840885,0.387699893226788,63,2018,NA,2.116306013,2018-02-28
"166",1162,0.767819424035259,0.834902279491563,0.767819424035259,70,2018,NA,2.116306013,2018-03-07
"167",1169,0.58834090525349,0.640054238865433,0.58834090525349,77,2018,0.50152409,1.434183233,2018-03-14
"168",1176,0.815255731351735,0.888663602636326,0.815255731351735,84,2018,0.276111822,1.51910041,2018-03-21
"169",1183,0.774841862860932,0.84133513637287,0.774841862860932,91,2018,0.496529147,1.404940385,2018-03-28
"170",1190,1.48421984356036,1.5987968419778,1.48421984356036,98,2018,0.795770167,1.51910041,2018-04-04
"171",1197,1.64735661850317,1.73826378295161,1.64735661850317,105,2018,NA,2.116306013,2018-04-11
"172",1204,2.47358557323556,2.58282406523644,2.47358557323556,112,2018,NA,2.116306013,2018-04-18
"173",1211,3.61265535037635,3.74079447662101,3.61265535037635,119,2018,6.318071331,1.204375413,2018-04-25
"174",1218,5.71581472186528,5.85985494584509,5.71581472186528,126,2018,7.079498459,1.361206314,2018-05-02
"175",1225,7.95363966741104,8.07052206789779,7.95363966741104,133,2018,9.880221045,1.5611025,2018-05-09
"176",1232,9.69101937271293,9.78616220235929,9.69101937271293,140,2018,10.00254459,1.440603786,2018-05-16
"177",1239,10.5134959843867,10.6026402619239,10.5134959843867,147,2018,12.2087576,1.439506478,2018-05-23
"178",1246,11.3262110807869,11.4210024070204,11.3262110807869,154,2018,12.25351418,1.641947261,2018-05-30
"179",1253,11.9576490161722,12.0554784157933,11.9576490161722,161,2018,11.78869419,1.496554683,2018-06-06
"180",1260,11.4601437219351,11.5399770510202,11.4601437219351,168,2018,11.02777346,1.457391542,2018-06-13
"181",1267,11.6307897101762,11.7107708745627,11.6307897101762,175,2018,10.44290065,1.544252913,2018-06-20
"182",1274,13.425131461974,13.5246804790518,13.425131461974,182,2018,9.764354646,1.350805073,2018-06-27
"183",1281,10.3473564595153,10.6449159436897,10.3473564595153,189,2018,9.832067385,1.442888257,2018-07-04
"184",1288,6.52695286370385,6.67379071582786,6.52695286370385,196,2018,9.915027611,1.515888662,2018-07-11
"185",1295,4.80269304580955,4.93414433976942,4.80269304580955,203,2018,NA,2.116306013,2018-07-18
"186",1302,3.36943047994986,3.47576455645748,3.36943047994986,210,2018,NA,2.116306013,2018-07-25
"187",1309,2.95599744772405,3.05376406540691,2.95599744772405,217,2018,3.914739166,1.293684742,2018-08-01
"188",1316,3.05259435866906,3.16522061905726,3.05259435866906,224,2018,3.31627307,1.443624858,2018-08-08
"189",1323,3.36007372877954,3.49158524514703,3.36007372877954,231,2018,NA,2.116306013,2018-08-15
"190",1330,3.72691116225953,3.87749605242483,3.72691116225953,238,2018,3.979128221,1.437355424,2018-08-22
"191",1337,4.22638038845636,4.39346085789652,4.22638038845636,245,2018,3.36850473,1.380652227,2018-08-29
"192",1344,3.77744350162744,3.93642451709308,3.77744350162744,252,2018,3.956729582,1.306243729,2018-09-05
"193",1351,3.35782846748464,3.51048442168631,3.35782846748464,259,2018,2.994576034,1.407991048,2018-09-12
"194",1358,2.61586603696403,2.74702271168663,2.61586603696403,266,2018,1.811150506,1.408395326,2018-09-19
"195",1365,5.04956318235407,5.17544602800016,5.04956318235407,273,2018,3.333971474,1.514643806,2018-09-26
"196",1372,3.28819067081278,3.36945150504831,3.28819067081278,280,2018,3.934376804,1.506531778,2018-10-03
"197",1379,4.01085657711465,4.13730780601696,4.01085657711465,287,2018,3.259268629,1.246905131,2018-10-10
"198",1386,2.68298622321569,2.77332126084067,2.68298622321569,294,2018,2.66712751,1.436557254,2018-10-17
"199",1393,0.879741383249722,0.914894339659064,0.879741383249722,301,2018,1.760440377,1.270612027,2018-10-24
"200",1400,1.07043241843959,1.12076050287251,1.07043241843959,308,2018,NA,2.116306013,2018-10-31
"201",1407,1.16225025538233,1.22110328196758,1.16225025538233,315,2018,0.891620136,1.514432998,2018-11-07
"202",1414,0.787050872099233,0.829621304771791,0.787050872099233,322,2018,0.677087025,1.514643806,2018-11-14
"203",1421,0.32773077229341,0.346488244456993,0.32773077229341,329,2018,1.190265512,1.372708692,2018-11-21
"204",1428,0.333978890356733,0.355204733722453,0.333978890356733,336,2018,0.181132016,1.514432998,2018-11-28
"205",1435,0.301875601569217,0.321616182551763,0.301875601569217,343,2018,1.66906884,1.39442129,2018-12-05
"206",1442,0.200819870363137,0.215416770009,0.200819870363137,350,2018,0.847722546,1.500864802,2018-12-12
"207",1449,0.170643388977081,0.185935933119717,0.170643388977081,357,2018,NA,2.116306013,2018-12-19
"208",1456,0.221098715288173,0.246780621958762,0.221098715288173,365,2018,0.348175091,2.184082097,2018-12-26
"209",1463,0.230748699212139,0.249389616925981,0.230748699212139,7,2019,NA,2.116306013,2019-01-02
"210",1470,0.174720515913981,0.189003356588736,0.174720515913981,14,2019,NA,2.116306013,2019-01-09
"211",1477,0.376950915792511,0.408619291563619,0.376950915792511,21,2019,NA,2.116306013,2019-01-16
"212",1484,0.26270840080551,0.283490583093464,0.26270840080551,28,2019,NA,2.116306013,2019-01-23
"213",1491,0.364153797723805,0.39424136812949,0.364153797723805,35,2019,NA,2.116306013,2019-01-30
"214",1498,0.325375016017595,0.353660012019584,0.325375016017595,42,2019,NA,2.116306013,2019-02-06
"215",1505,0.677006470992967,0.734808507329076,0.677006470992967,49,2019,0.859468502,1.331351529,2019-02-13
"216",1512,0.616219196140305,0.668514209636436,0.616219196140305,56,2019,NA,2.116306013,2019-02-20
"217",1519,0.645595244073804,0.705425635596899,0.645595244073804,63,2019,NA,2.116306013,2019-02-27
"218",1526,0.520648559598588,0.570009160918538,0.520648559598588,70,2019,NA,2.116306013,2019-03-06
"219",1533,0.497072251248115,0.542018581056652,0.497072251248115,77,2019,NA,2.116306013,2019-03-13
"220",1540,0.996153738556118,1.08772926035683,0.996153738556118,84,2019,2.010428955,1.284148656,2019-03-20
"221",1547,1.00663666441285,1.10021104304273,1.00663666441285,91,2019,0.697047563,1.494488912,2019-03-27
"222",1554,1.08631568007366,1.1775687996327,1.08631568007366,98,2019,1.187149059,1.552413997,2019-04-03
"223",1561,1.03511932783138,1.1079183843985,1.03511932783138,105,2019,1.850829624,1.412780816,2019-04-10
"224",1568,2.28677074911093,2.40565529791982,2.28677074911093,112,2019,2.221332303,1.293036202,2019-04-17
"225",1575,2.75706097393258,2.86506707676803,2.75706097393258,119,2019,3.599681334,1.543164889,2019-04-24
"226",1582,3.7157271054032,3.84212655860244,3.7157271054032,126,2019,5.094238211,1.539954905,2019-05-01
"227",1589,4.98280271649777,5.11786926572171,4.98280271649777,133,2019,5.351489398,1.366518607,2019-05-08
"228",1596,6.77642756614853,6.91498521864854,6.77642756614853,140,2019,6.553235763,1.51910041,2019-05-15
"229",1603,8.49042501323797,8.61163252367914,8.49042501323797,147,2019,8.500207708,1.571351003,2019-05-22
"230",1610,9.54707552244202,9.65720502989821,9.54707552244202,154,2019,9.81450133,1.423122922,2019-05-29
"231",1617,10.2238205644596,10.3274900936941,10.2238205644596,161,2019,11.88043054,1.367862033,2019-06-05
"232",1624,10.4978255837491,10.5944190611402,10.4978255837491,168,2019,15.58769679,1.51910041,2019-06-12
"233",1631,11.5902923471394,11.6913469224598,11.5902923471394,175,2019,11.42658864,1.430082017,2019-06-19
"234",1638,10.9444184764805,11.0390415240885,10.9444184764805,182,2019,11.3985679,1.493213433,2019-06-26
"235",1645,11.7828371159506,11.8853600740095,11.7828371159506,189,2019,13.91713892,1.438889066,2019-07-03
"236",1652,8.90083969918228,8.9721743187393,8.90083969918228,196,2019,10.05299668,1.340824981,2019-07-10
"237",1659,10.4251084428336,10.5078358843215,10.4251084428336,203,2019,8.803884883,1.347511709,2019-07-17
"238",1666,9.99296478137343,10.0608653889793,9.99296478137343,210,2019,10.13878754,1.391433331,2019-07-24
"239",1673,9.92915283105921,9.98786115390064,9.92915283105921,217,2019,11.98504456,1.428404349,2019-07-31
"240",1680,9.74049779889111,9.81811853892639,9.74049779889111,224,2019,10.89991138,1.560949615,2019-08-07
"241",1687,9.10500060837766,9.2330510366144,9.10500060837766,231,2019,9.562689987,1.342329937,2019-08-14
"242",1694,9.25229755544912,9.36403790286873,9.25229755544912,238,2019,NA,2.116306013,2019-08-21
"243",1701,7.75736248751563,7.82302899740603,7.75736248751563,245,2019,7.884625609,1.402099529,2019-08-28
"244",1708,6.98005030401013,7.14066497980789,6.98005030401013,252,2019,7.286969701,1.496347485,2019-09-04
"245",1715,6.42412957950516,6.55672753307414,6.42412957950516,259,2019,5.756523242,1.408480813,2019-09-11
"246",1722,5.39836354756095,5.52620454772317,5.39836354756095,266,2019,5.826579192,1.437355424,2019-09-18
"247",1729,3.21058613651563,3.29720515161132,3.21058613651563,273,2019,5.158740801,1.532294705,2019-09-25
"248",1736,2.32125598668088,2.38676881733788,2.32125598668088,280,2019,3.646413882,1.602819786,2019-10-02
"249",1743,2.46630177019863,2.55019267740479,2.46630177019863,287,2019,2.789572984,1.398343576,2019-10-09
"250",1750,1.91616814068877,1.98240513450054,1.91616814068877,294,2019,2.195032379,1.314467516,2019-10-16
"251",1757,1.50166556534829,1.57060463439828,1.50166556534829,301,2019,1.12825041,1.456178169,2019-10-23
"252",1764,1.05872723054545,1.11829170902527,1.05872723054545,308,2019,0.740830707,1.514057034,2019-10-30
"253",1771,0.734473535550557,0.778892706517676,0.734473535550557,315,2019,0.496408176,1.523635085,2019-11-06
"254",1778,0.550302143455422,0.587852372643437,0.550302143455422,322,2019,0.447304299,1.512009082,2019-11-13
"255",1785,0.369014729938006,0.39825438920783,0.369014729938006,329,2019,0.357621906,1.491954277,2019-11-20
"256",1792,0.389722940163857,0.41738146624283,0.389722940163857,336,2019,1.001112811,1.405157759,2019-11-27
"257",1799,0.323428779092149,0.347628970432411,0.323428779092149,343,2019,0.743996805,1.437577534,2019-12-04
"258",1806,0.224721403863261,0.241415843002629,0.224721403863261,350,2019,NA,2.116306013,2019-12-11
"259",1813,0.292461792580629,0.314757764151557,0.292461792580629,357,2019,0.375981153,1.444194966,2019-12-18
"260",1820,0.269583816838778,0.29060096713205,0.269583816838778,365,2019,0.654605739,2.184082097,2019-12-25
"261",1827,0.243303178741496,0.26340052161934,0.243303178741496,7,2020,0.854077767,1.51910041,2020-01-01
"262",1834,0.209317235246514,0.226597046975027,0.209317235246514,14,2020,NA,2.116306013,2020-01-08
"263",1841,0.36875362153559,0.401505653912009,0.36875362153559,21,2020,0.552057601,1.279970402,2020-01-15
"264",1848,0.222503997080898,0.243216309480035,0.222503997080898,28,2020,0.640580111,1.340285865,2020-01-22
"265",1855,0.237679671559635,0.260304733692739,0.237679671559635,35,2020,0.38534159,1.409960469,2020-01-29
"266",1862,0.378715111325592,0.414543651906476,0.378715111325592,42,2020,0.322843273,1.348601221,2020-02-05
"267",1869,0.374773149389682,0.410334528987668,0.374773149389682,49,2020,NA,2.116306013,2020-02-12
"268",1876,0.37110386357699,0.406048063910601,0.37110386357699,56,2020,NA,2.116306013,2020-02-19
"269",1883,0.459589557575341,0.504211702764664,0.459589557575341,63,2020,0.352663921,1.405788587,2020-02-26
"270",1890,0.415532102244306,0.457288991890077,0.415532102244306,70,2020,0.371504286,1.430968568,2020-03-04
"271",1897,0.716220734512518,0.787579629210376,0.716220734512518,77,2020,NA,2.116306013,2020-03-11
"272",1904,0.778601371068784,0.853556064186342,0.778601371068784,84,2020,0.420699233,1.408622003,2020-03-18
"273",1911,0.86254371509045,0.945465216596023,0.86254371509045,91,2020,NA,2.116306013,2020-03-25
"274",1918,1.19960281103577,1.30275556472252,1.19960281103577,98,2020,0.59839238,1.39640985,2020-04-01
"275",1925,1.56857499617277,1.66635000044987,1.56857499617277,105,2020,1.296882391,1.512009082,2020-04-08
"276",1932,2.32702130444343,2.44463877671974,2.32702130444343,112,2020,2.153512257,1.51910041,2020-04-15
"277",1939,3.4976760463484,3.62313013418633,3.4976760463484,119,2020,3.683376572,1.41474357,2020-04-22
"278",1946,4.17896534222915,4.30325222620016,4.17896534222915,126,2020,4.118315048,1.42601719,2020-04-29
"279",1953,7.04606520083877,7.18273786988145,7.04606520083877,133,2020,4.884288561,1.458976368,2020-05-06
"280",1960,9.08656196918283,9.19479200019975,9.08656196918283,140,2020,6.793544304,1.608018472,2020-05-13
"281",1967,9.30554850237417,9.3921075685458,9.30554850237417,147,2020,6.565527431,1.38755252,2020-05-20
"282",1974,11.8350346054223,11.9429553688525,11.8350346054223,154,2020,8.615543278,1.40076571,2020-05-27
"283",1981,9.85874957251738,9.934623470062,9.85874957251738,161,2020,6.771772671,1.403587261,2020-06-03
"284",1988,10.3808288565995,10.4787491994127,10.3808288565995,168,2020,NA,2.116306013,2020-06-10
"285",1995,12.2078658152553,12.3019382928548,12.2078658152553,175,2020,NA,2.116306013,2020-06-17
"286",2002,13.2043420261662,13.3064433813569,13.2043420261662,182,2020,10.12205686,1.701293324,2020-06-24
"287",2009,13.1801027326363,13.2919434470887,13.1801027326363,189,2020,9.204672275,1.64526182,2020-07-01
"288",2016,11.8636546780615,11.9473592677627,11.8636546780615,196,2020,10.13377924,1.515888662,2020-07-08
"289",2023,12.1052365726396,12.1887028858549,12.1052365726396,203,2020,8.814861492,1.325332147,2020-07-15
"290",2030,11.7845538917808,11.8568446456721,11.7845538917808,210,2020,6.672305635,1.423665675,2020-07-22
"291",2037,9.39982977327031,9.57488444701431,9.39982977327031,217,2020,NA,2.116306013,2020-07-29
"292",2044,9.48960170359063,9.56347294450194,9.48960170359063,224,2020,NA,2.116306013,2020-08-05
"293",2051,7.74525828540685,7.89403041266759,7.74525828540685,231,2020,8.674784578,1.502116007,2020-08-12
"294",2058,9.95533729344151,10.0553186199314,9.95533729344151,238,2020,6.314971052,1.16662741,2020-08-19
"295",2065,7.14696478836746,7.25345716340524,7.14696478836746,245,2020,7.052435627,1.575647223,2020-08-26
"296",2072,8.0679263427497,8.21031247266055,8.0679263427497,252,2020,NA,2.116306013,2020-09-02
"297",2079,8.14036324756465,8.24697625700033,8.14036324756465,259,2020,4.874455701,1.404713114,2020-09-09
"298",2086,7.33229791806606,7.43625238415446,7.33229791806606,266,2020,4.482690633,1.316144361,2020-09-16
"299",2093,4.57586403089077,4.66439614159256,4.57586403089077,273,2020,NA,2.116306013,2020-09-23
"300",2100,3.52098470605083,3.58768378929631,3.52098470605083,280,2020,3.350702156,1.416474952,2020-09-30
"301",2107,2.40571290224669,2.47338412340724,2.40571290224669,287,2020,2.539830743,1.508259607,2020-10-07
"302",2114,1.53415292039875,1.58682353575184,1.53415292039875,294,2020,0.72933754,1.495869337,2020-10-14
"303",2121,1.47921554009681,1.5422486148528,1.47921554009681,301,2020,1.419695074,1.402954041,2020-10-21
"304",2128,1.06193088880732,1.11667215841862,1.06193088880732,308,2020,NA,2.116306013,2020-10-28
"305",2135,1.36373596135219,1.4405745095822,1.36373596135219,315,2020,NA,2.116306013,2020-11-04
"306",2142,0.713008904176446,0.758744343798467,0.713008904176446,322,2020,NA,2.116306013,2020-11-11
"307",2149,0.619577050456636,0.659758324366886,0.619577050456636,329,2020,0.174558548,1.413412942,2020-11-18
"308",2156,0.501515831796596,0.533920161352705,0.501515831796596,336,2020,NA,2.116306013,2020-11-25
"309",2163,0.308147011113291,0.33084896436352,0.308147011113291,343,2020,0.353760255,1.495869337,2020-12-02
"310",2170,0.217298340884407,0.232697607069954,0.217298340884407,350,2020,0.471537375,1.316144361,2020-12-09
"311",2177,0.326180195008146,0.350342548216045,0.326180195008146,357,2020,0.197623163,1.33419522,2020-12-16
"312",2184,0.205324230193786,0.220430186799384,0.205324230193786,366,2020,NA,-9999,2020-12-23
