"","day","mod_gpp","mod_gpp_unc95","mod_gpp_unc50","doy","year","obs_gpp","obs_gpp_unc","obs_lai","obs_lai_unc","obs_nee","obs_nee_unc","date"
"1",7,0,0.143250085828491,0,7,2000,0.061201955,1.572188903,NA,-9999,1.378513046,0.58565463,2000-01-07
"2",14,0,0,0,14,2000,0.069064902,1.621375722,NA,-9999,1.262389893,0.657248204,2000-01-14
"3",21,0,0,0,21,2000,0.127633315,1.395783813,NA,-9999,1.125727927,0.592850996,2000-01-21
"4",28,0,0,0,28,2000,0.135436801,1.559048699,NA,-9999,1.00724021,0.778858225,2000-01-28
"5",35,0.016749260877498,0.0985050138561849,0.016749260877498,35,2000,0.21645225,1.50974594,NA,-9999,1.148506302,0.622933858,2000-02-04
"6",42,0.136084405002099,0.198793139641139,0.136084405002099,42,2000,0.23129387,1.516380249,NA,-9999,1.362698393,0.642794987,2000-02-11
"7",49,0,0.0478784060099049,0,49,2000,0.163994886,1.536034001,NA,-9999,1.163440646,0.58565463,2000-02-18
"8",56,0,0.0567959272301981,0,56,2000,0.186513078,1.527202886,NA,-9999,1.231504004,0.610227219,2000-02-25
"9",63,0.158484765067228,0.234192793578574,0.158484765067228,63,2000,0.230059067,1.593706834,NA,-9999,1.262676568,0.647013587,2000-03-03
"10",70,0.141899141090023,0.210589549345286,0.141899141090023,70,2000,0.150321341,1.61628188,NA,-9999,1.206933425,0.619502028,2000-03-10
"11",77,0.130889382884963,0.193403241805321,0.130889382884963,77,2000,0.205401665,1.388414213,NA,-9999,1.411273174,0.607301113,2000-03-17
"12",84,0.257775738863502,0.361349215263453,0.257775738863502,84,2000,0.265760904,1.661419063,NA,-9999,1.78312851,0.646886975,2000-03-24
"13",91,0.154860850790505,0.200545678935305,0.154860850790505,91,2000,0.314372403,1.446061264,NA,-9999,1.762328555,0.592850996,2000-03-31
"14",98,0.556318205108799,0.660753233440589,0.556318205108799,98,2000,1.170819427,1.363932958,NA,-9999,1.304620182,0.66448997,2000-04-07
"15",105,0.852645621658976,0.950809906305559,0.852645621658976,105,2000,1.4013208,1.364591354,NA,-9999,1.426807259,0.634684492,2000-04-14
"16",112,1.63539011002859,1.74848157886758,1.63539011002859,112,2000,1.722529073,1.573777319,NA,-9999,2.195719479,0.724028434,2000-04-21
"17",119,3.07129607310035,3.19417195815364,3.07129607310035,119,2000,4.071620639,1.631709582,NA,-9999,2.063105312,0.749082486,2000-04-28
"18",126,5.22080895792169,5.34100708058,5.22080895792169,126,2000,5.560846446,1.394829502,NA,-9999,0.976565498,0.645097548,2000-05-05
"19",133,7.2404958562667,7.36337930801627,7.2404958562667,133,2000,9.025321584,1.585930842,NA,-9999,-3.402574412,0.782416399,2000-05-12
"20",140,8.6157739110378,8.71499464220744,8.6157739110378,140,2000,10.19902356,1.547856925,NA,-9999,-4.90413113,0.746608656,2000-05-19
"21",147,9.20217931974921,9.30164787737968,9.20217931974921,147,2000,10.45389194,1.285056761,NA,-9999,-6.006694648,0.612703833,2000-05-26
"22",154,11.2454247035892,11.3534786193402,11.2454247035892,154,2000,12.38894173,1.240120421,NA,-9999,-7.563324836,0.640004734,2000-06-02
"23",161,12.1025962245654,12.2018187944392,12.1025962245654,161,2000,12.30020354,1.380302222,NA,-9999,-6.116741254,0.676218729,2000-06-09
"24",168,13.3224267384194,13.4138061462274,13.3224267384194,168,2000,13.67236047,1.494106074,NA,-9999,-8.138561107,0.747376294,2000-06-16
"25",175,12.3563651918782,12.4469703720153,12.3563651918782,175,2000,14.67410299,1.325728985,NA,-9999,-8.233667834,0.687310424,2000-06-23
"26",182,12.548533267087,12.6390524536373,12.548533267087,182,2000,13.72923804,1.195804497,NA,-9999,-9.042090675,0.611954787,2000-06-30
"27",189,10.552900937008,10.6227411518241,10.552900937008,189,2000,10.63272737,1.344683199,NA,-9999,-5.934682756,0.696592632,2000-07-07
"28",196,9.75673202526448,9.82871971914186,9.75673202526448,196,2000,10.11717676,1.210981758,NA,-9999,-6.301644183,0.637464679,2000-07-14
"29",203,10.6733498438097,10.7489920271641,10.6733498438097,203,2000,11.07876375,1.176040794,NA,-9999,-7.554958251,0.58565463,2000-07-21
"30",210,10.7257956239566,10.7965524645484,10.7257956239566,210,2000,11.50561588,1.3437041,NA,-9999,-6.827348612,0.64262043,2000-07-28
"31",217,13.0642346986836,13.1604804251401,13.0642346986836,217,2000,14.50615091,1.353213646,NA,-9999,-8.690304093,0.712894461,2000-08-04
"32",224,12.2873084059933,12.3816581079872,12.2873084059933,224,2000,NA,2.116306013,NA,-9999,NA,0.911057024,2000-08-11
"33",231,12.3595968898879,12.4495549469656,12.3595968898879,231,2000,11.68157994,1.204375413,NA,-9999,-6.592326439,0.630014997,2000-08-18
"34",238,11.5276817735617,11.6198183037682,11.5276817735617,238,2000,11.18875729,1.282175669,NA,-9999,-6.818217549,0.673562554,2000-08-25
"35",245,10.9602689548534,11.0590115483356,10.9602689548534,245,2000,NA,2.116306013,NA,-9999,NA,0.911057024,2000-09-01
"36",252,6.7283754187972,6.80318556936464,6.7283754187972,252,2000,7.397197391,1.245846731,NA,-9999,-3.803078823,0.615266031,2000-09-08
"37",259,8.43561793001359,8.52755715880052,8.43561793001359,259,2000,8.139266032,1.47899962,NA,-9999,-3.89464783,0.735580179,2000-09-15
"38",266,4.52863763599829,4.59854493832121,4.52863763599829,266,2000,5.060966861,1.319782341,NA,-9999,-1.738589985,0.63704172,2000-09-22
"39",273,5.91005788086061,5.99286352560273,5.91005788086061,273,2000,6.421773608,1.415379107,NA,-9999,-2.858620297,0.699233506,2000-09-29
"40",280,4.1855653142011,4.26040867749308,4.1855653142011,280,2000,4.205293261,1.49850938,NA,-9999,-0.535141231,0.7244424,2000-10-06
"41",287,2.43964188949132,2.49979498023875,2.43964188949132,287,2000,2.950088983,1.176040794,NA,-9999,-0.179019026,0.59680318,2000-10-13
"42",294,1.80644975537322,1.86691413693115,1.80644975537322,294,2000,2.159916574,1.347792703,NA,-9999,1.672505708,0.647722091,2000-10-20
"43",301,1.49768107776633,1.57179770082092,1.49768107776633,301,2000,0.938299439,1.564313733,NA,-9999,2.767470746,0.606545395,2000-10-27
"44",308,0.626062475782911,0.667360869511219,0.626062475782911,308,2000,0.222506706,1.628241008,NA,-9999,2.864362145,0.58565463,2000-11-03
"45",315,0.472859330739883,0.514652945338391,0.472859330739883,315,2000,0.215645205,1.574373404,NA,-9999,2.239757156,0.588688341,2000-11-10
"46",322,0.266544167674742,0.297301546888313,0.266544167674742,322,2000,0.182586393,1.486121999,NA,-9999,2.397826615,0.58565463,2000-11-17
"47",329,0.157101923362324,0.177996771969539,0.157101923362324,329,2000,0.145024333,1.535389703,NA,-9999,2.015276128,0.58565463,2000-11-24
"48",336,0.0995421746472967,0.116508345284696,0.0995421746472967,336,2000,0.175882959,1.577652636,NA,-9999,2.076863363,0.631976765,2000-12-01
"49",343,0.0696830438767903,0.08256388836992,0.0696830438767903,343,2000,0.179171649,1.483586108,NA,-9999,2.230884216,0.591255182,2000-12-08
"50",350,0.0321515835104667,0.0389575184921624,0.0321515835104667,350,2000,0.167649857,1.428850361,NA,-9999,1.746346105,0.58,2000-12-15
"51",357,0.020069569783109,0.0247212574636446,0.020069569783109,357,2000,0.141473222,1.35892803,NA,-9999,2.367574823,0.607301113,2000-12-22
"52",364,0.0189853272560549,0.0235869057206813,0.0189853272560549,366,2000,0.240407611,1.40820158,NA,-9999,1.829335817,0.591255182,2000-12-29
"53",371,0.00925670210438738,0.0115686178653931,0.00925670210438738,7,2001,0.159480611,1.538339552,NA,-9999,0.779344709,0.591255182,2001-01-05
"54",378,0.00861982865023975,0.0109538189409569,0.00861982865023975,14,2001,0.194504616,1.337843229,NA,-9999,0.317478038,0.648928386,2001-01-12
"55",385,0.0105873415781895,0.0136966023533597,0.0105873415781895,21,2001,NA,2.116306013,NA,-9999,0.75279744,0.702757867,2001-01-19
"56",392,0.00886466759643014,0.0116698287866826,0.00886466759643014,28,2001,0.153006026,1.438934514,NA,-9999,0.982495891,0.665859391,2001-01-26
"57",399,0.00791883879352388,0.0105287627538654,0.00791883879352388,35,2001,0.09932997,1.492705453,NA,-9999,1.405068073,0.701313835,2001-02-02
"58",406,0.0102199771647986,0.0138488550841972,0.0102199771647986,42,2001,0.184849585,1.45566319,NA,-9999,1.512092778,0.606545395,2001-02-09
"59",413,0.0132794776468366,0.0179080960403155,0.0132794776468366,49,2001,0.205273386,1.596538139,NA,-9999,1.513606877,0.624799254,2001-02-16
"60",420,0.00985624608431007,0.0133195468041361,0.00985624608431007,56,2001,0.22098401,1.391090414,NA,-9999,1.41079238,0.601849895,2001-02-23
"61",427,0.0140790735721822,0.0187714703642733,0.0140790735721822,63,2001,0.221212241,1.597762332,NA,-9999,1.108884096,0.591255182,2001-03-02
"62",434,0.0153109240137062,0.01990954489881,0.0153109240137062,70,2001,0.364091345,1.29962148,NA,-9999,1.478689832,0.636616107,2001-03-09
"63",441,0.0164461025147182,0.0200276762863611,0.0164461025147182,77,2001,0.382698216,1.33103136,NA,-9999,1.383441067,0.58565463,2001-03-16
"64",448,0.0388418926570105,0.0463099296159338,0.0388418926570105,84,2001,0.212755943,1.536895817,NA,-9999,1.243333417,0.706175669,2001-03-23
"65",455,0.0927388171478496,0.108637359887139,0.0927388171478496,91,2001,0.051329697,1.514057034,NA,-9999,1.092660291,0.690704325,2001-03-30
"66",462,0.269655199842485,0.306907985392542,0.269655199842485,98,2001,1.12352037,1.273329564,NA,-9999,1.241122243,0.666009958,2001-04-06
"67",469,0.557694694410197,0.61136517210748,0.557694694410197,105,2001,0.969862661,1.594078182,NA,-9999,1.223448867,0.710482612,2001-04-13
"68",476,0.928156979381304,0.987972973052682,0.928156979381304,112,2001,1.200670254,1.39189119,NA,-9999,0.751424751,0.61731678,2001-04-20
"69",483,2.32595589937438,2.40962168436211,2.32595589937438,119,2001,2.143211427,1.34169944,NA,-9999,1.574770497,0.678183432,2001-04-27
"70",490,4.33093975855336,4.41974892210968,4.33093975855336,126,2001,3.050672295,1.573031932,NA,-9999,2.967659838,0.760808872,2001-05-04
"71",497,6.92220770724081,7.01226889151507,6.92220770724081,133,2001,6.706205174,1.436597618,NA,-9999,-0.790411512,0.712279392,2001-05-11
"72",504,8.37298972020481,8.44699365471046,8.37298972020481,140,2001,8.504870287,1.562869783,NA,-9999,-2.6103298,0.678216905,2001-05-18
"73",511,10.2029205749099,10.2809458458817,10.2029205749099,147,2001,10.10550036,1.299191788,NA,-9999,-4.25253327,0.642905749,2001-05-25
"74",518,9.77364911941665,9.82747050297543,9.77364911941665,154,2001,9.780763676,1.253287312,NA,-9999,-5.154675356,0.601849895,2001-06-01
"75",525,9.00299212605301,9.04704536914218,9.00299212605301,161,2001,10.20075963,1.433863572,NA,-9999,-5.925107571,0.617620633,2001-06-08
"76",532,12.7355297588224,12.8158151833159,12.7355297588224,168,2001,13.43983279,1.356534493,NA,-9999,-8.281660568,0.673742466,2001-06-15
"77",539,11.6224155134126,11.6773461999557,11.6224155134126,175,2001,12.13202315,1.343307451,NA,-9999,-8.490149641,0.682648771,2001-06-22
"78",546,13.8416236634066,13.9053021524572,13.8416236634066,182,2001,15.30185454,1.550049475,NA,-9999,-9.098918608,0.765548181,2001-06-29
"79",553,14.6048646491281,14.6763303054064,14.6048646491281,189,2001,14.73482091,1.266686399,NA,-9999,-8.778286778,0.652087362,2001-07-06
"80",560,12.1601384815365,12.2244707104795,12.1601384815365,196,2001,12.14842932,1.204829157,NA,-9999,-7.29259617,0.612703833,2001-07-13
"81",567,13.8290857735268,13.9148998576065,13.8290857735268,203,2001,13.65069619,1.409026905,NA,-9999,-8.569932148,0.686399155,2001-07-20
"82",574,13.3889525743127,13.4637338346764,13.3889525743127,210,2001,14.4514112,1.49297099,NA,-9999,-9.932303786,0.747531321,2001-07-27
"83",581,13.0812150146174,13.1554225015942,13.0812150146174,217,2001,12.75326728,1.418818394,NA,-9999,-8.187716319,0.673234296,2001-08-03
"84",588,10.8784096287652,10.9318608603332,10.8784096287652,224,2001,11.24770026,1.298411048,NA,-9999,-6.956474027,0.637896353,2001-08-10
"85",595,11.1179970379775,11.1886949207124,11.1179970379775,231,2001,11.10357556,1.371395773,NA,-9999,-6.416069386,0.697660041,2001-08-17
"86",602,8.74649255645281,8.89418508605758,8.74649255645281,238,2001,10.59015593,1.514643806,NA,-9999,-4.392655033,0.722557366,2001-08-24
"87",609,8.47428619760352,8.57924861614808,8.47428619760352,245,2001,10.15699851,1.313695663,NA,-9999,-5.974603881,0.714414833,2001-08-31
"88",616,5.60914299950197,5.65844118634487,5.60914299950197,252,2001,6.944013406,1.189099156,NA,-9999,-3.998601512,0.591255182,2001-09-07
"89",623,3.99087044447413,4.0415180785026,3.99087044447413,259,2001,5.648294187,1.131708997,NA,-9999,-2.792562501,0.601849895,2001-09-14
"90",630,5.32916802121102,5.39634119501852,5.32916802121102,266,2001,6.677971828,1.210981758,NA,-9999,-3.63205815,0.634834399,2001-09-21
"91",637,3.97377830173351,4.02945600737524,3.97377830173351,273,2001,4.759475336,1.443236054,NA,-9999,-1.868502568,0.661834165,2001-09-28
"92",644,3.19738405536245,3.25716382212625,3.19738405536245,280,2001,1.979104298,1.537223681,NA,-9999,-0.268756188,0.666547863,2001-10-05
"93",651,3.46047629620524,3.54365821553346,3.46047629620524,287,2001,0.825513598,1.487709279,NA,-9999,-0.175296686,0.664295345,2001-10-12
"94",658,2.16928281585646,2.24062474485735,2.16928281585646,294,2001,1.529059989,1.446310303,NA,-9999,0.732266953,0.757535805,2001-10-19
"95",665,1.02790445547603,1.08003974719257,1.02790445547603,301,2001,1.668710266,1.29159193,NA,-9999,1.326381739,0.58565463,2001-10-26
"96",672,0.860117281947754,0.919277930729939,0.860117281947754,308,2001,0.803147688,1.393317878,NA,-9999,1.962723642,0.622933858,2001-11-02
"97",679,0.453219183408981,0.494060768571014,0.453219183408981,315,2001,0.523869497,1.249646417,NA,-9999,2.641061428,0.622330456,2001-11-09
"98",686,0.286404222129952,0.319865681605876,0.286404222129952,322,2001,0.264918056,1.439909438,NA,-9999,2.622938905,0.643718424,2001-11-16
"99",693,0.11637914188658,0.132555455702043,0.11637914188658,329,2001,0.052960489,1.394829502,NA,-9999,1.66003722,0.583063133,2001-11-23
"100",700,0.0369409254110357,0.0430945019154895,0.0369409254110357,336,2001,0.174671648,1.232156269,NA,-9999,1.759849135,0.606545395,2001-11-30
"101",707,0.0237798778602757,0.0283073980327053,0.0237798778602757,343,2001,0.098320249,1.638034665,NA,-9999,1.600997721,0.58,2001-12-07
"102",714,0.0293348302228165,0.0355690939813862,0.0293348302228165,350,2001,0.09385127,1.389463849,NA,-9999,1.381860443,0.647141802,2001-12-14
"103",721,0.0230398576136436,0.0281909736558106,0.0230398576136436,357,2001,0.078478134,1.361858944,NA,-9999,1.155137179,0.702304169,2001-12-21
"104",728,0.0170659031350855,0.0213185560004445,0.0170659031350855,365,2001,0.149774445,1.456178169,NA,-9999,1.221460329,0.63996836,2001-12-28
"105",735,0.017754400614373,0.0223769351576909,0.017754400614373,7,2002,NA,2.116306013,NA,-9999,NA,0.911057024,2002-01-04
"106",742,0.012777242756292,0.0162451340001428,0.012777242756292,14,2002,NA,2.116306013,NA,-9999,0.949047725,0.669239117,2002-01-11
"107",749,0.00588851459474856,0.0075902927065287,0.00588851459474856,21,2002,NA,2.116306013,NA,-9999,1.043041873,0.622384205,2002-01-18
"108",756,0.00788480033360413,0.0103267276961924,0.00788480033360413,28,2002,0.153700837,1.517606438,NA,-9999,1.34429032,0.58565463,2002-01-25
"109",763,0.0139238884585623,0.0184615611549723,0.0139238884585623,35,2002,0.220853986,1.578572569,NA,-9999,1.590886083,0.606545395,2002-02-01
"110",770,0.00569506438777029,0.00763870498039119,0.00569506438777029,42,2002,0.163814936,1.58629332,NA,-9999,1.467490257,0.58565463,2002-02-08
"111",777,0.0128962250286854,0.0174824363251259,0.0128962250286854,49,2002,0.209872652,1.5436301,NA,-9999,1.498079522,0.638183784,2002-02-15
"112",784,0.00910570763690229,0.0122712154261252,0.00910570763690229,56,2002,0.176760595,1.348482464,NA,-9999,1.000287999,0.58,2002-02-22
"113",791,0.0119489720260771,0.0159445067163202,0.0119489720260771,63,2002,0.200157711,1.664836036,NA,-9999,1.175862022,0.654857244,2002-03-01
"114",798,0.0209143140281239,0.0272209581764142,0.0209143140281239,70,2002,0.249651456,1.575207953,NA,-9999,1.456811958,0.632702108,2002-03-08
"115",805,0.0250317045205576,0.0302428088405235,0.0250317045205576,77,2002,0.34316643,1.402548194,NA,-9999,1.738814783,0.775229166,2002-03-15
"116",812,0.0321227675556419,0.0380494311798692,0.0321227675556419,84,2002,0.351276863,1.602804206,NA,-9999,1.495236936,0.726870408,2002-03-22
"117",819,0.13953578361761,0.163067272803987,0.13953578361761,91,2002,0.911301343,1.593212532,NA,-9999,1.56050423,0.786044333,2002-03-29
"118",826,0.34731178816916,0.396775527269364,0.34731178816916,98,2002,1.181212617,1.65027874,NA,-9999,1.126963663,0.692507961,2002-04-05
"119",833,0.437456907672209,0.482101141054259,0.437456907672209,105,2002,0.925779809,1.427763974,NA,-9999,1.229191218,0.627471602,2002-04-12
"120",840,1.21761009549651,1.29015712253509,1.21761009549651,112,2002,1.798970096,1.530836482,NA,-9999,1.372437601,0.746534945,2002-04-19
"121",847,2.05294943290754,2.12022336932282,2.05294943290754,119,2002,1.889743772,1.62416027,NA,-9999,1.985497855,0.7233107,2002-04-26
"122",854,2.61006814623532,2.65969376110975,2.61006814623532,126,2002,2.936611724,1.285056761,NA,-9999,1.56323,0.61731678,2002-05-03
"123",861,5.99015233382042,6.06138848892307,5.99015233382042,133,2002,6.800601405,1.422836585,NA,-9999,0.06745917,0.72856744,2002-05-10
"124",868,8.26797439502315,8.34388322818863,8.26797439502315,140,2002,9.230493394,1.252510883,NA,-9999,-2.089887412,0.654857244,2002-05-17
"125",875,8.69198715115209,8.75737228457399,8.69198715115209,147,2002,9.572327273,1.487895349,NA,-9999,-3.516774343,0.698529922,2002-05-24
"126",882,11.8305298704514,11.9069586144916,11.8305298704514,154,2002,11.76980544,1.582938859,NA,-9999,-5.746280796,0.769885703,2002-05-31
"127",889,8.87230558664736,8.93145139723046,8.87230558664736,161,2002,10.55804703,1.187186221,NA,-9999,-3.983233704,0.63551127,2002-06-07
"128",896,10.4744011378289,10.55470800126,10.4744011378289,168,2002,12.86571265,1.590780655,NA,-9999,-7.580126341,0.715394705,2002-06-14
"129",903,11.5021363530479,11.5512726998438,11.5021363530479,175,2002,13.5863658,1.383537121,NA,-9999,-8.715233622,0.69432058,2002-06-21
"130",910,13.772591483519,13.8364656897897,13.772591483519,182,2002,13.92698506,1.172989602,NA,-9999,-9.815218268,0.635641805,2002-06-28
"131",917,11.9898349662869,12.0440437385077,11.9898349662869,189,2002,13.04151704,1.14527294,NA,-9999,-8.563289737,0.612261302,2002-07-05
"132",924,11.9117990159951,11.9594633198417,11.9117990159951,196,2002,13.40923427,1.454406511,6.43,1.3,-8.51014118,0.744056318,2002-07-12
"133",931,9.3799727708737,9.42235335735088,9.3799727708737,203,2002,9.017389248,1.28205658,NA,-9999,-5.140535216,0.637634167,2002-07-19
"134",938,11.8803903813172,11.939686057481,11.8803903813172,210,2002,11.76457734,1.426468356,3.14,2.37,-7.268560391,0.706620972,2002-07-26
"135",945,12.0035010961407,12.0539336556234,12.0035010961407,217,2002,13.05059777,1.339861036,5.7,1.45,-7.889247684,0.724791132,2002-08-02
"136",952,8.75526709154235,8.79952861579633,8.75526709154235,224,2002,13.11984194,1.433960598,0.6,0.25,-6.748768936,0.803690783,2002-08-09
"137",959,11.9536012726589,12.0053622972988,11.9536012726589,231,2002,12.69383936,1.486018082,5,1.01,-7.625255027,0.744753346,2002-08-16
"138",966,11.2504590253525,11.3084818023076,11.2504590253525,238,2002,13.61589842,1.456162858,5.43,1.1,-7.109429004,0.723876979,2002-08-23
"139",973,10.4170367356404,10.48958557624,10.4170367356404,245,2002,12.63322774,1.692249025,3.7,1.93,-6.958154486,0.809022609,2002-08-30
"140",980,10.4088731491036,10.4906045953901,10.4088731491036,252,2002,12.23541412,1.484184926,3.11,2.21,-8.124633623,0.735225555,2002-09-06
"141",987,7.32259806360608,7.39844796968588,7.32259806360608,259,2002,8.821919874,1.490579591,4.73,0.97,-4.86462286,0.747012219,2002-09-13
"142",994,4.40691939012874,4.46606378271452,4.40691939012874,266,2002,6.772053602,1.299519813,4.5,1.08,-3.628253835,0.634834399,2002-09-20
"143",1001,5.14327379637309,5.20393818617173,5.14327379637309,273,2002,6.00897455,1.404357349,4.46,0.92,-3.333911764,0.709028818,2002-09-27
"144",1008,3.44140001219198,3.50063448586307,3.44140001219198,280,2002,4.90393103,1.197349736,4.41,0.91,-2.279670952,0.607747256,2002-10-04
"145",1015,2.09640691676108,2.14193471167648,2.09640691676108,287,2002,3.04381726,1.442279386,NA,-9999,-1.009348365,0.644713362,2002-10-11
"146",1022,1.42781466863169,1.47748200927529,1.42781466863169,294,2002,1.944689134,1.35062735,1.74,0.66,0.433030616,0.627903414,2002-10-18
"147",1029,0.865719942420221,0.904811384699729,0.865719942420221,301,2002,0.765556495,1.43454185,NA,-9999,2.097237715,0.631976765,2002-10-25
"148",1036,0.505007643926871,0.538386687500929,0.505007643926871,308,2002,0.233808092,1.591603778,0.66,0.25,2.27046726,0.622933858,2002-11-01
"149",1043,0.513036849969872,0.558721474900055,0.513036849969872,315,2002,0.140820852,1.500480362,NA,-9999,1.920143331,0.682118322,2002-11-08
"150",1050,0.242589195645355,0.271474700942061,0.242589195645355,322,2002,0.172042902,1.585096597,0.5,0.25,2.358244334,0.611954787,2002-11-15
"151",1057,0.115621693777009,0.131630907310379,0.115621693777009,329,2002,0.103520944,1.403587261,NA,-9999,2.863491403,0.679361363,2002-11-22
"152",1064,0.0468974289857151,0.0547252016487923,0.0468974289857151,336,2002,0.136195969,1.515888662,NA,-9999,2.559737436,0.591255182,2002-11-29
"153",1071,0.0217856813628519,0.0260131543159771,0.0217856813628519,343,2002,0.177503646,1.454053364,NA,-9999,1.699935651,0.643242587,2002-12-06
"154",1078,0.0188257994888635,0.0227754415297312,0.0188257994888635,350,2002,NA,2.116306013,NA,-9999,1.072094691,0.674372467,2002-12-13
"155",1085,0.018375237412827,0.0225665228898722,0.018375237412827,357,2002,0.067101347,1.15122048,NA,-9999,0.845265391,0.657584478,2002-12-20
"156",1092,0.0136146017916836,0.0169950257811182,0.0136146017916836,365,2002,0.139929194,1.426622928,NA,-9999,1.457531978,0.637594814,2002-12-27
"157",1099,0.0136865420674409,0.0172232342470294,0.0136865420674409,7,2003,0.1008798,1.454717599,NA,-9999,1.54484981,0.637170289,2003-01-03
"158",1106,0.00841297433467312,0.0109548794673827,0.00841297433467312,14,2003,0.192883166,1.273329564,NA,-9999,1.583207508,0.622902904,2003-01-10
"159",1113,0.00949752725449495,0.0122565255618827,0.00949752725449495,21,2003,0.136375568,1.523407038,NA,-9999,1.272703711,0.58565463,2003-01-17
"160",1120,0.00784492621011673,0.0102485920890351,0.00784492621011673,28,2003,0.108673874,1.585680598,NA,-9999,1.141286285,0.58,2003-01-24
"161",1127,0.00858946949936845,0.0114049887263353,0.00858946949936845,35,2003,0.122026782,1.390704587,NA,-9999,0.987200686,0.631847139,2003-01-31
"162",1134,0.00787796249747287,0.0105437038818964,0.00787796249747287,42,2003,0.109689628,1.50305369,NA,-9999,1.003003004,0.641772088,2003-02-07
"163",1141,0.00911655243508759,0.0123995697960652,0.00911655243508759,49,2003,0.11261141,1.504318668,0.3,0.25,0.825062293,0.652265866,2003-02-14
"164",1148,0.0131457471607767,0.0177937412265697,0.0131457471607767,56,2003,0.234573719,1.136872097,NA,-9999,1.031877687,0.720784788,2003-02-21
"165",1155,0.0125634770412054,0.0167009645837985,0.0125634770412054,63,2003,0.178926655,1.464631526,0.53,0.25,1.502003121,0.708738984,2003-02-28
"166",1162,0.0150569511799392,0.0195562363408459,0.0150569511799392,70,2003,0.246125055,1.566066464,0.42,0.25,1.50784777,0.691063529,2003-03-07
"167",1169,0.0298387869447479,0.0358409402029829,0.0298387869447479,77,2003,0.205938553,1.554609959,0.5,0.25,1.519968914,0.647013587,2003-03-14
"168",1176,0.0674561314038112,0.0806685000201083,0.0674561314038112,84,2003,0.275752354,1.515888662,0.53,0.25,1.898268227,0.731502399,2003-03-21
"169",1183,0.149842098425045,0.173667560848603,0.149842098425045,91,2003,0.494832268,1.546327455,0.68,0.25,2.028338861,0.778332836,2003-03-28
"170",1190,0.257846835134502,0.294324346694924,0.257846835134502,98,2003,0.450868723,1.539093334,0.9,0.25,1.172768003,0.675685888,2003-04-04
"171",1197,0.785238679376834,0.861419051732275,0.785238679376834,105,2003,0.897306655,1.687509158,0.9,0.25,1.190003325,0.700325995,2003-04-11
"172",1204,1.59749222352245,1.69475267697649,1.59749222352245,112,2003,1.815948379,1.460258219,0.99,0.25,1.212795868,0.630051945,2003-04-18
"173",1211,2.48084237122577,2.57089866299291,2.48084237122577,119,2003,2.869937833,1.433332121,0.96,0.25,1.705637869,0.648146934,2003-04-25
"174",1218,4.03059918769138,4.12111781275133,4.03059918769138,126,2003,4.881356509,1.317298264,1.69,0.36,0.185028112,0.657996528,2003-05-02
"175",1225,6.43786170642412,6.51043787626501,6.43786170642412,133,2003,7.183907332,1.468939342,3.59,0.83,-2.162754463,0.71083765,2003-05-09
"176",1232,7.75385411186137,7.84279214484547,7.75385411186137,140,2003,7.917893663,1.306931755,4.92,1.01,-3.126545747,0.652381501,2003-05-16
"177",1239,8.5022719872223,8.58752593586586,8.5022719872223,147,2003,10.33567085,1.24999244,4.68,0.95,-5.358329948,0.663064567,2003-05-23
"178",1246,10.4087618704262,10.4721373601505,10.4087618704262,154,2003,13.14086794,1.486271218,4.85,1.01,-7.686052836,0.746861663,2003-05-30
"179",1253,11.3607083471422,11.4333960373276,11.3607083471422,161,2003,12.79242018,1.386594567,4.5,0.91,-5.239494447,0.746339473,2003-06-06
"180",1260,13.2530822385028,13.3277591685113,13.2530822385028,168,2003,15.18242157,1.438801094,NA,-9999,-9.897805227,0.727920537,2003-06-13
"181",1267,13.5760019670895,13.6393412548602,13.5760019670895,175,2003,13.93566609,1.234113099,NA,-9999,-9.348643839,0.648429822,2003-06-20
"182",1274,14.1206494835949,14.1876794427849,14.1206494835949,182,2003,14.51498895,1.418318892,NA,-9999,-9.170412231,0.647722091,2003-06-27
"183",1281,11.6274999851604,11.6815733817667,11.6274999851604,189,2003,13.10571464,1.419111281,3.46,0.98,-8.118824912,0.632708789,2003-07-04
"184",1288,14.8742002532448,14.9552975679043,14.8742002532448,196,2003,14.11211126,1.389234047,2.1,0.42,-9.657508074,0.701232199,2003-07-11
"185",1295,12.8995411733932,12.9673220310332,12.8995411733932,203,2003,11.12238541,1.542399268,4.57,0.93,-6.223838842,0.752141274,2003-07-18
"186",1302,12.3233308121268,12.3870585173244,12.3233308121268,210,2003,11.17419128,1.492387263,5.4,1.29,-5.456812455,0.743666736,2003-07-25
"187",1309,10.3763661260319,10.4540035630865,10.3763661260319,217,2003,11.92484338,1.51910041,1.5,0.3,-6.858295306,0.722557366,2003-08-01
"188",1316,5.34381008146237,5.63169323839968,5.34381008146237,224,2003,4.415141906,1.478388609,6,1.24,-0.560004238,0.72973255,2003-08-08
"189",1323,5.38431024283984,5.54897749724576,5.38431024283984,231,2003,5.460640154,1.53030479,6,1.2,-2.092600948,0.743927823,2003-08-15
"190",1330,5.63914405180255,5.80939000933395,5.63914405180255,238,2003,5.325268254,1.380752053,4.98,1.25,-2.402377855,0.651961735,2003-08-22
"191",1337,6.92294654172867,7.05620784313964,6.92294654172867,245,2003,5.792038107,1.369221924,3.11,1.43,-2.595716586,0.664156137,2003-08-29
"192",1344,8.78388065806135,8.86232302805176,8.78388065806135,252,2003,7.467155757,1.60584614,4.97,1,-4.23444274,0.783201685,2003-09-05
"193",1351,7.6039582388982,7.68730390591462,7.6039582388982,259,2003,7.408688886,1.291165846,NA,-9999,-4.560134048,0.647829789,2003-09-12
"194",1358,7.64744861325153,7.73929357063713,7.64744861325153,266,2003,6.185606196,1.312207127,4.83,1.03,-2.575306533,0.647722091,2003-09-19
"195",1365,5.09421032929055,5.1599383764479,5.09421032929055,273,2003,6.067316787,1.247688025,4.53,0.94,-3.04173722,0.66206057,2003-09-26
"196",1372,2.81199817508349,2.86294770405279,2.81199817508349,280,2003,4.460674976,1.217578807,4.3,0.87,-1.872517733,0.611954787,2003-10-03
"197",1379,2.84900397078634,2.91630034883743,2.84900397078634,287,2003,3.759938343,1.260434844,NA,-9999,-1.675650439,0.601849895,2003-10-10
"198",1386,2.16960838963836,2.247923681526,2.16960838963836,294,2003,2.166605628,1.261576985,4.08,1.04,-0.496631151,0.622632598,2003-10-17
"199",1393,1.07301901914546,1.12650211934258,1.07301901914546,301,2003,0.562556896,1.577876102,3.36,1.03,1.080860692,0.67730655,2003-10-24
"200",1400,0.540851138172344,0.577524505690349,0.540851138172344,308,2003,0.367419552,1.570916964,3.36,1.3,1.794687154,0.611954787,2003-10-31
"201",1407,0.486755178713631,0.531105808568816,0.486755178713631,315,2003,0.226288162,1.597510393,0.86,0.25,1.95720613,0.700132149,2003-11-07
"202",1414,0.23325143617832,0.260281190034133,0.23325143617832,322,2003,0.231876644,1.524228079,0.92,0.25,1.992176531,0.639408074,2003-11-14
"203",1421,0.131817672999126,0.150335835544584,0.131817672999126,329,2003,0.125285568,1.437429601,NA,-9999,3.047829772,0.58565463,2003-11-21
"204",1428,0.0766784470779039,0.0894402034034874,0.0766784470779039,336,2003,0.244685131,1.330735972,NA,-9999,2.126309437,0.622203922,2003-11-28
"205",1435,0.0633515792943931,0.0755812190638347,0.0633515792943931,343,2003,0.142895626,1.503275692,NA,-9999,1.635721204,0.648952255,2003-12-05
"206",1442,0.0450192227557831,0.0545678742662253,0.0450192227557831,350,2003,0.190809784,1.531036616,NA,-9999,1.41297321,0.591255182,2003-12-12
"207",1449,0.0354635864612134,0.0433981776969599,0.0354635864612134,357,2003,0.139260572,1.569334734,NA,-9999,2.00109623,0.59634885,2003-12-19
"208",1456,0.022885555009875,0.0285735155733166,0.022885555009875,365,2003,0.173800528,1.440526413,NA,-9999,1.718839428,0.611954787,2003-12-26
"209",1463,0.011802918591436,0.0148603970996834,0.011802918591436,7,2004,0.149262615,1.38199756,NA,-9999,0.964101614,0.627478339,2004-01-02
"210",1470,0.00732364351708314,0.00928984661316692,0.00732364351708314,14,2004,0.116975746,1.45937727,NA,-9999,1.103593627,0.629470459,2004-01-09
"211",1477,0.00833177519685337,0.0107467089072323,0.00833177519685337,21,2004,0.160276699,1.284905968,NA,-9999,1.306957062,0.607301113,2004-01-16
"212",1484,0.0101682564741129,0.0132994480594754,0.0101682564741129,28,2004,0.147430588,1.413944538,NA,-9999,1.630774755,0.659181678,2004-01-23
"213",1491,0.00633506239018312,0.00841144005100876,0.00633506239018312,35,2004,0.09452886,1.571521903,NA,-9999,1.336356349,0.591255182,2004-01-30
"214",1498,0.00680043213120642,0.00909236837875272,0.00680043213120642,42,2004,0.158051325,1.578833497,NA,-9999,1.395462834,0.591255182,2004-02-06
"215",1505,0.00898829636837193,0.0121510387958555,0.00898829636837193,49,2004,0.18762804,1.426379592,NA,-9999,1.470374928,0.59680318,2004-02-13
"216",1512,0.0100576113998586,0.0135382683356155,0.0100576113998586,56,2004,0.177629751,1.443624858,0.5,0.25,1.138331905,0.607301113,2004-02-20
"217",1519,0.0126841079133274,0.0168957829567833,0.0126841079133274,63,2004,NA,2.116306013,0.51,0.25,1.098435959,0.671719549,2004-02-27
"218",1526,0.0159425141506168,0.0208055330886416,0.0159425141506168,70,2004,0.186755789,1.493686902,0.4,0.25,0.985907488,0.682905708,2004-03-05
"219",1533,0.0251206828769181,0.0304077748083924,0.0251206828769181,77,2004,0.335566134,1.440861641,0.52,0.25,1.49511559,0.670790633,2004-03-12
"220",1540,0.0422529947482314,0.0498375275997968,0.0422529947482314,84,2004,0.341906127,1.451708181,0.4,0.25,1.939567771,0.632702108,2004-03-19
"221",1547,0.113198400204403,0.131971684331668,0.113198400204403,91,2004,0.322802366,1.433337674,0.5,0.25,2.116175039,0.775302511,2004-03-26
"222",1554,0.209901296298202,0.239479595279285,0.209901296298202,98,2004,0.505627455,1.684955256,0.83,0.25,1.94383467,0.637170289,2004-04-02
"223",1561,0.51505561834837,0.563531497209725,0.51505561834837,105,2004,0.881140937,1.605923915,0.7,0.25,1.650358679,0.745924679,2004-04-09
"224",1568,1.38189050907827,1.46095440002892,1.38189050907827,112,2004,1.667886107,1.518869952,1.06,0.25,2.827054785,0.736184585,2004-04-16
"225",1575,2.82582392721739,2.9249360430454,2.82582392721739,119,2004,3.289895009,1.432934878,0.83,0.25,1.127209916,0.644541721,2004-04-23
"226",1582,4.41053148911427,4.49593245286188,4.41053148911427,126,2004,5.435976018,1.301133454,1.6,0.32,0.449226305,0.591255182,2004-04-30
"227",1589,4.39894731460225,4.47819686320777,4.39894731460225,133,2004,5.382791407,1.052602317,1.84,0.42,-0.914154225,0.591255182,2004-05-07
"228",1596,7.96158696106819,8.04704026611652,7.96158696106819,140,2004,7.236353562,1.39522131,4.94,1,-2.245753646,0.675685888,2004-05-14
"229",1603,8.46579344357407,8.55164221741664,8.46579344357407,147,2004,7.113774401,1.337025083,5.5,1.16,-3.091442116,0.668694725,2004-05-21
"230",1610,10.3338341990362,10.4519020137837,10.3338341990362,154,2004,10.72804695,1.459126019,3.5,0.71,-5.025103759,0.710740323,2004-05-28
"231",1617,10.9622423714556,11.0270243614971,10.9622423714556,161,2004,11.97808955,1.472066138,6.7,1.34,-4.997437631,0.710387725,2004-06-04
"232",1624,11.7693459126946,11.8461147354485,11.7693459126946,168,2004,13.48794664,1.409320086,6.8,1.36,-7.630984362,0.624799254,2004-06-11
"233",1631,11.8541005172398,11.9063451841208,11.8541005172398,175,2004,11.66817775,1.204829157,5.4,1.08,-7.261112087,0.622933858,2004-06-18
"234",1638,13.6298404475903,13.7235272057771,13.6298404475903,182,2004,12.37350474,1.313870786,3,0.61,-8.054936849,0.668308577,2004-06-25
"235",1645,13.2441141405942,13.3069017264806,13.2441141405942,189,2004,11.44215192,1.117110034,3.88,1.2,-7.131326847,0.58565463,2004-07-02
"236",1652,8.80372770770762,8.84693032565336,8.80372770770762,196,2004,8.807122559,1.314450231,4.4,0.89,-4.665696692,0.614159114,2004-07-09
"237",1659,12.5792453668987,12.6409679707748,12.5792453668987,203,2004,12.93116882,1.429845763,6.7,1.34,-7.108185207,0.648011688,2004-07-16
"238",1666,12.2020093083626,12.2658418817264,12.2020093083626,210,2004,11.15549108,1.348474369,2.6,0.54,-5.346867878,0.702640656,2004-07-23
"239",1673,13.2064485815649,13.2705167839088,13.2064485815649,217,2004,11.12063782,1.383537121,4.7,1.02,-5.808224111,0.69432058,2004-07-30
"240",1680,12.925599837545,12.9927176604674,12.925599837545,224,2004,13.19032003,1.337843229,5.23,1.07,-7.980308665,0.685396881,2004-08-06
"241",1687,10.7679054431619,10.8299526682684,10.7679054431619,231,2004,9.930192433,1.069430951,4.56,0.92,-5.059922607,0.607747256,2004-08-13
"242",1694,9.79783707332486,9.85938110967516,9.79783707332486,238,2004,9.580355773,1.232156269,2.1,0.45,-5.343491774,0.59680318,2004-08-20
"243",1701,7.81569902395198,7.87738019287382,7.81569902395198,245,2004,8.416311789,1.239563552,4.83,1,-4.527446752,0.634774076,2004-08-27
"244",1708,11.2159960721508,11.2964299051749,11.2159960721508,252,2004,9.222024957,1.535560398,4.48,0.93,-5.696892271,0.74450473,2004-09-03
"245",1715,8.44484775311356,8.53246070371375,8.44484775311356,259,2004,7.006775531,1.37902561,4.52,0.92,-3.969953205,0.657413848,2004-09-10
"246",1722,6.48847972046654,6.56519570291129,6.48847972046654,266,2004,6.614497328,1.117110034,4.21,1.52,-3.822228982,0.591255182,2004-09-17
"247",1729,2.4354839371995,2.47778806733032,2.4354839371995,273,2004,3.485899239,1.114947873,2.66,0.77,-0.692230362,0.591255182,2004-09-24
"248",1736,4.16955840899103,4.23907545719205,4.16955840899103,280,2004,4.600280387,1.288803793,1.4,0.3,-1.553532096,0.602300076,2004-10-01
"249",1743,3.22968008359648,3.30478019049536,3.22968008359648,287,2004,2.934376451,1.176040794,1.79,0.37,-0.513336046,0.632702108,2004-10-08
"250",1750,1.43502622035762,1.48334559004191,1.43502622035762,294,2004,1.782125778,1.189099156,3.36,1.24,0.417819572,0.611954787,2004-10-15
"251",1757,1.60901000667751,1.68907463039462,1.60901000667751,301,2004,0.66096528,1.417282006,0.9,0.25,2.176655373,0.607301113,2004-10-22
"252",1764,0.543693140685447,0.580186526571765,0.543693140685447,308,2004,0.290587577,1.482778201,0.34,0.25,3.156340581,0.591255182,2004-10-29
"253",1771,0.348161140158888,0.380909942726399,0.348161140158888,315,2004,0.281402426,1.371059993,NA,-9999,2.504348279,0.58565463,2004-11-05
"254",1778,0.168074277367476,0.187949813960149,0.168074277367476,322,2004,0.090285989,1.685293096,0.4,0.25,1.884907947,0.607301113,2004-11-12
"255",1785,0.147080864578801,0.167332729161785,0.147080864578801,329,2004,0.154195157,1.437456985,NA,-9999,1.717762069,0.58565463,2004-11-19
"256",1792,0.0689092809050709,0.0806572602040497,0.0689092809050709,336,2004,0.139916718,1.229139089,NA,-9999,1.875431979,0.58565463,2004-11-26
"257",1799,0.0350912232503486,0.0422437262082909,0.0350912232503486,343,2004,0.225344447,1.421280071,NA,-9999,1.7403697,0.685940567,2004-12-03
"258",1806,0.0394874642732252,0.0479978492092339,0.0394874642732252,350,2004,0.252664966,1.606401987,NA,-9999,4.319323423,0.627471602,2004-12-10
"259",1813,0.0316906978296891,0.0390985837847377,0.0316906978296891,357,2004,0.499935692,1.353714103,NA,-9999,2.714725717,0.591255182,2004-12-17
"260",1820,0.00937363846291759,0.0117220542765471,0.00937363846291759,366,2004,0.117166768,1.582242405,NA,-9999,1.128551066,0.606545395,2004-12-24
"261",1827,0.00622690793776809,0.0078089022879392,0.00622690793776809,7,2005,0.115634505,1.368470272,NA,-9999,1.213998568,0.58,2004-12-31
"262",1834,0.00901160471980224,0.01145690890663,0.00901160471980224,14,2005,0.143445768,1.330916643,NA,-9999,1.36322483,0.607747256,2005-01-07
"263",1841,0.0103938198026636,0.013468590372234,0.0103938198026636,21,2005,0.173584425,1.413196834,NA,-9999,1.426981326,0.59680318,2005-01-14
"264",1848,0.0100869514748549,0.0132406456359031,0.0100869514748549,28,2005,0.13165359,1.550738048,NA,-9999,1.287955527,0.601849895,2005-01-21
"265",1855,0.00951639323520775,0.012699886070075,0.00951639323520775,35,2005,0.161924057,1.471111881,NA,-9999,1.220118023,0.677005798,2005-01-28
"266",1862,0.012789255588944,0.0173386752675556,0.012789255588944,42,2005,0.181056633,1.432819065,0.61,0.25,1.173164204,0.674205045,2005-02-04
"267",1869,0.00944937349342458,0.0127905430365617,0.00944937349342458,49,2005,0.162928605,1.351360047,0.5,0.25,0.969305361,0.601849895,2005-02-11
"268",1876,0.0122091550799659,0.0165415624396269,0.0122091550799659,56,2005,0.120426308,1.404535345,NA,-9999,1.002221924,0.601849895,2005-02-18
"269",1883,0.0161088235005698,0.0214434768361299,0.0161088235005698,63,2005,0.214295106,1.512009082,NA,-9999,1.358903485,0.651961735,2005-02-25
"270",1890,0.01941931323529,0.0252173809112012,0.01941931323529,70,2005,0.223390776,1.329381115,NA,-9999,1.18417649,0.614159114,2005-03-04
"271",1897,0.0308941840444666,0.0371386861326037,0.0308941840444666,77,2005,0.230295546,1.549682151,0.4,0.25,1.338857605,0.622632598,2005-03-11
"272",1904,0.0586987622532171,0.0703661343360243,0.0586987622532171,84,2005,NA,2.116306013,0.5,0.25,1.982374453,0.726307846,2005-03-18
"273",1911,0.115887791594913,0.136119991563508,0.115887791594913,91,2005,NA,2.116306013,NA,-9999,2.213975435,0.728087284,2005-03-25
"274",1918,0.327197018153871,0.374954796889876,0.327197018153871,98,2005,0.89413713,1.350383795,0.7,0.25,2.086604762,0.660746981,2005-04-01
"275",1925,0.559780900782211,0.613043824263607,0.559780900782211,105,2005,1.457785856,1.614663789,0.7,0.25,1.72816811,0.702462987,2005-04-08
"276",1932,1.58472922639167,1.68210282455441,1.58472922639167,112,2005,2.26250591,1.608997176,0.9,0.25,1.595087319,0.738651448,2005-04-15
"277",1939,2.54538002809128,2.627325540792,2.54538002809128,119,2005,2.320723768,1.414801091,0.9,0.25,1.37272034,0.709242195,2005-04-22
"278",1946,4.37797011549842,4.46871094353816,4.37797011549842,126,2005,3.773943612,1.449475661,0.87,0.26,1.14550042,0.647728618,2005-04-29
"279",1953,6.80675397346369,6.89021627741246,6.80675397346369,133,2005,4.18125117,1.33914502,4.66,0.95,-0.952120729,0.61731678,2005-05-06
"280",1960,7.78346385431175,7.88615843780132,7.78346385431175,140,2005,5.278968414,1.40072744,2.02,0.44,-1.340646537,0.659030894,2005-05-13
"281",1967,9.8176279937264,9.88710037379676,9.8176279937264,147,2005,8.542554871,1.512009082,3.14,1.24,-2.851858747,0.721954874,2005-05-20
"282",1974,11.4792592714907,11.5490906992924,11.4792592714907,154,2005,10.87106795,1.393610281,6.12,1.4,-4.98119788,0.682282773,2005-05-27
"283",1981,10.6785296825905,10.7504254079272,10.6785296825905,161,2005,10.84018984,1.182343211,4.89,1.47,-6.474882534,0.612261302,2005-06-03
"284",1988,12.0431529784665,12.1069129419814,12.0431529784665,168,2005,13.02601038,1.41881692,2.25,1.09,-7.391086902,0.745437209,2005-06-10
"285",1995,13.6647291007472,13.7502113369145,13.6647291007472,175,2005,13.8038231,1.693851176,1.35,0.59,-7.761735493,0.800611424,2005-06-17
"286",2002,12.238526224179,12.3097186681258,12.238526224179,182,2005,8.68483407,1.394829502,1.65,0.73,-3.494600862,0.698366408,2005-06-24
"287",2009,12.6323239983191,12.6917740252595,12.6323239983191,189,2005,12.53838936,1.457000858,1,0.25,-6.939776864,0.775739968,2005-07-01
"288",2016,14.2699473915448,14.3450854557817,14.2699473915448,196,2005,13.47334446,1.54097214,6.2,1.24,-8.136813524,0.768937685,2005-07-08
"289",2023,13.0161969045468,13.0789188985341,13.0161969045468,203,2005,12.71933437,1.208649348,5,1.13,-8.417525103,0.658619491,2005-07-15
"290",2030,12.9216370301188,12.9916405288326,12.9216370301188,210,2005,13.48305813,1.206299919,4.23,1.19,-8.782189344,0.658783537,2005-07-22
"291",2037,12.2288089782403,12.2943502927678,12.2288089782403,217,2005,13.09413931,1.476429587,5.1,1.03,-8.298978684,0.73767573,2005-07-29
"292",2044,10.7255998281822,10.7820158934637,10.7255998281822,224,2005,11.12510264,1.101010403,3.3,2.2,-7.235396765,0.607301113,2005-08-05
"293",2051,11.4533095760455,11.5683247110594,11.4533095760455,231,2005,10.85604128,1.219995909,2.35,1.73,-6.989994064,0.652796835,2005-08-12
"294",2058,7.60080024677399,7.65045774046244,7.60080024677399,238,2005,8.417859354,1.232156269,5.04,1.16,-4.999503479,0.632702108,2005-08-19
"295",2065,12.1990840446914,12.2712300396594,12.1990840446914,245,2005,13.30549438,1.388414622,3.92,1.87,-9.528494687,0.694785576,2005-08-26
"296",2072,10.7934382080877,10.865715213987,10.7934382080877,252,2005,9.587292059,1.474254368,5.1,1.04,-4.289775423,0.72484727,2005-09-02
"297",2079,5.64735198242316,5.71296278466619,5.64735198242316,259,2005,5.396011494,1.221692276,5.21,1.06,-2.556240691,0.671526682,2005-09-09
"298",2086,8.85819847545381,8.93742130786038,8.85819847545381,266,2005,NA,2.116306013,4.53,0.93,NA,0.911057024,2005-09-16
"299",2093,5.2759213952657,5.33935885193891,5.2759213952657,273,2005,5.771055071,1.355574569,4.61,0.95,-3.239191351,0.647567531,2005-09-23
"300",2100,2.72026855856213,2.7676140863575,2.72026855856213,280,2005,4.511058717,1.114947873,1.08,0.25,-1.970859117,0.606545395,2005-09-30
"301",2107,4.30614978222178,4.40267084844532,4.30614978222178,287,2005,6.544906865,1.455134956,1.33,0.3,-3.389068833,0.730866248,2005-10-07
"302",2114,2.82660649926268,2.92990809354034,2.82660649926268,294,2005,3.532041516,1.189916962,4.23,0.99,-0.58380031,0.648011688,2005-10-14
"303",2121,1.4436178340142,1.51612061286842,1.4436178340142,301,2005,1.716617515,1.460476846,2.77,0.98,1.467379682,0.668726519,2005-10-21
"304",2128,1.01556952584462,1.08565901580516,1.01556952584462,308,2005,0.412871981,1.719420725,0.7,0.25,3.170314085,0.704138296,2005-10-28
"305",2135,0.576972698062443,0.632601559185504,0.576972698062443,315,2005,0.309321697,1.555226799,0.48,0.25,2.834898389,0.607301113,2005-11-04
"306",2142,0.262921506836088,0.294187045446881,0.262921506836088,322,2005,0.32822562,1.366598259,0.57,0.25,1.935037553,0.643853775,2005-11-11
"307",2149,0.129334526566869,0.147659092593026,0.129334526566869,329,2005,0.111460269,1.523627225,0.3,0.25,1.853686715,0.63288608,2005-11-18
"308",2156,0.108180902114881,0.12727777241732,0.108180902114881,336,2005,0.073106701,1.550814957,NA,-9999,1.511671144,0.602300076,2005-11-25
"309",2163,0.0372242873120381,0.0446389353766573,0.0372242873120381,343,2005,0.116525101,1.479357107,NA,-9999,1.527334213,0.601849895,2005-12-02
"310",2170,0.0231084688474778,0.0281026634097005,0.0231084688474778,350,2005,0.149069463,1.288803793,NA,-9999,1.444375765,0.642742944,2005-12-09
"311",2177,0.0126224721789254,0.0155331358442882,0.0126224721789254,357,2005,0.086178953,1.400473874,NA,-9999,1.225098713,0.58,2005-12-16
"312",2184,0.0185257385406899,0.0231173709055687,0.0185257385406899,365,2005,0.085526446,1.397618226,NA,-9999,1.273966811,0.647323433,2005-12-23
