"","date","year","doy","mod_gpp","mod_lai","mod_reco","sm1","sm2","sm3","minT","maxT","airT","co2","swr","vpd","precip","windspd"
"1","2000-05-05",2000,126,5.22080895792169,1.32310056903217,3.47838604979291,43.8288988095238,37.5476488095238,46.6119642857143,11.5914285714286,18.4685714285714,14.7216369047619,381.541080357143,18.0578859428571,0.500890178571429,1.24007936507937e-05,2.32383630952381
"2","2000-05-12",2000,133,7.2404958562667,1.95233481617216,4.04105650151719,42.5463601190476,36.8399107142857,46.5812797619048,13.2028571428571,20.61,17.1409226190476,371.956491071429,23.3228118857143,0.770483630952381,1.81878306878307e-06,2.70709226190476
"3","2000-05-19",2000,140,8.6157739110378,2.54961718972999,4.21361945469446,39.4023273809524,31.5913988095238,46.4126488095238,10.7157142857143,19.3285714285714,15.2628571428571,363.724139880952,22.5896364,0.902919047619048,9.92063492063492e-06,2.86535714285714
"4","2000-05-26",2000,147,9.20217931974921,3.02413335334016,4.06422741337738,41.4842976190476,33.2759523809524,46.2145238095238,7.11857142857143,13.9614285714286,10.621369047619,369.83755952381,15.8910711428571,0.288480654761905,2.9265873015873e-05,3.11779761904762
"5","2000-06-02",2000,154,11.2454247035892,3.3757596856033,4.58353459501034,42.5365059523809,35.0094940476191,46.2293452380952,7.97285714285714,15.7271428571429,11.982380952381,369.506494047619,18.8048648571429,0.504613095238095,1.62037037037037e-05,3.41841666666667
"6","2000-06-09",2000,161,12.1025962245654,3.67124833708942,5.01388795116483,43.370875,37.611994047619,46.6693363095238,11.8085714285714,19.5328571428571,15.338005952381,367.154205357143,18.9709187142857,0.425421130952381,6.77910052910053e-05,2.6453005952381
"7","2000-06-16",2000,168,13.3224267384194,3.95060353264755,5.35135485090735,42.5823303571429,38.7833928571429,46.6819047619048,13.0028571428571,20.3742857142857,16.7831547619048,363.506636904762,21.1482218571429,0.612158333333333,2.24867724867725e-05,2.69431845238095
"8","2000-06-23",2000,175,12.3563651918782,4.21970233434347,5.34828428893398,38.4418571428571,31.2477678571429,46.3582142857143,15.3771428571429,23.99,20.1100595238095,352.298151785714,25.3199044285714,1.44665744047619,1.65343915343915e-06,2.7448244047619
"9","2000-06-30",2000,182,12.548533267087,4.45075778162976,4.80151306175666,33.3992113095238,23.8948511904762,45.6137797619048,7.80857142857143,13.5528571428571,10.5216369047619,365.369979166667,18.1372407428571,0.389969345238095,8.5978835978836e-06,3.23371726190476
"10","2000-07-07",2000,189,10.552900937008,4.64041477609511,4.65230964967196,37.6795446428571,30.8740773809524,46.1633333333333,12.0171428571429,18.3628571428571,14.8309226190476,363.566068452381,13.4429829428571,0.260755952380952,6.63029100529101e-05,2.94841071428571
"11","2000-07-14",2000,196,9.75673202526448,4.75756378385106,4.23515069566542,42.564505952381,39.6879464285714,46.6608630952381,8.87,13.6457142857143,11.17875,361.887770833333,12.4096654285714,0.21631755952381,4.31547619047619e-05,3.8365625
"12","2000-07-21",2000,203,10.6733498438097,4.81247760507462,4.47392884046641,41.2404166666667,38.305744047619,46.5739880952381,9.16,14.5442857142857,11.7180952380952,360.682077380952,13.7250455142857,0.275575892857143,3.47222222222222e-06,3.10621428571429
"13","2000-07-28",2000,210,10.7257956239566,4.82887722202494,4.6823975790983,37.1480357142857,29.4598511904762,46.1044047619048,12.0328571428571,17.7342857142857,14.6983333333333,365.424913690476,13.6206655714286,0.293533035714286,1.12433862433862e-05,2.78936011904762
"14","2000-08-04",2000,217,13.0642346986836,4.80155583047838,5.29263488356604,33.886755952381,22.8727678571429,45.3408035714286,12.5014285714286,19.9,16.035744047619,363.858755952381,17.9633949428571,0.513909226190476,1.5542328042328e-05,3.05921428571429
"15","2000-08-11",2000,224,12.2873084059933,4.75238601642908,5.15062777674323,30.1286369047619,19.3176785714286,44.5941964285714,13.4928571428571,19.8014285714286,16.4205952380952,362.994017857143,16.7542032857143,0.510772916666667,8.92857142857143e-06,2.50365773809524
"16","2000-08-18",2000,231,12.3595968898879,4.64314304214756,5.39549958468528,26.1669097222222,16.4239583333333,42.6083333333333,14.7497142857143,24.8022857142857,20.009875,361.214291666667,19.2542883428571,0.906251785714286,4.2989417989418e-06,1.93325595238095
"17","2000-08-25",2000,238,11.5276817735617,4.48024224314195,4.98904282789361,28.7291964285714,15.9438095238095,41.7440476190476,12.8728571428571,20.1371428571429,16.3421130952381,363.20024702381,16.3670662285714,0.500247916666667,6.97751322751323e-05,2.46510119047619
"18","2000-09-01",2000,245,10.9602689548534,4.24746059419923,4.81412351716119,28.3615173726467,15.5071792635659,41.5016292912514,11.7148571428571,19.4185714285714,15.3568928571429,359.271705357143,16.0301373428571,0.555317857142857,2.97619047619048e-06,2.23057738095238
"19","2000-09-08",2000,252,6.7283754187972,3.94477651780748,3.66764443027843,33.6241222972973,16.3565380630631,40.5519171171171,9.71628571428571,14.0904285714286,11.7292886904762,360.292244047619,9.1080846,0.224018154761905,1.81878306878307e-05,3.74941964285714
"20","2001-05-04",2001,126,4.33093975855336,1.22453195244614,3.13846738235684,44.43925,46.7528869047619,46.5529464285714,8.32142857142857,16.1214285714286,12.2039285714286,368.161666666667,15.8452539428571,0.424247619047619,2.79431216931217e-05,3.27984821428571
"21","2001-05-11",2001,133,6.92220770724081,1.82852148898426,3.71158854481393,44.5132738095238,46.6516369047619,46.5261011904762,8.47714285714286,16.1957142857143,12.6133035714286,365.796223214286,21.9274482857143,0.559747619047619,9.92063492063492e-07,2.72220833333333
"22","2001-05-18",2001,140,8.37298972020481,2.40480708746475,4.05912842570122,42.680244047619,45.0869047619048,46.3312202380952,9.60285714285714,16.2628571428571,12.4618452380952,369.559910714286,17.9208244285714,0.490966071428571,1.42195767195767e-05,3.19353273809524
"23","2001-05-25",2001,147,10.2029205749099,2.86369447121901,4.54997735536815,40.8586577380952,41.2572619047619,46.1969047619048,10.4357142857143,18.3628571428571,14.5883630952381,363.739633928571,24.8673844285714,0.81585,0,2.50522619047619
"24","2001-06-01",2001,154,9.77364911941665,3.2194242430191,4.30896575652405,38.9403898809524,34.044255952381,45.5556845238095,8.71285714285714,15.4942857142857,12.2323511904762,370.916636904762,15.9942502285714,0.415322619047619,9.92063492063492e-07,3.9728005952381
"25","2001-06-08",2001,161,9.00299212605301,3.50463708675023,4.04648698256669,43.5827678571429,40.6972023809524,46.1425297619048,7.61285714285714,13.3242857142857,10.3178571428571,368.258017857143,13.7632790571429,0.289785119047619,1.53769841269841e-05,2.91235119047619
"26","2001-06-15",2001,168,12.7355297588224,3.73750536719988,5.04602077486639,42.8716607142857,40.1294345238095,46.2286904761905,9.97857142857143,17.24,13.5368452380952,361.455523809524,20.3216837142857,0.486006547619048,1.32275132275132e-06,2.5845625
"27","2001-06-22",2001,175,11.6224155134126,3.97121038634956,4.73365969988405,43.0377232142857,41.2635119047619,46.2965773809524,9.44571428571428,15.4828571428571,12.3765476190476,361.924526785714,17.1162874285714,0.407074404761905,1.32275132275132e-06,3.09836904761905
"28","2001-06-29",2001,182,13.8416236634066,4.18267378276369,5.58036339671032,38.1573333333333,30.529255952381,45.3467261904762,13.6042857142857,22.1185714285714,17.9933333333333,361.506657738095,22.4431930285714,0.703486607142857,3.63756613756614e-06,2.48339880952381
"29","2001-07-06",2001,189,14.6048646491281,4.38285000278782,5.72117524945352,34.6110565476191,23.8091071428571,43.593005952381,13.6914285714286,21.2542857142857,17.5838988095238,364.325592261905,22.6641003428571,0.674695238095238,0,3.21760119047619
"30","2001-07-13",2001,196,12.1601384815365,4.5524621617898,5.01019262734834,40.4081339285714,26.744880952381,42.186994047619,11.5114285714286,18.1871428571429,14.7332738095238,362.821851190476,16.3767396857143,0.426585119047619,4.44775132275132e-05,3.33547321428571
"31","2001-07-20",2001,203,13.8290857735268,4.64936217001658,5.35567379944798,42.2794523809524,33.2255952380952,45.6324107142857,11.3185714285714,17.7885714285714,14.4706547619048,357.756764880952,19.8549303428571,0.466729761904762,3.40608465608466e-05,2.61784821428571
"32","2001-07-27",2001,210,13.3889525743127,4.71305523406493,5.77932233540702,33.4053898809524,22.1376488095238,43.4892857142857,18.07,25.3471428571429,21.6333928571429,360.824113095238,24.2620398,1.1688369047619,0,1.88016369047619
"33","2001-08-03",2001,217,13.0812150146174,4.72287277672604,5.48083447366409,26.759005952381,17.7065476190476,40.6146130952381,14.6928571428571,22.4142857142857,18.426755952381,363.878949404762,18.1188,0.722838690476191,3.30687830687831e-07,3.08803273809524
"34","2001-08-10",2001,224,10.8784096287652,4.67772186789469,4.72634606422665,26.009694534632,17.3396482683983,39.9357196969697,11.5371428571429,17.3571428571429,14.4450744047619,372.329035714286,14.4004798285714,0.399361607142857,1.58730158730159e-05,3.79447916666667
"35","2001-08-17",2001,231,11.1179970379775,4.55447918204364,5.25205315314052,23.6837946428571,16.2441071428571,38.9683928571429,17.0985714285714,24.9228571428571,21.0767857142857,368.141892857143,17.815203,1.00788392857143,3.96825396825397e-06,2.72881845238095
"36","2001-08-24",2001,238,8.74649255645281,4.38255509988989,4.73870894173167,22.9822648809524,15.4024107142857,38.3788095238095,17.42,24.8357142857143,21.0577083333333,365.248086309524,16.7105039142857,0.989506845238095,1.27314814814815e-05,2.10747321428571
"37","2001-08-31",2001,245,8.47428619760352,4.12547554149805,4.22720930542992,21.1446964285714,14.080505952381,37.6691964285714,10.4128571428571,18.5257142857143,14.4254464285714,363.796946428571,14.5203253714286,0.537158928571429,1.00859788359788e-05,2.93740476190476
"38","2001-09-07",2001,252,5.60914299950197,3.80830117190599,3.38498345824299,26.6311398809524,14.1673214285714,37.9034523809524,8.63142857142857,13.0371428571429,10.5916666666667,363.314848214286,7.53496842857143,0.138962797619048,7.90343915343915e-05,4.21664880952381
"39","2002-05-03",2002,126,2.61006814623532,1.20050904988204,2.57361718483353,45.9834613095238,47.4367857142857,46.7817857142857,6.58285714285714,10.5314285714286,8.41232142857143,377.190386904762,8.17458737142857,0.20898125,7.07671957671958e-05,2.78207738095238
"40","2002-05-10",2002,133,5.99015233382042,1.77076604233126,3.60940273780489,45.2662410714286,46.3883333333333,46.2086011904762,10.38,16.8042857142857,13.325625,371.490053571429,14.9070813428571,0.284784821428571,1.33928571428571e-05,2.19910714285714
"41","2002-05-17",2002,140,8.26797439502315,2.31040502300712,4.13303423332862,43.978568452381,45.5817261904762,45.9210416666667,10.2942857142857,17.8457142857143,14.4086011904762,367.289226190476,20.8562106857143,0.561120535714286,1.53769841269841e-05,2.86080654761905
"42","2002-05-24",2002,147,8.69198715115209,2.74384074569234,4.18778970318121,42.8353154761905,45.6316369047619,45.7105952380952,9.86,17.1542857142857,13.5542261904762,369.950991071429,15.5445768,0.442867261904762,6.03505291005291e-05,2.61880357142857
"43","2002-05-31",2002,154,11.8305298704514,3.07038961104849,4.82738758469123,43.1897857142857,45.1314285714286,46.1191369047619,9.24714285714286,16.5271428571429,12.9222916666667,366.252303571429,23.7401452285714,0.55475744047619,2.57936507936508e-05,2.69471726190476
"44","2002-06-07",2002,161,8.87230558664736,3.36311519812529,4.35027724434101,42.7751101190476,43.3063690476191,45.7879761904762,12.5628571428571,18.2271428571429,15.1424107142857,366.515005952381,13.3585907142857,0.439569642857143,6.38227513227513e-05,2.6030625
"45","2002-06-14",2002,168,10.4744011378289,3.60776534454199,4.75967406357803,43.518994047619,44.308244047619,45.8399702380952,12.8757142857143,19.6542857142857,16.1941369047619,366.640113095238,15.6134103428571,0.508966369047619,1.70304232804233e-05,2.98084226190476
"46","2002-06-21",2002,175,11.5021363530479,3.82297330617252,5.17052156160067,38.3562142857143,34.3044345238095,44.2675297619048,15.4557142857143,22.42,18.6533035714286,367.657127976191,17.0915135142857,0.624028869047619,1.07473544973545e-05,2.22826785714286
"47","2002-06-28",2002,182,13.772591483519,4.02156632221324,5.3530381328773,32.7156071428571,25.0244047619048,41.7884821428571,11.1357142857143,17.8385714285714,14.3463095238095,363.308241071429,21.6445397142857,0.66025625,1.33928571428571e-05,3.06844047619048
"48","2002-07-05",2002,189,11.9898349662869,4.21783767980829,5.01588417775809,29.1194107142857,21.9925297619048,40.534880952381,12.0828571428571,18.36,15.4815476190476,363.13100297619,17.0052842571429,0.578839880952381,5.62169312169312e-06,3.32785119047619
"49","2002-07-12",2002,196,11.9117990159951,4.35848775418782,5.14150401973858,30.510693452381,22.789375,40.0370833333333,13.4742857142857,21.11,17.5101488095238,368.409160714286,16.2724160571429,0.611986904761905,5.0760582010582e-05,2.45477380952381
"50","2002-07-19",2002,203,9.3799727708737,4.44950926235551,4.38197359414723,36.5240625,29.9185714285714,43.4707142857143,11.6928571428571,16.6757142857143,14.2722321428571,363.91025297619,11.9628408857143,0.355531547619048,6.43187830687831e-05,3.46305654761905
"51","2002-07-26",2002,210,11.8803903813172,4.46502604451973,5.11048835208681,30.654744047619,22.0644642857143,42.2500595238095,13.57,19.9885714285714,16.7569047619048,362.771098214286,16.2968772857143,0.639040773809524,1.22354497354497e-05,2.86332142857143
"52","2002-08-02",2002,217,12.0035010961407,4.46112065461317,5.3402258088207,25.8531577380952,19.0303273809524,39.401130952381,15.8614285714286,23.0557142857143,19.2291964285714,365.32419047619,16.5746306571429,0.749809226190476,2.28174603174603e-05,2.34581845238095
"53","2002-08-09",2002,224,8.75526709154235,4.41332589469631,4.36950399875215,30.51775,25.713869047619,38.4436607142857,13.2228571428571,18.2728571428571,15.6868452380952,370.749675595238,11.2080260571429,0.309730952380952,8.66402116402116e-05,2.41824404761905
"54","2002-08-16",2002,231,11.9536012726589,4.28103598212848,5.33087311304637,30.6156964285714,22.6088095238095,39.11375,15.9728571428571,22.6442857142857,19.0708035714286,363.061907738095,17.3256006857143,0.704051488095238,2.61243386243386e-05,2.38368154761905
"55","2002-08-23",2002,238,11.2504590253525,4.1383896111233,5.16229457601488,26.5880982142857,18.5565773809524,39.4126488095238,15.3957142857143,22.5985714285714,18.5961607142857,369.186547619048,16.3692462857143,0.563091964285714,6.77910052910053e-06,2.2413125
"56","2002-08-30",2002,245,10.4170367356404,3.93198531828174,4.90922456183774,25.7171369047619,19.4004166666667,40.4311607142857,14.6814285714286,21.1514285714286,17.8366071428571,361.952705357143,15.7827903428571,0.55809494047619,2.61243386243386e-05,2.35053869047619
"57","2002-09-06",2002,252,10.4088731491036,3.65714081876679,4.82433680370421,23.3544375,17.1625,36.601875,12.5928571428571,20.7114285714286,16.7571726190476,367.186380952381,16.6104725142857,0.666081845238095,6.61375661375661e-06,2.5643869047619
"58","2003-05-02",2003,126,4.03059918769138,1.20964923910768,3.2499211306589,39.7035922619048,40.5648511904762,45.537619047619,9.79714285714286,18.7028571428571,14.2391666666667,374.818214285714,18.145584,0.810634226190476,1.02513227513228e-05,3.35813392857143
"59","2003-05-09",2003,133,6.43786170642412,1.80065158249566,3.6721182168692,40.470755952381,42.2506547619048,45.7810416666667,9.04428571428571,16.2557142857143,12.6831845238095,376.996636904762,16.4917314,0.395756845238095,5.02645502645503e-05,2.27769345238095
"60","2003-05-16",2003,140,7.75385411186137,2.3595900014634,3.7829349858588,42.0551458333333,43.7104464285714,45.9373214285714,6.74857142857143,12.7728571428571,9.61622023809524,376.040797619048,16.1639835428571,0.328458035714286,4.13359788359788e-05,2.91179166666667
"61","2003-05-23",2003,147,8.5022719872223,2.79835459842262,4.16007943923694,41.1764077380952,41.2269047619048,45.6841071428571,10.3114285714286,16.1785714285714,13.3269642857143,369.250744047619,15.0703423714286,0.462100892857143,7.77116402116402e-06,3.1021875
"62","2003-05-30",2003,154,10.4087618704262,3.12412105396162,4.93102451019807,36.0999613095238,32.9298214285714,44.5495238095238,14.7228571428571,22.2285714285714,18.7286607142857,363.741157738095,23.7444114857143,0.891013095238095,1.00859788359788e-05,2.05639285714286
"63","2003-06-06",2003,161,11.3607083471422,3.39651795817471,5.25418718754948,34.4941904761905,29.1284523809524,42.3244345238095,15.5257142857143,24.7371428571429,20.1401785714286,370.107023809524,24.7573362857143,0.936969642857143,4.91071428571429e-05,2.1918869047619
"64","2003-06-13",2003,168,13.2530822385028,3.65509660645382,5.48556339219287,34.4088928571429,28.0074702380952,41.0818452380952,14.0442857142857,21.2671428571429,17.5564583333333,369.895773809524,24.6299263714286,0.717358333333333,3.30687830687831e-07,2.15248511904762
"65","2003-06-20",2003,175,13.5760019670895,3.916876499549,5.46514532295911,29.7129553571429,24.3761904761905,39.9671428571429,12.6,20.1242857142857,16.3217261904762,368.433217261905,21.2787442285714,0.634035416666667,2.08333333333333e-05,3.40280952380952
"66","2003-06-27",2003,182,14.1206494835949,4.16564999442864,5.59665608572718,25.3622648809524,18.8770535714286,37.7668154761905,12.58,20.4571428571429,16.6386011904762,363.717410714286,22.1566068,0.687869940476191,1.62037037037037e-05,2.65875892857143
"67","2003-07-04",2003,189,11.6274999851604,4.38431686024963,4.912382573495,26.2143660714286,20.9355654761905,37.1347321428571,11.5871428571429,17.33,14.1314285714286,367.344238095238,15.7719579428571,0.393677083333333,1.96759259259259e-05,3.17108035714286
"68","2003-07-11",2003,196,14.8742002532448,4.52629720623005,5.80180784492059,22.9990892857143,16.5519642857143,35.578125,12.7942857142857,21.17,17.0617261904762,365.914455357143,24.2449639714286,0.856761607142857,4.62962962962963e-06,2.54521428571429
"69","2003-07-18",2003,203,12.8995411733932,4.65363556031837,5.71264635645221,20.9854642857143,14.3338095238095,33.7274107142857,17.0728571428571,25.8885714285714,21.7120833333333,372.376994047619,22.292001,1.29179464285714,8.26719576719577e-06,2.48215178571429
"70","2003-07-25",2003,210,12.3233308121268,4.70556858584103,5.35796369016545,20.1586636904762,14.1888988095238,33.3063095238095,15.0442857142857,21.8371428571429,18.2091369047619,373.119020833333,16.4051555142857,0.627147023809524,2.28174603174603e-05,2.32364583333333
"71","2003-08-01",2003,217,10.3763661260319,4.70119649574081,5.30976890157473,19.3361994047619,12.9733630952381,32.5046428571429,18.9914285714286,27.5385714285714,23.373244047619,366.089559523809,21.59298,1.52864345238095,0,1.73280654761905
"72","2003-08-08",2003,224,5.34381008146237,4.62633885700596,4.35045134401781,17.947744047619,11.3030654761905,31.781130952381,19.56,30.4457142857143,25.1644047619048,368.890401785714,23.5995940285714,2.2403,1.65343915343915e-07,2.29197916666667
"73","2003-08-15",2003,231,5.38431024283984,4.44379526188383,3.91328467107231,16.767130952381,9.91660714285714,31.2959821428571,14.7014285714286,23.8585714285714,19.4658035714286,373.988839285714,19.4122239428571,1.15173839285714,7.10978835978836e-06,3.04261011904762
"74","2003-08-22",2003,238,5.63914405180255,4.21129210929771,3.85765836367187,16.2342321428571,9.60410714285714,30.9424404761905,13.7671428571429,21.5185714285714,17.5285714285714,370.308845238095,18.9527091428571,0.908364583333333,4.96031746031746e-07,2.51946428571429
"75","2003-08-29",2003,245,6.92294654172867,3.93150426597741,3.82526501854978,16.5159523809524,9.83053571428571,31.3866964285714,9.8,15.8028571428571,12.3203273809524,371.799005952381,11.6532997714286,0.3770125,5.19179894179894e-05,3.00859821428571
"76","2003-09-05",2003,252,8.78388065806135,3.615153092112,4.34258869859573,17.0534523809524,10.8294345238095,32.0511904761905,11.07,17.64,14.3603273809524,369.546089285714,13.5371656285714,0.595886309523809,1.28968253968254e-05,2.13989583333333
"77","2004-04-30",2004,126,4.41053148911427,1.13815596808011,3.22719516269637,37.8504880952381,32.3605654761905,45.5542857142857,8.58857142857143,15.9814285714286,12.1059523809524,382.094773809524,15.9589200857143,0.338642857142857,7.07671957671958e-05,2.84209523809524
"78","2004-05-07",2004,133,4.39894731460225,1.70173399115833,2.96874767250476,43.7661904761905,39.3897619047619,47.5487797619048,5.45571428571429,10.56,7.73101190476191,383.732419642857,10.8068554285714,0.115773511904762,0.000113921957671958,3.04415178571429
"79","2004-05-14",2004,140,7.96158696106819,2.21402855292728,3.95597736486798,39.3488244047619,33.8699107142857,45.5639583333333,8.02857142857143,15.0971428571429,11.673869047619,372.919285714286,17.7696303428571,0.413152678571429,8.76322751322751e-06,2.47777976190476
"80","2004-05-21",2004,147,8.46579344357407,2.62401454165159,3.85740412436819,39.396869047619,33.6383035714286,45.5015476190476,4.66571428571429,11.5142857142857,8.16229166666667,377.996613095238,16.6149750857143,0.30085,1.73611111111111e-05,3.10424404761905
"81","2004-05-28",2004,154,10.3338341990362,2.93496337833705,4.49583050107809,36.8313095238095,28.9487797619048,45.1191666666667,8.85571428571428,15.24,12.1753273809524,369.043068452381,18.8709410571429,0.452559226190476,1.32275132275132e-06,2.15883928571429
"82","2004-06-04",2004,161,10.9622423714556,3.20517429911275,4.87837093686945,38.5448988095238,31.1777976190476,44.4529761904762,12.0614285714286,19.5128571428571,15.9281547619048,371.99144047619,18.5756592857143,0.57818630952381,5.20833333333333e-05,2.59221726190476
"83","2004-06-11",2004,168,11.7693459126946,3.45854525041614,4.97720772248932,33.185306547619,24.2935416666667,42.7797916666667,11.0542857142857,18.2457142857143,14.6009821428571,381.26255952381,18.9492608571429,0.414864880952381,9.75529100529101e-06,3.16592261904762
"84","2004-06-18",2004,175,11.8541005172398,3.70279612188728,4.85440787381121,32.4635119047619,23.4716666666667,41.1867857142857,8.99571428571429,15.9842857142857,12.1100297619048,382.104285714286,18.2721972857143,0.308014880952381,4.24933862433862e-05,3.2662380952381
"85","2004-06-25",2004,182,13.6298404475903,3.92042852028348,5.34923421856556,35.5831845238095,26.9595833333333,40.2218452380952,10.6814285714286,17.6571428571429,14.1025595238095,369.896300595238,21.3266910857143,0.537720535714286,2.11640211640212e-05,3.37363095238095
"86","2004-07-02",2004,189,13.2441141405942,4.12542695695523,5.21521101482237,39.2432916666667,34.7470238095238,39.7790476190476,9.92,16.8785714285714,13.2824404761905,369.622797619048,19.7271246857143,0.386566071428571,5.29100529100529e-05,3.22687797619048
"87","2004-07-09",2004,196,8.80372770770762,4.28740964175797,4.1708096366544,42.4655744047619,40.9985416666667,39.7173511904762,9.38142857142857,14.65,11.9677380952381,376.372151785714,11.3097715714286,0.185845833333333,4.61309523809524e-05,3.50436607142857
"88","2004-07-16",2004,203,12.5792453668987,4.34645844342684,5.41663354158204,42.8223988095238,40.7794047619048,40.52625,14.3357142857143,22.0014285714286,17.6817261904762,376.676482142857,17.4727447714286,0.388002678571429,4.82804232804233e-05,2.82929761904762
"89","2004-07-23",2004,210,12.2020093083626,4.40026846946664,5.17054439179724,41.7677857142857,35.8376785714286,44.0122321428571,12.01,19.6228571428571,15.8727678571429,373.861616071429,16.9048540285714,0.419538690476191,5.48941798941799e-05,2.2667619047619
"90","2004-07-30",2004,217,13.2064485815649,4.40315298732738,5.7195538893294,33.1039732142857,22.9850595238095,40.7807738095238,16.6157142857143,23.8628571428571,20.2463095238095,367.001764880952,22.62015,1.03528452380952,0,1.81722321428571
"91","2004-08-06",2004,224,12.925599837545,4.37082430012445,5.72551973561458,24.6925208333333,16.8841666666667,37.480744047619,16.4785714285714,25.4842857142857,21.215744047619,371.382321428571,22.6122986571429,1.18802619047619,0,2.76890476190476
"92","2004-08-13",2004,231,10.7679054431619,4.29083842295787,5.00852148800713,22.2944970238095,15.5385416666667,36.0160714285714,14.1085714285714,21.3371428571429,17.6816071428571,375.085973214286,14.8528175142857,0.486901190476191,1.86838624338624e-05,3.18502678571429
"93","2004-08-20",2004,238,9.79783707332486,4.13445066331131,4.63744284441991,22.3256577380952,17.4099702380952,35.8983333333333,12.2342857142857,18.4714285714286,15.1104166666667,372.803452380952,13.7470672285714,0.411845535714286,4.16666666666667e-05,3.16063095238095
"94","2004-08-27",2004,245,7.81569902395198,3.90786702375838,4.07610086072978,30.0032232142857,23.8464880952381,34.2700595238095,10.4814285714286,16.0842857142857,13.130625,374.622639880952,10.8009473142857,0.201948511904762,5.02645502645503e-05,3.29821130952381
"95","2004-09-03",2004,252,11.2159960721508,3.60551483235223,5.15491773301022,24.193619047619,16.9686904761905,33.6836607142857,14.08,21.9271428571429,17.7909821428571,371.164107142857,19.3404111428571,0.81461994047619,0,2.15564583333333
"96","2005-05-06",2005,133,6.80675397346369,1.86778151947463,3.39951999266915,42.1305386904762,39.0176785714286,45.9702083333333,2.18428571428571,9.45428571428571,5.50008928571429,379.874479166667,18.5868648,0.207388392857143,3.27380952380952e-05,3.14010416666667
"97","2005-05-13",2005,140,7.78346385431175,2.45127569626845,3.77905496726869,42.329943452381,40.5139583333333,46.1687797619048,5.41285714285714,12.2928571428571,8.70199404761905,376.941202380952,15.8625141428571,0.343,5.72089947089947e-05,2.43652976190476
"98","2005-05-20",2005,147,9.8176279937264,2.9061887733715,4.69061290919585,42.5026577380952,39.9670535714286,46.0324702380952,12.5128571428571,19.7842857142857,16.2406845238095,374.539488095238,20.2738546285714,0.708749702380952,2.89351851851852e-05,2.78912202380952
"99","2005-05-27",2005,154,11.4792592714907,3.25279316035797,4.99716078255869,40.8587380952381,38.4040773809524,45.7554464285714,11.3271428571429,19.5214285714286,15.6016071428571,373.914672619048,22.2714853714286,0.734548511904762,2.16600529100529e-05,2.92990178571429
"100","2005-06-03",2005,161,10.6785296825905,3.55204210381137,4.47699369120373,41.496130952381,41.414375,45.1921130952381,7.16428571428571,13.11,10.2205357142857,374.302610119048,16.9812133714286,0.306184226190476,2.33134920634921e-05,3.25552678571429
"101","2005-06-10",2005,168,12.0431529784665,3.81777767020013,4.99996532690123,38.7767232142857,34.6591666666667,44.4680059523809,10.3685714285714,17.0428571428571,13.8446726190476,371.215625,18.4153188857143,0.556342857142857,1.65343915343915e-06,2.61446130952381
"102","2005-06-17",2005,175,13.6647291007472,4.06401580854212,5.76727127502847,31.3736071428571,24.5178273809524,42.6496130952381,15.2571428571429,23.6142857142857,19.5733333333333,367.252761904762,27.4322944285714,0.982794345238095,0,2.13463392857143
"103","2005-06-24",2005,182,12.238526224179,4.3038723244993,5.28028528965236,35.5122857142857,31.2394047619048,43.5255357142857,13.7814285714286,20.3814285714286,17.0314583333333,373.770148809524,16.9556207142857,0.505669940476191,9.19312169312169e-05,2.19502678571429
"104","2005-07-01",2005,189,12.6323239983191,4.49544835158278,5.2188288850473,38.1630803571429,32.9250892857143,44.5666071428571,11.4771428571429,18.5128571428571,14.8864880952381,373.997178571429,17.2141498285714,0.417599107142857,2.19907407407407e-05,2.51230654761905
"105","2005-07-08",2005,196,14.2699473915448,4.63951242085053,5.95039754101585,34.8480625,28.0117261904762,42.1108630952381,15.8742857142857,24.0528571428571,20.0102380952381,363.232113095238,24.3291929142857,1.01790863095238,1.38888888888889e-05,2.41138095238095
"106","2005-07-15",2005,203,13.0161969045468,4.75324947294386,5.34463455514935,31.0791071428571,25.4703273809524,39.4398214285714,11.95,18.9714285714286,15.4215178571429,370.472630952381,17.5058614285714,0.51875,4.71230158730159e-05,3.52969345238095
"107","2005-07-22",2005,210,12.9216370301188,4.80290333484071,5.50433749413179,32.4915297619048,28.1479166666667,38.0405952380952,13.6571428571429,22.0914285714286,17.7877083333333,374.312348214286,17.3552302285714,0.550038095238095,5.19179894179894e-05,2.69102976190476
"108","2005-07-29",2005,217,12.2288089782403,4.8050226231343,5.16766807217604,32.2709077380952,26.7531547619048,36.7180357142857,11.6271428571429,18.7571428571429,15.1346726190476,370.873276785714,16.2766977428571,0.455898214285714,1.62037037037037e-05,2.92703869047619
"109","2005-08-05",2005,224,10.7255998281822,4.74546638403766,4.63719050240132,36.1345089285714,33.85875,35.2666369047619,9.20285714285714,15.0371428571429,11.6282142857143,370.388125,14.1674405142857,0.209855357142857,3.60449735449735e-05,3.34289285714286
"110","2005-08-12",2005,231,11.4533095760455,4.61975712495184,5.02277060852271,33.2050238095238,30.0408333333333,34.8128571428571,11.85,18.8342857142857,15.2179761904762,367.136571428571,15.7368684857143,0.426980654761905,1.73611111111111e-05,2.71379166666667
"111","2005-08-19",2005,238,7.60080024677399,4.44726262256164,4.19371712035615,33.637380952381,29.9285119047619,36.3220833333333,12.72,18.0885714285714,15.1787797619048,367.665833333333,9.61459174285714,0.249122619047619,4.1005291005291e-05,2.95446726190476
"112","2005-08-26",2005,245,12.1990840446914,4.1723126871777,5.43437074271944,26.8371696428571,21.597380952381,34.7755654761905,14.2942857142857,22.6957142857143,18.5333928571429,366.914443452381,19.6959517714286,0.808398214285714,2.5297619047619e-05,2.12208928571429
"113","2005-09-02",2005,252,10.7934382080877,3.89341200791096,5.24053778185185,23.9643005952381,19.1978869047619,35.463005952381,16.0142857142857,23.6,19.8640476190476,371.672738095238,17.9352987428571,1.03169285714286,1.65343915343915e-07,2.21672321428571
"114","2015-05-06",2015,126,5.16142194145132,1.75975173875274,3.32748248645336,41.8191607142857,37.7946726190476,46.3191666666667,7.22714285714286,15.4057142857143,11.5436011904762,414.248065476191,18.4743408857143,0.543994047619048,2.69510582010582e-05,2.82172619047619
"115","2015-05-13",2015,133,7.43999017450674,2.83812487723879,4.01285822996359,39.6497976190476,36.3531547619048,45.5152678571429,8.5,18.0957142857143,13.4886607142857,419.966857142857,21.9182456571429,0.772959226190476,1.19047619047619e-05,3.06735119047619
"116","2015-05-20",2015,140,9.55562423375086,3.97276725276542,4.47372907546166,36.0220476190476,33.2678869047619,44.7186904761905,6.86142857142857,14.6057142857143,10.8051488095238,434.634979166667,22.1492738571429,0.616609226190476,2.81084656084656e-06,2.8901755952381
"117","2015-05-27",2015,147,9.27090008068622,4.86971171320298,4.40236377860955,32.9740386904762,30.8849404761905,44.2763095238095,7.70285714285714,14.0928571428571,11.1447321428571,428.393145833333,16.2321950571429,0.53403005952381,0,2.35621428571429
"118","2015-06-03",2015,154,10.679754984939,5.44923359636578,4.84100417607688,31.3627529761905,29.7100595238095,43.6724702380952,7.99857142857143,16.8142857142857,12.4641964285714,425.824720238095,17.7747778285714,0.5571,1.52116402116402e-05,3.59297321428571
"119","2015-06-10",2015,161,12.2890675071103,5.84608899166658,5.39080229934438,29.5443898809524,28.3486607142857,42.4154464285714,11.1214285714286,19.4357142857143,15.5577976190476,426.020202380952,22.5058800857143,0.846150297619048,1.15740740740741e-06,2.86704761904762
"120","2015-06-17",2015,168,12.4274670646369,6.18561873885587,5.43051815622534,27.1904732142857,26.5019642857143,41.1430654761905,11.3942857142857,19.2728571428571,15.4199107142857,415.029452380952,21.3619826571429,0.747095833333333,9.92063492063492e-07,2.11574702380952
"121","2015-06-24",2015,175,9.56435705663774,6.48183746626154,4.49000817665044,27.8726547619048,27.1199404761905,40.4425892857143,8.16285714285714,13.8685714285714,10.6357738095238,425.316508928571,13.7427081428571,0.241707142857143,4.84457671957672e-05,3.19749107142857
"122","2015-07-01",2015,182,13.1841220215195,6.67067079682553,5.7573651888328,27.419630952381,26.3241369047619,40.3129761904762,13.6242857142857,22.21,18.1878571428571,434.733398809524,22.6115861142857,0.989814583333333,3.30687830687831e-06,2.12783333333333
"123","2015-07-08",2015,189,11.9601412294693,6.80175443785792,5.67238103329982,24.4155505952381,24.1936904761905,39.2059821428571,17.8585714285714,28.4371428571429,23.3410416666667,435.627851190476,24.9125536285714,1.57961785714286,2.26521164021164e-05,2.64816071428571
"124","2015-07-15",2015,196,11.2785766735113,6.842306624951,5.135018160436,23.5515982142857,23.5887797619048,38.6843452380952,11.7457142857143,19.1828571428571,15.4457738095238,388.623761904762,16.9788394285714,0.551213690476191,2.97619047619048e-05,2.9675119047619
"125","2015-07-22",2015,203,11.0948224969934,6.78274298738818,5.36502633737041,23.5702053571429,23.7326488095238,39.5966964285714,17.3714285714286,25.6185714285714,21.2838988095238,406.085395833333,19.3070306571429,0.95276130952381,2.97619047619048e-05,2.7016875
"126","2015-07-29",2015,210,11.483561564326,6.64243126360634,5.19613328626971,23.2240952380952,23.5414583333333,39.3906845238095,11.6885714285714,18.9685714285714,15.3220833333333,407.747845238095,18.0829923428571,0.624041666666667,4.24933862433862e-05,3.58102976190476
"127","2015-08-05",2015,217,11.86756796226,6.43758244209435,5.41412946560731,22.7482976190476,23.1310119047619,37.4179166666667,12.4928571428571,23.3714285714286,18.2546726190476,388.984160714286,23.9344956,1.18621994047619,1.15740740740741e-06,2.3682619047619
"128","2015-08-12",2015,224,8.23170577767231,6.17101017148937,4.69161654413458,21.6118005952381,22.2352976190476,36.1246428571429,17.8428571428571,28.2585714285714,22.9379166666667,393.94899702381,21.5837092285714,1.3776869047619,2.1494708994709e-06,2.65248511904762
"129","2015-08-19",2015,231,6.52386784719506,5.79676274762942,3.98896960847517,21.6830148809524,21.8468452380952,36.146875,14.6528571428571,20.6728571428571,17.4875297619048,391.328985119048,11.4012488571429,0.555451190476191,6.56415343915344e-05,2.80476488095238
"130","2015-08-26",2015,238,9.75950433174298,5.34950141228232,4.82294259045808,21.7803452380952,22.0351488095238,36.2149404761905,13.4514285714286,20.2128571428571,16.8284523809524,389.892181547619,16.7202673714286,0.768649107142857,1.04166666666667e-05,2.63275297619048
"131","2015-09-02",2015,245,8.7281776805828,4.90832244577031,4.6673564664348,21.7447291666667,22.1297619047619,36.2529464285714,14.8214285714286,23.71,19.3348511904762,401.380470238095,14.5609891714286,0.863816369047619,2.28174603174603e-05,2.22058333333333
"132","2015-09-09",2015,252,7.05718164218477,4.42851938079144,3.89154523570675,21.0761130952381,21.736369047619,35.370625,8.54714285714286,14.3471428571429,11.1672023809524,385.0843125,12.7618976571429,0.314738392857143,1.93452380952381e-05,3.35894047619048
"133","2016-05-04",2016,126,5.31531604376355,1.79369831484994,3.31194457098809,39.0125357142857,36.0734523809524,47.1941964285714,4.59285714285714,13.13,9.14758928571429,442.981538690476,19.9758301714286,0.531285119047619,0,2.45240476190476
"134","2016-05-11",2016,133,7.95632649415749,2.81653360969147,4.25524724673789,33.7210238095238,31.0931547619048,45.9630952380952,10.0528571428571,20.0771428571429,15.3510714285714,432.854119047619,26.1705237428571,0.83880505952381,0,3.47441071428571
"135","2016-05-18",2016,140,7.90433019650845,3.90800193132203,4.00690237225733,29.2373244047619,27.0408333333333,44.7067857142857,5.85857142857143,12.59,9.07247023809524,435.656038690476,15.6184611428571,0.455594642857143,2.31481481481481e-06,3.1608005952381
"136","2016-05-25",2016,147,9.3274374092492,4.75880050247561,4.55849666782824,29.1329077380952,25.5355357142857,44.1407142857143,10.3685714285714,16.7185714285714,13.4695833333333,449.617523809524,15.1137768857143,0.529481845238095,2.57936507936508e-05,2.63591964285714
"137","2016-06-01",2016,154,9.63182637331429,5.30479126644082,4.71951582276023,35.3404196428571,30.9787797619048,45.8491369047619,12.6742857142857,18.0885714285714,15.3187797619048,438.302270833333,14.3904317142857,0.27025,8.53174603174603e-05,2.1334494047619
"138","2016-06-08",2016,161,11.7083865985328,5.67983845760684,5.37835380854369,35.5180446428571,32.2321726190476,45.7372619047619,14.3057142857143,20.9685714285714,17.6304166666667,413.954821428571,20.6428731428571,0.736761011904762,5.78703703703704e-06,2.17529166666667
"139","2016-06-15",2016,168,10.7680848321941,5.99237421794179,4.98803369478417,36.1437232142857,33.3839285714286,45.6961607142857,11.4914285714286,17.4014285714286,14.0779166666667,421.046955357143,16.3115377714286,0.405906547619048,9.12698412698413e-05,2.267625
"140","2016-06-22",2016,175,13.2472168303145,6.25618315132661,5.74261527460695,35.2694523809524,32.1436011904762,45.2137797619048,12.5928571428571,20.4,16.5577083333333,428.704592261905,21.9887848285714,0.659170238095238,6.61375661375661e-06,2.76555654761905
"141","2016-06-29",2016,182,13.6741124713371,6.47516636158602,5.89213697772587,29.7311428571429,27.1468154761905,42.2109523809524,13.4242857142857,21.36,17.4631845238095,426.732142857143,22.6573647428571,0.669794642857143,8.10185185185185e-06,2.82814880952381
"142","2016-07-06",2016,189,12.619309221464,6.63231977709774,5.50986937087677,28.3732827380952,25.8434821428571,41.1467261904762,11.0685714285714,18.8614285714286,14.9370833333333,423.505586309524,20.1619342285714,0.586988690476191,2.43055555555556e-05,3.23743154761905
"143","2016-07-13",2016,196,12.4856019449846,6.69081155834453,5.59530805603318,25.6954583333333,24.4653273809524,39.3738095238095,14.01,21.4271428571429,17.8256845238095,421.770988095238,19.2392192571429,0.833735119047619,1.93452380952381e-05,3.13846726190476
"144","2016-07-20",2016,203,12.4134086357299,6.65699245517663,5.62515979014086,24.3180833333333,23.5625595238095,39.0655952380952,14.5857142857143,22.7871428571429,18.5113988095238,424.090818452381,19.0317211714286,0.821735416666667,5.37367724867725e-05,2.67908928571429
"145","2016-07-27",2016,210,11.5133264147882,6.54141816077848,5.48235154492797,25.0242470238095,23.7233035714286,41.1443154761905,17.3385714285714,24.0442857142857,20.4750892857143,422.249616071429,17.3772223714286,0.829523214285714,1.19047619047619e-05,1.55610714285714
"146","2016-08-03",2016,217,9.07583619729338,6.34063695548996,4.63116902698919,24.1679047619048,23.2163988095238,38.0783630952381,13.6742857142857,19.1671428571429,16.3846130952381,427.428199404762,12.0839497714286,0.37349880952381,3.81944444444444e-05,2.696125
"147","2016-08-10",2016,224,10.779853179038,6.04588217160916,5.03170308715506,24.5773392857143,23.2116964285714,37.2287797619048,11.34,18.4571428571429,14.8841964285714,419.214473214286,17.3876508,0.601139880952381,2.48015873015873e-06,2.7518244047619
"148","2016-08-17",2016,231,11.1159544119524,5.71186133269775,5.18807568075012,23.1884613095238,22.3705952380952,36.3708630952381,12.3385714285714,20.1342857142857,16.2240773809524,419.26987202381,19.0778482285714,0.695819047619048,1.24007936507937e-05,2.46577380952381
"149","2016-08-24",2016,238,10.1466875054418,5.32978404370775,5.06190135969484,21.7022351190476,21.6428273809524,35.7793452380952,14.4128571428571,23.5085714285714,18.9480654761905,419.173741071429,17.8962883714286,0.91146994047619,1.02513227513228e-05,2.67583035714286
"150","2016-08-31",2016,245,7.47036462405818,4.89571784664513,4.46022528061308,20.4276696428571,20.7336011904762,35.173630952381,16.3585714285714,25.8814285714286,21.2993154761905,410.040770833333,18.7485855428571,1.36730238095238,1.81878306878307e-06,2.2674494047619
"151","2016-09-07",2016,252,6.26899167648126,4.40238222800952,3.99493054932632,20.0927708333333,20.563630952381,35.4722916666667,14.3342857142857,21.5314285714286,17.843869047619,417.100791666667,15.1752224571429,0.719597023809524,3.68716931216931e-05,2.63363988095238
"152","2017-05-03",2017,126,3.96685022672008,1.87178145197538,2.9419098180404,37.2731547619048,35.32125,47.0966666666667,4.58,11.4014285714286,7.86860119047619,422.663982142857,11.6884188,0.314383035714286,3.09193121693122e-05,2.73870833333333
"153","2017-05-10",2017,133,6.98416051266936,2.92707727897137,3.86138188162379,36.2359732142857,32.136130952381,47.0791964285714,6.87857142857143,15.0528571428571,10.9086011904762,403.328797619048,16.7090389714286,0.506435119047619,5.62169312169312e-06,2.23397916666667
"154","2017-05-17",2017,140,8.9928235498994,4.04284513110162,4.61091150916749,33.8457083333333,29.29,46.3274404761905,12.2371428571429,19.9771428571429,16.2118154761905,422.105193452381,20.7275076,0.79298005952381,2.03373015873016e-05,2.39781845238095
"155","2017-05-24",2017,147,11.1285743930229,4.91054597643158,5.14749074562029,31.6662886904762,27.5589583333333,45.1719642857143,11.2628571428571,19.3142857142857,15.4329166666667,444.68487797619,23.5449730285714,0.767853273809524,3.80291005291005e-06,2.57688095238095
"156","2017-05-31",2017,154,10.8830407222045,5.499931137281,5.3010413704723,28.3345952380952,25.5578273809524,43.6125595238095,15.39,24.6771428571429,19.9716666666667,440.873244047619,22.4937331714286,1.12959732142857,3.33994708994709e-05,2.32718452380952
"157","2017-06-07",2017,161,12.4480570601516,5.92930488059398,5.46902520262588,36.0264583333333,32.8508630952381,45.3484226190476,10.2342857142857,18.5985714285714,14.3048511904762,435.180767857143,20.9820528,0.644966071428571,6.25e-05,3.21538392857143
"158","2017-06-14",2017,168,12.8625198670635,6.28087629429191,5.66627396814121,32.7154851190476,27.1862797619048,42.8016666666667,12.4671428571429,20.3171428571429,16.7516964285714,418.336175595238,21.8390407714286,0.807058035714286,1.52116402116402e-05,2.97319345238095
"159","2017-06-21",2017,175,13.4476588710458,6.58731181659311,5.9975875159178,28.6811160714286,22.7985416666667,40.9660714285714,15.7985714285714,24.5114285714286,20.3339583333333,426.75106547619,25.7377327714286,1.03577351190476,1.7526455026455e-05,2.5325
"160","2017-06-28",2017,182,9.30497522105398,6.82987469584448,4.67684054961578,29.2672053571429,24.4199702380952,40.7799107142857,13.1142857142857,18.1057142857143,15.4981547619048,459.132389880952,11.5324192285714,0.458989285714286,4.36507936507936e-05,3.25978273809524
"161","2017-07-05",2017,189,14.0238224981856,6.92994120564868,6.06046635680324,30.1817678571429,24.0023214285714,39.9758928571429,13.9842857142857,22.4714285714286,18.3322321428571,459.359479166667,22.1932828285714,0.819488690476191,2.19907407407407e-05,2.73391666666667
"162","2017-07-12",2017,196,11.6996661265695,6.98589104016833,5.3327620522312,34.347375,29.9455357142857,42.0469345238095,12.4742857142857,19.0671428571429,15.7395238095238,459.993074404762,16.5891664285714,0.56194494047619,5.53902116402116e-05,2.9128244047619
"163","2017-07-19",2017,203,13.0563285959933,6.9308374446871,5.84924110656062,31.2553541666667,23.5155654761905,39.4754761904762,14.9171428571429,23.3385714285714,19.1322619047619,457.405050595238,19.6985350285714,0.766125892857143,1.32275132275132e-05,2.53502976190476
"164","2017-07-26",2017,210,8.86860962426077,6.81301534533113,4.54567989563949,39.3216458333333,36.0503273809524,45.5169345238095,12.5671428571429,17.6585714285714,14.952380952381,437.495380952381,11.2954852285714,0.344557440476191,0.000194444444444444,3.50234821428571
"165","2017-08-02",2017,217,11.7513021530936,6.56219067548827,5.57713643556073,34.4296041666667,28.0369047619048,43.5068154761905,16.8771428571429,24.09,20.3416071428571,406.043017857143,18.4804747714286,0.860025892857143,2.44708994708995e-05,3.09018154761905
"166","2017-08-09",2017,224,10.2489147015704,6.28728932978778,4.93900058550495,32.7467232142857,26.875119047619,42.3644642857143,11.9657142857143,18.6671428571429,15.4016369047619,404.772681547619,15.5833007142857,0.562322321428571,7.88690476190476e-05,2.61513392857143
"167","2017-08-16",2017,231,10.7677938456725,5.92821706382517,5.19390298229846,37.5635505952381,32.6269345238095,45.7984821428571,13.6985714285714,21.7085714285714,17.5776488095238,410.248723214286,17.3795808857143,0.598691071428571,4.15013227513228e-05,2.77434821428571
"168","2017-08-23",2017,238,10.4888194744097,5.52220178344723,5.05463406943381,32.862880952381,24.5540773809524,42.7783333333333,12.38,19.9157142857143,15.9627976190476,414.407178571429,18.0966967714286,0.600014285714286,2.84391534391534e-05,2.43889880952381
"169","2017-08-30",2017,245,9.28867460506264,5.07167648520767,4.79312721664484,32.4342767857143,24.7144642857143,41.6083333333333,13.9714285714286,20.6728571428571,17.2833630952381,414.990904761905,15.5595664285714,0.726433035714286,5.62169312169312e-06,2.08533035714286
"170","2017-09-06",2017,252,7.21909835671059,4.57695662944705,4.08729270872679,28.0204523809524,20.2506845238095,39.3457142857143,10.7357142857143,16.6357142857143,13.8485416666667,409.303580357143,11.833191,0.490568452380952,6.94444444444444e-06,2.86629464285714
"171","2018-05-02",2018,126,5.70839991066643,1.89151601940015,3.54419434008793,32.0768511904762,28.2923511904762,45.5462202380952,6.94142857142857,14.4542857142857,10.8908630952381,403.101416666667,20.8790845714286,0.608251785714286,0,3.57128571428571
"172","2018-05-09",2018,133,7.94772718406416,2.97637383873403,4.34571624200799,29.1360952380952,26.1125,44.6585119047619,11.0985714285714,20.3314285714286,15.8444642857143,407.382729166667,23.4468095142857,0.775036904761905,1.65343915343915e-07,2.71494047619048
"173","2018-05-16",2018,140,9.68866812192272,4.13585251731945,4.68195473657957,30.4235,27.870505952381,43.1341071428571,9.23142857142857,16.2628571428571,12.4733035714286,405.492532738095,20.4925731428571,0.539959821428571,3.19113756613757e-05,2.8391755952381
"174","2018-05-23",2018,147,10.5137177093246,5.04347824287409,5.07671016304977,28.7436160714286,27.7043154761905,41.7180059523809,12.8185714285714,20.6242857142857,16.6911607142857,398.738282738095,20.8608107142857,0.799954761904762,2.33134920634921e-05,2.73930654761905
"175","2018-05-30",2018,154,11.3304874158865,5.65118305476015,5.43232232309899,27.1458541666667,26.9270535714286,39.5994345238095,15.9457142857143,23.09,19.6635416666667,401.463693452381,20.6219108571429,0.700828571428571,7.10978835978836e-06,2.41702976190476
"176","2018-06-06",2018,161,11.9594306067926,6.08221111784712,5.60701703513611,25.1750029761905,24.6455357142857,37.3236904761905,15.5128571428571,23.8942857142857,19.5511607142857,397.778142857143,23.8931804571429,0.89724255952381,2.82738095238095e-05,2.2188869047619
"177","2018-06-13",2018,168,11.4584627578681,6.43121430731729,5.29463014347028,23.8924553571429,23.5578869047619,36.782380952381,12.9157142857143,18.5142857142857,15.6884821428571,394.490014880952,17.637903,0.64793244047619,4.13359788359788e-06,2.12945238095238
"178","2018-06-20",2018,175,11.6294213195456,6.71094120360119,5.28033319468468,22.7746755952381,22.1262797619048,34.1485714285714,10.7742857142857,18.1371428571429,14.719880952381,396.915869047619,17.8404068571429,0.617040476190476,1.3723544973545e-05,3.21401488095238
"179","2018-06-27",2018,182,13.4335221670555,6.91000277924908,5.8581156416599,21.9125922619048,21.0471428571429,32.6036607142857,12.4428571428571,20.7871428571429,16.7437797619048,395.86768452381,25.6410414,0.915649702380952,2.64550264550265e-06,3.010125
"180","2018-07-04",2018,189,10.3433679390516,7.04715257418255,5.13439687345855,20.6048482142857,19.320744047619,30.99,14.18,23.5057142857143,19.0400892857143,396.119720238095,27.3817195714286,1.29856845238095,3.30687830687831e-07,2.38475892857143
"181","2018-07-11",2018,196,6.52025793400542,7.05874511238458,4.03051155468165,20.4682797619048,19.3345238095238,29.8815773809524,12.9942857142857,20.9971428571429,16.8698511904762,398.657776785714,21.9594188571429,0.776235416666667,2.26521164021164e-05,2.25428869047619
"182","2018-07-18",2018,203,4.79478489456588,6.93511952292096,3.73036766205154,19.6316636904762,18.1869642857143,29.4891071428571,16.0728571428571,24.4485714285714,20.1916071428571,396.207669642857,22.5511817142857,1.24966517857143,2.28174603174603e-05,2.38059821428571
"183","2018-07-25",2018,210,3.36369538951859,6.70476219272061,3.54310814486568,19.1255476190476,17.7231547619048,29.3571130952381,19.3514285714286,28.5814285714286,24.0566964285714,397.042880952381,23.9610093428571,1.70929107142857,0,2.154625
"184","2018-08-01",2018,217,2.94933998445543,6.38941367250984,3.48211693477476,18.5046964285714,17.2055952380952,28.1529761904762,20.5171428571429,29.0342857142857,24.9533928571429,399.381964285714,22.4043834857143,1.76533571428571,1.30621693121693e-05,2.12453273809524
"185","2018-08-08",2018,224,3.04542806329329,6.0102050677562,3.35716293982016,17.8847648809524,16.2579464285714,27.409880952381,17.05,26.6914285714286,21.7034821428571,398.145672619048,21.986478,1.59262172619048,3.96825396825397e-06,2.79207142857143
"186","2018-08-15",2018,231,3.35565997025848,5.58005152754894,3.35705571224674,17.4761428571429,15.7583928571429,26.6141369047619,15.6228571428571,24.68,20.132380952381,399.773803571429,17.0638539428571,1.17589196428571,1.05820105820106e-05,2.30328273809524
"187","2018-08-22",2018,238,3.72345247768632,5.11148986418845,3.34752714974961,17.0064017857143,15.2369345238095,26.054255952381,13.9385714285714,21.6585714285714,17.9419642857143,407.096401785714,14.5855787142857,0.957219642857143,3.30687830687831e-06,2.57469047619048
"188","2018-08-29",2018,245,4.22463139982916,4.62161041189545,3.36504734406065,16.480068452381,14.4885416666667,25.3416071428571,11.58,18.7071428571429,15.1582142857143,403.90775297619,13.8237945428571,0.673642261904762,1.30621693121693e-05,2.66093154761905
"189","2018-09-05",2018,252,3.77724299409057,4.11887822258201,3.33334523110038,16.95625,15.2084226190476,26.1603571428571,13.2371428571429,20.7171428571429,16.713244047619,408.48499702381,13.9662154285714,0.68621130952381,1.80224867724868e-05,2.16232142857143
"190","2019-05-01",2019,126,3.71251293446954,1.34048494633226,2.86421633237423,32.9225803571429,40.4658630952381,44.7167261904762,3.22,10.2557142857143,7.0347619047619,414.471544642857,17.748369,0.384663988095238,1.55687830687831e-05,2.62074107142857
"191","2019-05-08",2019,133,4.97622547083211,2.03031608413206,3.23294024057604,35.4257142857143,42.3227678571429,45.6196428571429,4.45714285714286,10.8042857142857,7.70961309523809,416.777970238095,15.8671069714286,0.315534523809524,5.3057208994709e-05,2.70610714285714
"192","2019-05-15",2019,140,6.76853473530354,2.76313553132349,3.80317130881998,34.2926696428571,41.6173511904762,45.1053273809524,6.74857142857143,13.4242857142857,10.1327380952381,413.043017857143,16.6528103142857,0.425566369047619,4.56134259259259e-05,2.46822619047619
"193","2019-05-22",2019,147,8.4822324389163,3.34792999379465,4.41027126952871,35.3566577380952,41.7229761904762,45.2888392857143,10.5257142857143,16.8585714285714,13.7347619047619,409.888842261905,18.0940872857143,0.562135119047619,3.41749338624339e-05,2.77680059523809
"194","2019-05-29",2019,154,9.54085313457573,3.76777435332344,4.8273851364098,34.0327529761905,40.1290773809524,43.5570238095238,12.2,21.1314285714286,16.8345833333333,406.918693452381,22.4862531428571,0.914865773809524,1.59060846560847e-05,2.26808333333333
"195","2019-06-05",2019,161,10.2166317390366,4.10432003013434,5.04436883609945,28.1254523809524,31.7815476190476,40.493005952381,12.8357142857143,22.11,17.5078273809524,408.244657738095,21.322584,0.850230654761905,2.13707010582011e-05,2.4078869047619
"196","2019-06-12",2019,168,10.4917852917568,4.40472891038207,5.10901112505681,32.8200803571429,39.4673511904762,42.6236904761905,13.8457142857143,20.7628571428571,17.4041964285714,405.533464285714,18.8296079142857,0.677813392857143,8.7296626984127e-05,2.40805654761905
"197","2019-06-19",2019,175,11.588775810147,4.66736896175605,5.52553938103622,31.7248869047619,37.3046726190476,40.7027678571429,15.3414285714286,24.2657142857143,20.0996130952381,406.213407738095,26.8207230857143,1.09435416666667,1.20188492063492e-05,2.53929761904762
"198","2019-06-26",2019,182,10.9432985542262,4.88434250652106,5.4480427967862,26.1579702380952,26.6879761904762,36.0178869047619,16.6042857142857,27.0885714285714,22.329375,402.638038690476,28.5015468857143,1.54734494047619,6.28306878306878e-08,2.4018244047619
"199","2019-07-03",2019,189,11.7877174254809,5.03362049930779,5.37385658690927,22.0786279761905,21.1578571428571,31.6543154761905,11.9185714285714,18.92,15.3418452380952,404.009523809524,21.6874872,0.847684226190476,2.67195767195767e-06,2.53531547619048
"200","2019-07-10",2019,196,8.90304737307421,5.11841251539692,4.52977421607691,22.8589226190476,20.5679166666667,33.642619047619,10.8342857142857,16.7628571428571,13.3200595238095,403.576267857143,13.5484696285714,0.342011607142857,2.65327380952381e-05,2.28620535714286
"201","2019-07-17",2019,203,10.4285926310182,5.09208487218377,5.1161001100028,22.8368839285714,20.487380952381,34.930744047619,14.08,21.3385714285714,17.742380952381,400.737770833333,17.1009565714286,0.777085714285714,1.47222222222222e-05,2.28066666666667
"202","2019-07-24",2019,210,9.99630916431946,5.01429565298724,5.29523098237683,21.2502708333333,19.781755952381,31.7021428571429,19.39,28.1814285714286,23.7527976190476,406.369056547619,23.1705799714286,1.6494556547619,7.9728835978836e-06,2.44854166666667
"203","2019-07-31",2019,217,9.93264083440815,4.87611995917862,5.06414888589399,20.2128154761905,19.0344345238095,29.1534821428571,15.5985714285714,23.1157142857143,19.0848214285714,397.4668125,18.5131542857143,0.899945833333333,2.79761904761905e-05,2.14267261904762
"204","2019-08-07",2019,224,9.74341165322305,4.68702858822406,4.9874110442075,21.0334702380952,18.9504761904762,29.1536904761905,14.9728571428571,22.4428571428571,18.5187202380952,395.113636904762,17.1885162857143,0.777075,3.92724867724868e-05,3.13659821428571
"205","2019-08-14",2019,231,9.10784852908485,4.44634609100462,4.72281782401995,19.3745654761905,18.4750595238095,28.0747321428571,13.0571428571429,20.0985714285714,16.3118452380952,395.614014880952,16.3329292285714,0.676318452380952,2.29828042328042e-05,3.09090476190476
"206","2019-08-21",2019,238,9.25168277848189,4.15395776982425,4.92734422403254,18.5376279761905,18.1137797619048,26.9539285714286,15.6071428571429,24.3514285714286,20.0578571428571,396.790113095238,20.7480651428571,1.25748125,3.07539682539683e-07,2.01867857142857
"207","2019-08-28",2019,245,7.75851747342493,3.83219656349568,4.61588554249367,17.7225446428571,17.5970833333333,26.1310416666667,17.2328571428571,25.94,21.5547321428571,401.148916666667,16.4843179714286,1.20785535714286,1.46378968253968e-05,2.11681547619048
"208","2019-09-04",2019,252,6.98378907044975,3.46863649830756,4.05559589407413,16.5259136904762,16.6400595238095,25.1341369047619,10.3928571428571,17.2657142857143,13.8086607142857,395.950675595238,14.4269794285714,0.647862202380952,7.98280423280423e-06,2.32358630952381
"209","2020-04-29",2020,126,4.16635884537567,1.66987935071198,3.05975344095029,29.2490535714286,31.6846726190476,42.7444226190476,5.55928571428571,11.3318571428571,8.5439375,421.727538690476,14.8164588,0.316077083333333,2.99272486772487e-05,2.88476785714286
"210","2020-05-06",2020,133,7.04520523449285,2.63297233830874,3.93288481054339,30.4079553571429,31.38075,42.0052976190476,6.72642857142857,15.4862857142857,10.9252083333333,418.482648809524,20.2733642571429,0.713650297619048,2.08333333333333e-05,2.35804464285714
"211","2020-05-13",2020,140,9.08580456680766,3.65955262225446,4.44682937266915,30.7106845238095,32.1249077380952,41.1101160714286,6.42785714285714,14.4221428571429,10.7679732142857,418.966267857143,22.7461062857143,0.662802678571429,0,2.27278869047619
"212","2020-05-20",2020,147,9.30555354040764,4.47404836138405,4.61226762683818,30.489369047619,26.8146696428571,39.7158928571429,9.56514285714286,16.3042857142857,12.8753928571429,416.942145833333,16.4492544857143,0.505680654761905,2.59589947089947e-05,2.65878869047619
"213","2020-05-27",2020,154,11.8404656178969,5.02357334913077,5.32154644492909,29.525875,24.331568452381,37.1700744047619,9.44342857142857,17.698,13.8372857142857,416.39562202381,26.9508929142857,0.811739583333333,6.61375661375661e-07,2.45058928571429
"214","2020-06-03",2020,161,9.85829710469436,5.43093470723336,4.76595029936233,30.5049761904762,26.3372023809524,35.7152261904762,9.86042857142857,16.189,13.0165744047619,413.55325,15.4668998571429,0.558873511904762,4.62962962962963e-06,2.42435119047619
"215","2020-06-10",2020,168,10.3796490249683,5.75974451256162,5.04211075374653,38.5787321428571,35.0949494047619,40.4259285714286,12.9505714285714,19.3165714285714,15.9338214285714,414.245339285714,15.4752824571429,0.316964285714286,0.000190641534391534,2.19899107142857
"216","2020-06-17",2020,175,12.2071251396966,6.01017091566899,5.57370170724615,40.2924702380952,35.9010386904762,44.9886160714286,13.8738571428571,19.9502857142857,17.0288720238095,412.571541666667,19.9120196571429,0.6444125,4.06746031746032e-05,2.53322619047619
"217","2020-06-24",2020,182,13.2098620470113,6.21035794182391,5.89269855492896,33.17375,25.199244047619,39.6109851190476,14.3052857142857,21.7001428571429,18.2790892857143,412.789160714286,23.0981762571429,0.883670535714286,1.81878306878307e-06,3.22072321428571
"218","2020-07-01",2020,189,13.1844244677883,6.36122870208895,5.83286707163444,27.8582142857143,21.2553303571429,33.1514196428571,12.5711428571429,21.0865714285714,16.6746577380952,411.867294642857,22.1242209428571,0.708038095238095,4.46428571428571e-06,3.86660119047619
"219","2020-07-08",2020,196,11.869542484922,6.43010941235931,5.42683594654133,26.8618541666667,21.0132083333333,29.7736755952381,11.4267142857143,19.7275714285714,15.8919672619048,410.466824404762,18.7170912,0.738671726190476,1.47156084656085e-05,2.29258333333333
"220","2020-07-15",2020,203,12.1152676686015,6.39259852677841,5.55816423192889,24.2385625,19.2552708333333,27.940744047619,14.0208571428571,19.8505714285714,17.055369047619,409.080633928571,19.6073514,0.84095505952381,8.76322751322752e-06,2.04006845238095
"221","2020-07-22",2020,210,11.7888173869336,6.28716260297578,5.55563825868955,22.3392738095238,18.6768571428571,26.6834880952381,14.6822857142857,22.538,18.9107410714286,407.137648809524,20.7230554285714,1.07208035714286,1.00859788359788e-05,2.39381547619048
"222","2020-07-29",2020,217,9.36899942517703,6.10630849755691,4.91961852238616,20.8764166666667,18.4399107142857,27.2226130952381,14.3514285714286,23.3565714285714,18.8205297619048,408.791294642857,20.6163475714286,1.07342023809524,3.48875661375661e-05,1.98189880952381
"223","2020-08-05",2020,224,9.49595397981177,5.82424572228923,5.19271480946703,20.1947827380952,18.3686696428571,27.4503333333333,19.4021428571429,27.811,23.679994047619,411.542952380952,21.9382994571429,1.68355178571429,1.40542328042328e-05,1.95959226190476
"224","2020-08-12",2020,231,7.73498422377087,5.49343632301097,4.55479289704778,20.1902113095238,18.9672083333333,28.7732708333333,17.3691428571429,23.1581428571429,20.0776339285714,418.013244047619,13.0193048571429,0.637199702380952,4.54695767195767e-05,2.40850595238095
"225","2020-08-19",2020,238,9.96184800272005,5.09038041423321,5.12485012910526,19.610130952381,17.8461279761905,26.8251279761905,15.6728571428571,23.2575714285714,19.5616845238095,413.179672619048,17.1856059428571,0.964871428571429,7.27513227513228e-06,2.79491666666667
"226","2020-08-26",2020,245,7.14823981839024,4.6781347735447,4.17235287691086,20.1852142857143,17.3151279761905,24.6195119047619,12.4724285714286,17.4761428571429,14.8426517857143,409.484547619048,11.0366663142857,0.528200595238095,4.01785714285714e-05,3.01878869047619
"227","2020-09-02",2020,252,8.07119990966259,4.20623853727711,4.42411191414487,19.870681547619,16.958875,23.9309970238095,11.0934285714286,18.8825714285714,15.0170982142857,408.589220238095,14.9838040285714,0.634586607142857,3.63756613756614e-06,2.67174107142857
