"","year","week","full_date","smAverage","smAnomaly"
"1",2007,1,2007-01-07,40.080208072264,0.635407999164606
"2",2014,1,2014-01-07,40.080208072264,0.272598475355004
"3",2004,1,2004-01-07,40.080208072264,-5.68043128654969
"4",2006,1,2006-01-07,40.080208072264,0.42006276106931
"5",2005,1,2005-01-07,40.080208072264,0.717857403926509
"6",2012,1,2012-01-07,40.080208072264,-3.09899081035919
"7",2011,1,2011-01-07,40.080208072264,3.21922645154551
"8",2018,1,2018-01-07,40.080208072264,3.95078299916461
"9",2010,1,2010-01-07,40.080208072264,1.0644030388471
"10",2020,1,2020-01-07,40.080208072264,-1.01350271512109
"11",2001,1,2001-01-07,40.080208072264,4.15488121345031
"12",2008,1,2008-01-07,40.080208072264,3.73296752297411
"13",2015,1,2015-01-07,40.080208072264,6.24451811821221
"14",2019,1,2019-01-07,40.080208072264,-7.7022973579783
"15",2009,1,2009-01-07,40.080208072264,-5.71208307226399
"16",2013,1,2013-01-07,40.080208072264,-1.29416045321639
"17",2017,1,2017-01-07,40.080208072264,-3.27585092940689
"18",2003,1,2003-01-07,40.080208072264,5.0298038324979
"19",2016,1,2016-01-07,40.080208072264,-1.66519319131159
"20",2014,2,2014-01-14,40.4569841517857,0.396298586309506
"21",2015,2,2015-01-14,40.4569841517857,6.0823878720238
"22",2007,2,2007-01-14,40.4569841517857,0.0930753720238044
"23",2018,2,2018-01-14,40.4569841517857,2.94640572916671
"24",2019,2,2019-01-14,40.4569841517857,-6.20443950892859
"25",2016,2,2016-01-14,40.4569841517857,-0.937263913690494
"26",2001,2,2001-01-14,40.4569841517857,2.6857628720238
"27",2008,2,2008-01-14,40.4569841517857,4.2426229910714
"28",2005,2,2005-01-14,40.4569841517857,-0.459451413690495
"29",2012,2,2012-01-14,40.4569841517857,-3.39170736607139
"30",2004,2,2004-01-14,40.4569841517857,-2.6552877232143
"31",2020,2,2020-01-14,40.4569841517857,0.149795610119099
"32",2017,2,2017-01-14,40.4569841517857,-3.1999484375
"33",2010,2,2010-01-14,40.4569841517857,0.318242038690499
"34",2002,2,2002-01-14,40.4569841517857,2.05760959821431
"35",2011,2,2011-01-14,40.4569841517857,9.3907033482143
"36",2006,2,2006-01-14,40.4569841517857,-1.4335645089286
"37",2013,2,2013-01-14,40.4569841517857,-1.5476151041667
"38",2009,2,2009-01-14,40.4569841517857,-7.5677281994048
"39",2003,2,2003-01-14,40.4569841517857,-0.965897842261896
"40",2014,3,2014-01-21,40.4339194940476,0.385488244047579
"41",2001,3,2001-01-21,40.4339194940476,1.35611919642858
"42",2012,3,2012-01-21,40.4339194940476,-3.82946711309522
"43",2015,3,2015-01-21,40.4339194940476,5.91698526785718
"44",2007,3,2007-01-21,40.4339194940476,0.581160863095278
"45",2019,3,2019-01-21,40.4339194940476,-7.26425282738092
"46",2010,3,2010-01-21,40.4339194940476,1.81202395833328
"47",2018,3,2018-01-21,40.4339194940476,3.81112514880948
"48",2008,3,2008-01-21,40.4339194940476,4.03218467261908
"49",2017,3,2017-01-21,40.4339194940476,-1.64799092261902
"50",2013,3,2013-01-21,40.4339194940476,-2.57108616071432
"51",2016,3,2016-01-21,40.4339194940476,-1.87577068452382
"52",2009,3,2009-01-21,40.4339194940476,-5.98518735119053
"53",2002,3,2002-01-21,40.4339194940476,2.48389002976188
"54",2004,3,2004-01-21,40.4339194940476,-3.53346116071432
"55",2006,3,2006-01-21,40.4339194940476,-2.14967544642862
"56",2005,3,2005-01-21,40.4339194940476,0.939946577380979
"57",2020,3,2020-01-21,40.4339194940476,-0.374526636904719
"58",2003,3,2003-01-21,40.4339194940476,2.03569657738097
"59",2011,3,2011-01-21,40.4339194940476,5.87679776785718
"60",2007,4,2007-01-28,40.2916636904762,-1.40697619047619
"61",2001,4,2001-01-28,40.2916636904762,3.36609821428571
"62",2014,4,2014-01-28,40.2916636904762,0.139327380952416
"63",2017,4,2017-01-28,40.2916636904762,-2.42153869047618
"64",2016,4,2016-01-28,40.2916636904762,-1.44784226190478
"65",2015,4,2015-01-28,40.2916636904762,5.89126785714281
"66",2008,4,2008-01-28,40.2916636904762,4.48056845238091
"67",2019,4,2019-01-28,40.2916636904762,-8.38514583333328
"68",2012,4,2012-01-28,40.2916636904762,-3.55967261904758
"69",2005,4,2005-01-28,40.2916636904762,1.91358035714281
"70",2018,4,2018-01-28,40.2916636904762,4.55020238095241
"71",2011,4,2011-01-28,40.2916636904762,1.85797321428571
"72",2010,4,2010-01-28,40.2916636904762,0.899940476190515
"73",2003,4,2003-01-28,40.2916636904762,2.09620833333332
"74",2009,4,2009-01-28,40.2916636904762,-0.0413809523809832
"75",2002,4,2002-01-28,40.2916636904762,4.15920535714292
"76",2020,4,2020-01-28,40.2916636904762,0.205318452380915
"77",2013,4,2013-01-28,40.2916636904762,-2.67547916666668
"78",2006,4,2006-01-28,40.2916636904762,-4.60271726190479
"79",2004,4,2004-01-28,40.2916636904762,-5.01893749999999
"80",2014,5,2014-02-04,40.0634365178571,1.09002776785716
"81",2007,5,2007-02-04,40.0634365178571,1.38482241071426
"82",2001,5,2001-02-04,40.0634365178571,3.49606050595236
"83",2012,5,2012-02-04,40.0634365178571,-10.7249722321428
"84",2015,5,2015-02-04,40.0634365178571,6.70100693452386
"85",2010,5,2010-02-04,40.0634365178571,0.741000982142857
"86",2003,5,2003-02-04,40.0634365178571,2.19182538690476
"87",2018,5,2018-02-04,40.0634365178571,3.86529264880956
"88",2008,5,2008-02-04,40.0634365178571,4.55492360119046
"89",2002,5,2002-02-04,40.0634365178571,2.64450514880956
"90",2019,5,2019-02-04,40.0634365178571,-6.00521330357144
"91",2016,5,2016-02-04,40.0634365178571,-0.386397827380939
"92",2009,5,2009-02-04,40.0634365178571,-4.52550199404764
"93",2020,5,2020-02-04,40.0634365178571,2.80915276785716
"94",2004,5,2004-02-04,40.0634365178571,-3.21517461309524
"95",2006,5,2006-02-04,40.0634365178571,-6.86316866071424
"96",2005,5,2005-02-04,40.0634365178571,2.14704860119046
"97",2017,5,2017-02-04,40.0634365178571,-0.703240089285742
"98",2011,5,2011-02-04,40.0634365178571,0.950500982142856
"99",2013,5,2013-02-04,40.0634365178571,-0.152499017857139
"100",2007,6,2007-02-11,39.8312775297619,0.9539575892857
"101",2001,6,2001-02-11,39.8312775297619,4.4096331845238
"102",2017,6,2017-02-11,39.8312775297619,-0.488286458333299
"103",2010,6,2010-02-11,39.8312775297619,2.2425766369048
"104",2016,6,2016-02-11,39.8312775297619,0.256392113095202
"105",2014,6,2014-02-11,39.8312775297619,2.3313950892857
"106",2008,6,2008-02-11,39.8312775297619,4.8065230654762
"107",2019,6,2019-02-11,39.8312775297619,-5.0088400297619
"108",2015,6,2015-02-11,39.8312775297619,6.9806212797619
"109",2018,6,2018-02-11,39.8312775297619,3.5835290178571
"110",2011,6,2011-02-11,39.8312775297619,1.8790290178571
"111",2004,6,2004-02-11,39.8312775297619,-2.7309561011905
"112",2003,6,2003-02-11,39.8312775297619,2.2580349702381
"113",2009,6,2009-02-11,39.8312775297619,-0.180777529761897
"114",2002,6,2002-02-11,39.8312775297619,2.7663950892857
"115",2020,6,2020-02-11,39.8312775297619,2.847552827381
"116",2013,6,2013-02-11,39.8312775297619,-0.669610863095201
"117",2005,6,2005-02-11,39.8312775297619,0.742353422619104
"118",2006,6,2006-02-11,39.8312775297619,-5.8270900297619
"119",2007,7,2007-02-18,40.2327162202381,1.66389687500001
"120",2014,7,2014-02-18,40.2327162202381,1.83428080357141
"121",2015,7,2015-02-18,40.2327162202381,6.27143258928571
"122",2009,7,2009-02-18,40.2327162202381,0.61231651785711
"123",2008,7,2008-02-18,40.2327162202381,3.55647127976191
"124",2001,7,2001-02-18,40.2327162202381,3.71568258928571
"125",2012,7,2012-02-18,40.2327162202381,-20.4826180059524
"126",2018,7,2018-02-18,40.2327162202381,2.97842961309521
"127",2017,7,2017-02-18,40.2327162202381,-1.48745133928569
"128",2010,7,2010-02-18,40.2327162202381,1.90539985119051
"129",2003,7,2003-02-18,40.2327162202381,0.779054613095212
"130",2016,7,2016-02-18,40.2327162202381,0.0408075892857127
"131",2005,7,2005-02-18,40.2327162202381,2.12837306547621
"132",2002,7,2002-02-18,40.2327162202381,3.16629568452381
"133",2004,7,2004-02-18,40.2327162202381,-2.36593645833329
"134",2006,7,2006-02-18,40.2327162202381,-1.87114181547619
"135",2013,7,2013-02-18,40.2327162202381,-2.05067752976189
"136",2020,7,2020-02-18,40.2327162202381,2.34582842261901
"137",2019,7,2019-02-18,40.2327162202381,-5.31712991071429
"138",2011,7,2011-02-18,40.2327162202381,2.57668556547621
"139",2007,8,2007-02-25,40.6765764880952,0.400292559523763
"140",2016,8,2016-02-25,40.6765764880952,0.687233035714264
"141",2014,8,2014-02-25,40.6765764880952,1.30179553571426
"142",2001,8,2001-02-25,40.6765764880952,3.61910505952376
"143",2003,8,2003-02-25,40.6765764880952,-0.753296726190435
"144",2015,8,2015-02-25,40.6765764880952,6.20895922619047
"145",2017,8,2017-02-25,40.6765764880952,-0.0447163690476344
"146",2010,8,2010-02-25,40.6765764880952,2.69180148809527
"147",2012,8,2012-02-25,40.6765764880952,-10.0658889880952
"148",2005,8,2005-02-25,40.6765764880952,-0.797933630952336
"149",2008,8,2008-02-25,40.6765764880952,3.39536398809526
"150",2019,8,2019-02-25,40.6765764880952,-6.74811220238094
"151",2004,8,2004-02-25,40.6765764880952,-5.30654970238093
"152",2013,8,2013-02-25,40.6765764880952,-2.14462708333333
"153",2018,8,2018-02-25,40.6765764880952,2.26825089285716
"154",2011,8,2011-02-25,40.6765764880952,-1.53568065476193
"155",2020,8,2020-02-25,40.6765764880952,3.22904255952376
"156",2009,8,2009-02-25,40.6765764880952,0.952197321428564
"157",2002,8,2002-02-25,40.6765764880952,3.60256041666666
"158",2006,8,2006-02-25,40.6765764880952,-0.959796726190433
"159",2007,9,2007-03-04,41.2361291666667,1.70142142857144
"160",2010,9,2010-03-04,41.2361291666667,6.77847202380953
"161",2014,9,2014-03-04,41.2361291666667,0.926275595238138
"162",2015,9,2015-03-04,41.2361291666667,6.04720714285713
"163",2008,9,2008-03-03,41.2361291666667,4.04165654761903
"164",2001,9,2001-03-04,41.2361291666667,2.05193035714284
"165",2012,9,2012-03-03,41.2361291666667,-5.23002202380957
"166",2018,9,2018-03-04,41.2361291666667,-3.48885238095237
"167",2017,9,2017-03-04,41.2361291666667,-0.234715476190466
"168",2004,9,2004-03-03,41.2361291666667,-7.21403392857147
"169",2003,9,2003-03-04,41.2361291666667,1.40540952380954
"170",2016,9,2016-03-03,41.2361291666667,-0.253459523809568
"171",2009,9,2009-03-04,41.2361291666667,4.20363869047623
"172",2002,9,2002-03-04,41.2361291666667,2.71055833333334
"173",2019,9,2019-03-04,41.2361291666667,-6.42030178571427
"174",2006,9,2006-03-04,41.2361291666667,-3.51922142857146
"175",2005,9,2005-03-04,41.2361291666667,-1.37123035714286
"176",2020,9,2020-03-03,41.2361291666667,3.68210000000003
"177",2013,9,2013-03-04,41.2361291666667,-2.14371547619047
"178",2011,9,2011-03-04,41.2361291666667,-3.67311726190476
"179",2014,10,2014-03-11,41.3700994614512,0.146245776643951
"180",2000,10,2000-03-10,41.3700994614512,2.90336720521545
"181",2017,10,2017-03-11,41.3700994614512,0.400180300453556
"182",2007,10,2007-03-11,41.3700994614512,0.791739824263054
"183",2003,10,2003-03-11,41.3700994614512,0.995430300453556
"184",2012,10,2012-03-10,41.3700994614512,-4.24937624716555
"185",2015,10,2015-03-11,41.3700994614512,5.51411482426305
"186",2010,10,2010-03-11,41.3700994614512,0.921963038548753
"187",2001,10,2001-03-11,41.3700994614512,3.22947196712015
"188",2004,10,2004-03-10,41.3700994614512,-7.23650124716555
"189",2005,10,2005-03-11,41.3700994614512,-1.33314112811794
"190",2008,10,2008-03-10,41.3700994614512,3.56697791950116
"191",2019,10,2019-03-11,41.3700994614512,-5.01703100907024
"192",2002,10,2002-03-11,41.3700994614512,1.94013565759635
"193",2006,10,2006-03-11,41.3700994614512,-1.98940303287985
"194",2018,10,2018-03-11,41.3700994614512,0.217025538548754
"195",2011,10,2011-03-11,41.3700994614512,-4.50578398526075
"196",2013,10,2013-03-11,41.3700994614512,-0.908852437641748
"197",2016,10,2016-03-10,41.3700994614512,-0.476010175736945
"198",2009,10,2009-03-11,41.3700994614512,1.76185887188205
"199",2020,10,2020-03-10,41.3700994614512,3.32758803854875
"200",2007,11,2007-03-18,42.0037505445799,-0.218866616008512
"201",2010,11,2010-03-18,42.0037505445799,1.44217207446768
"202",2004,11,2004-03-17,42.0037505445799,-5.42039935410371
"203",2001,11,2001-03-18,42.0037505445799,3.15377326494389
"204",2014,11,2014-03-18,42.0037505445799,-0.350881496960916
"205",2008,11,2008-03-17,42.0037505445799,3.92717802684869
"206",2019,11,2019-03-18,42.0037505445799,-4.51099459219891
"207",2012,11,2012-03-17,42.0037505445799,-5.22664042553232
"208",2018,11,2018-03-18,42.0037505445799,2.01997862208678
"209",2017,11,2017-03-18,42.0037505445799,-1.62453030648471
"210",2002,11,2002-03-18,42.0037505445799,2.62227326494389
"211",2003,11,2003-03-18,42.0037505445799,0.320859574467683
"212",2016,11,2016-03-17,42.0037505445799,-1.21406006838941
"213",2015,11,2015-03-18,42.0037505445799,4.89396969351528
"214",2020,11,2020-03-17,42.0037505445799,2.36249350303908
"215",2013,11,2013-03-18,42.0037505445799,-2.41794102077041
"216",2000,11,2000-03-17,42.0037505445799,2.54043053445579
"217",2005,11,2005-03-18,42.0037505445799,1.43866909827718
"218",2011,11,2011-03-18,42.0037505445799,-0.888235663627519
"219",2006,11,2006-03-18,42.0037505445799,-2.35609280648472
"220",2009,11,2009-03-18,42.0037505445799,-0.493155306484717
"221",2014,12,2014-03-25,42.0314175170068,0.6252640306122
"222",2000,12,2000-03-24,42.0314175170068,2.6097074829932
"223",2018,12,2018-03-25,42.0314175170068,1.5943235544218
"224",2010,12,2010-03-25,42.0314175170068,2.0341955782313
"225",2003,12,2003-03-25,42.0314175170068,-0.785444302721103
"226",2017,12,2017-03-25,42.0314175170068,-0.817765731292504
"227",2015,12,2015-03-25,42.0314175170068,4.5011598639456
"228",2008,12,2008-03-24,42.0314175170068,4.7261806972789
"229",2007,12,2007-03-25,42.0314175170068,1.497168792517
"230",2012,12,2012-03-24,42.0314175170068,-5.4397419217687
"231",2005,12,2005-03-25,42.0314175170068,0.202237244898001
"232",2020,12,2020-03-24,42.0314175170068,0.136287840136099
"233",2019,12,2019-03-25,42.0314175170068,-5.9906318027211
"234",2004,12,2004-03-24,42.0314175170068,-3.8370514455782
"235",2006,12,2006-03-25,42.0314175170068,-2.2168133503401
"236",2016,12,2016-03-24,42.0314175170068,-1.237643707483
"237",2011,12,2011-03-25,42.0314175170068,-0.813116921768703
"238",2001,12,2001-03-25,42.0314175170068,3.5397789115646
"239",2002,12,2002-03-25,42.0314175170068,2.8529931972789
"240",2009,12,2009-03-25,42.0314175170068,-1.4334234693878
"241",2013,12,2013-03-25,42.0314175170068,-1.7476645408163
"242",2012,13,2012-03-31,41.9031091269841,-5.75392162698414
"243",2007,13,2007-04-01,41.9031091269841,0.235396825396869
"244",2001,13,2001-04-01,41.9031091269841,3.51664087301587
"245",2000,13,2000-03-31,41.9031091269841,2.45958432539687
"246",2014,13,2014-04-01,41.9031091269841,0.034289682539665
"247",2010,13,2010-04-01,41.9031091269841,1.79157837301587
"248",2019,13,2019-04-01,41.9031091269841,-6.66169246031743
"249",2006,13,2006-04-01,41.9031091269841,5.89879265873017
"250",2018,13,2018-04-01,41.9031091269841,2.54064682539686
"251",2008,13,2008-03-31,41.9031091269841,5.01924801587297
"252",2004,13,2004-03-31,41.9031091269841,-4.89401686507934
"253",2003,13,2003-04-01,41.9031091269841,-1.10543650793653
"254",2016,13,2016-03-31,41.9031091269841,-0.265618055555535
"255",2017,13,2017-04-01,41.9031091269841,-2.74954067460313
"256",2002,13,2002-04-01,41.9031091269841,1.52322420634916
"257",2013,13,2013-04-01,41.9031091269841,-2.23876984126984
"258",2005,13,2005-04-01,41.9031091269841,-1.43442460317463
"259",2020,13,2020-03-31,41.9031091269841,-1.04874007936513
"260",2009,13,2009-04-01,41.9031091269841,-0.516031746031736
"261",2011,13,2011-04-01,41.9031091269841,-1.68653769841274
"262",2015,13,2015-04-01,41.9031091269841,5.33532837301587
"263",2007,14,2007-04-08,41.0780969387755,0.509176870748291
"264",2019,14,2019-04-08,41.0780969387755,-5.96464158163261
"265",2000,14,2000-04-07,41.0780969387755,3.36534056122449
"266",2014,14,2014-04-08,41.0780969387755,-0.80047491496601
"267",2010,14,2010-04-08,41.0780969387755,1.85137925170069
"268",2003,14,2003-04-08,41.0780969387755,-0.0127636054422098
"269",2017,14,2017-04-08,41.0780969387755,-4.64704336734691
"270",2008,14,2008-04-07,41.0780969387755,5.29726020408159
"271",2001,14,2001-04-08,41.0780969387755,4.01064710884349
"272",2012,14,2012-04-07,41.0780969387755,-3.61537967687071
"273",2015,14,2015-04-08,41.0780969387755,6.15492687074829
"274",2020,14,2020-04-07,41.0780969387755,-2.04726062925171
"275",2013,14,2013-04-08,41.0780969387755,-0.944471938775507
"276",2004,14,2004-04-07,41.0780969387755,-3.90238860544221
"277",2005,14,2005-04-08,41.0780969387755,-0.792049319727909
"278",2018,14,2018-04-08,41.0780969387755,2.65868282312929
"279",2011,14,2011-04-08,41.0780969387755,-0.663641581632611
"280",2002,14,2002-04-08,41.0780969387755,1.08467687074829
"281",2006,14,2006-04-08,41.0780969387755,-0.753329081632607
"282",2016,14,2016-04-07,41.0780969387755,0.838117346938787
"283",2009,14,2009-04-08,41.0780969387755,-1.62676360544221
"284",2014,15,2014-04-15,40.3717465632086,0.417432008219976
"285",2007,15,2007-04-15,40.3717465632086,-0.777329896541922
"286",2001,15,2001-04-15,40.3717465632086,4.66004510345807
"287",2000,15,2000-04-14,40.3717465632086,3.34478617488657
"288",2020,15,2020-04-14,40.3717465632086,-6.72062453939913
"289",2008,15,2008-04-14,40.3717465632086,6.40705403202948
"290",2019,15,2019-04-15,40.3717465632086,-7.65834180130383
"291",2012,15,2012-04-14,40.3717465632086,-2.55230906320863
"292",2018,15,2018-04-15,40.3717465632086,2.16767903202948
"293",2017,15,2017-04-15,40.3717465632086,-7.43267513463722
"294",2010,15,2010-04-15,40.3717465632086,2.39422367488658
"295",2003,15,2003-04-15,40.3717465632086,-0.178216801303826
"296",2016,15,2016-04-14,40.3717465632086,0.124530222505676
"297",2015,15,2015-04-15,40.3717465632086,5.53771697845808
"298",2002,15,2002-04-15,40.3717465632086,2.26547962726757
"299",2006,15,2006-04-15,40.3717465632086,-0.806407277494323
"300",2005,15,2005-04-15,40.3717465632086,0.418908198696172
"301",2013,15,2013-04-15,40.3717465632086,4.86239331774377
"302",2004,15,2004-04-14,40.3717465632086,-1.88403525368482
"303",2011,15,2011-04-15,40.3717465632086,-1.44386858701812
"304",2009,15,2009-04-15,40.3717465632086,-3.14644001558963
"305",2007,16,2007-04-22,39.6193674886621,-4.15515320294784
"306",2020,16,2020-04-21,39.6193674886621,-11.4741621315192
"307",2000,16,2000-04-21,39.6193674886621,4.97864441609976
"308",2014,16,2014-04-22,39.6193674886621,3.21017417800456
"309",2010,16,2010-04-22,39.6193674886621,2.66774560657596
"310",2017,16,2017-04-22,39.6193674886621,-2.85144784580503
"311",2015,16,2015-04-22,39.6193674886621,3.57400751133787
"312",2008,16,2008-04-21,39.6193674886621,5.81711167800457
"313",2001,16,2001-04-22,39.6193674886621,5.94518608276646
"314",2012,16,2012-04-21,39.6193674886621,-2.86258177437644
"315",2019,16,2019-04-22,39.6193674886621,-9.54240617913834
"316",2013,16,2013-04-22,39.6193674886621,0.0837783446711668
"317",2006,16,2006-04-22,39.6193674886621,0.819617630385466
"318",2003,16,2003-04-22,39.6193674886621,0.838442035147366
"319",2016,16,2016-04-21,39.6193674886621,1.37058489229027
"320",2011,16,2011-04-22,39.6193674886621,-3.14128415532883
"321",2018,16,2018-04-22,39.6193674886621,1.05732596371887
"322",2004,16,2004-04-21,39.6193674886621,-2.96263534580503
"323",2009,16,2009-04-22,39.6193674886621,0.199495606575965
"324",2002,16,2002-04-22,39.6193674886621,5.31254322562356
"325",2005,16,2005-04-22,39.6193674886621,1.11501346371887
"326",2014,17,2014-04-29,38.3877226473923,3.52875651927441
"327",2007,17,2007-04-29,38.3877226473923,-5.01360062358279
"328",2015,17,2015-04-29,38.3877226473923,1.76447675736961
"329",2020,17,2020-04-28,38.3877226473923,-13.2379815759637
"330",2008,17,2008-04-28,38.3877226473923,5.98728330498871
"331",2006,17,2006-04-29,38.3877226473923,2.86706901927441
"332",2000,17,2000-04-28,38.3877226473923,4.67573270975061
"333",2010,17,2010-04-29,38.3877226473923,2.35974759070291
"334",2009,17,2009-04-29,38.3877226473923,0.309351757369612
"335",2004,17,2004-04-28,38.3877226473923,-1.26721967120179
"336",2003,17,2003-04-29,38.3877226473923,1.12392020975062
"337",2013,17,2013-04-29,38.3877226473923,0.823351757369615
"338",2005,17,2005-04-29,38.3877226473923,2.87331306689341
"339",2016,17,2016-04-28,38.3877226473923,1.24259580498871
"340",2001,17,2001-04-29,38.3877226473923,6.84369699546481
"341",2011,17,2011-04-29,38.3877226473923,-4.62824050453519
"342",2018,17,2018-04-29,38.3877226473923,-2.55543990929709
"343",2012,17,2012-04-28,38.3877226473923,-2.08218693310658
"344",2019,17,2019-04-29,38.3877226473923,-9.27850836167799
"345",2017,17,2017-04-29,38.3877226473923,-3.28349050453519
"346",2002,17,2002-04-29,38.3877226473923,6.94737259070291
"347",2000,18,2000-05-05,38.6675155356942,5.16138327382961
"348",2007,18,2007-05-06,38.6675155356942,-8.89827744045608
"349",2001,18,2001-05-06,38.6675155356942,5.77173446430582
"350",2008,18,2008-05-05,38.6675155356942,6.85678505954392
"351",2015,18,2015-05-06,38.6675155356942,3.15164517859152
"352",2014,18,2014-05-06,38.6675155356942,3.40618982144871
"353",2002,18,2002-05-06,38.6675155356942,7.31594577382961
"354",2009,18,2009-05-06,38.6675155356942,1.74927613097251
"355",2016,18,2016-05-05,38.6675155356942,0.345020178591511
"356",2006,18,2006-05-06,38.6675155356942,1.69164220240101
"357",2013,18,2013-05-06,38.6675155356942,0.830439821448714
"358",2020,18,2020-05-05,38.6675155356942,-9.41846196426559
"359",2012,18,2012-05-05,38.6675155356942,-3.78060779759898
"360",2004,18,2004-05-05,38.6675155356942,-0.817027440456087
"361",2003,18,2003-05-06,38.6675155356942,1.03607672621062
"362",2010,18,2010-05-06,38.6675155356942,2.28471249959792
"363",2017,18,2017-05-06,38.6675155356942,-1.39436077378939
"364",2019,18,2019-05-06,38.6675155356942,-5.74493517855129
"365",2011,18,2011-05-06,38.6675155356942,-5.10428339283708
"366",2005,18,2005-05-06,38.6675155356942,2.14776720240101
"367",2018,18,2018-05-06,38.6675155356942,-6.59066434521799
"368",2016,19,2016-05-12,38.8274862528345,-5.10646244331066
"369",2017,19,2017-05-13,38.8274862528345,-2.59151303854876
"370",2001,19,2001-05-13,38.8274862528345,5.68578755668934
"371",2000,19,2000-05-12,38.8274862528345,3.71887386621314
"372",2015,19,2015-05-13,38.8274862528345,0.822311366213135
"373",2002,19,2002-05-13,38.8274862528345,6.43875481859414
"374",2009,19,2009-05-13,38.8274862528345,2.38466255668934
"375",2007,19,2007-05-13,38.8274862528345,-0.018521967120158
"376",2020,19,2020-05-12,38.8274862528345,-8.41953089569156
"377",2014,19,2014-05-13,38.8274862528345,3.43583517573694
"378",2010,19,2010-05-13,38.8274862528345,4.67373696145124
"379",2008,19,2008-05-12,38.8274862528345,3.98855243764174
"380",2018,19,2018-05-13,38.8274862528345,-9.69139101473926
"381",2003,19,2003-05-13,38.8274862528345,1.64326969954654
"382",2013,19,2013-05-13,38.8274862528345,-1.06928982426306
"383",2019,19,2019-05-13,38.8274862528345,-3.40177196712016
"384",2012,19,2012-05-12,38.8274862528345,0.27880839002264
"385",2006,19,2006-05-13,38.8274862528345,-2.95387613378686
"386",2011,19,2011-05-13,38.8274862528345,-8.05999220521546
"387",2005,19,2005-05-13,38.8274862528345,3.30305243764174
"388",2004,19,2004-05-12,38.8274862528345,4.93870422335604
"389",2016,20,2016-05-19,38.0145544217687,-8.77723001700681
"390",2014,20,2014-05-20,38.0145544217687,5.21697534013609
"391",2000,20,2000-05-19,38.0145544217687,1.38777295918369
"392",2009,20,2009-05-20,38.0145544217687,3.00515391156459
"393",2002,20,2002-05-20,38.0145544217687,5.96401403061229
"394",2015,20,2015-05-20,38.0145544217687,-1.99250680272111
"395",2017,20,2017-05-20,38.0145544217687,-4.16884608843541
"396",2007,20,2007-05-20,38.0145544217687,4.11154974489799
"397",2003,20,2003-05-20,38.0145544217687,4.04059141156459
"398",2012,20,2012-05-19,38.0145544217687,0.322558673469395
"399",2001,20,2001-05-20,38.0145544217687,4.66568962585029
"400",2010,20,2010-05-20,38.0145544217687,5.4736181972789
"401",2019,20,2019-05-20,38.0145544217687,-3.72188477891161
"402",2006,20,2006-05-20,38.0145544217687,-0.913911564625806
"403",2020,20,2020-05-19,38.0145544217687,-7.30386989795921
"404",2008,20,2008-05-19,38.0145544217687,1.19544855442179
"405",2004,20,2004-05-19,38.0145544217687,1.33426998299319
"406",2018,20,2018-05-20,38.0145544217687,-7.59105442176871
"407",2011,20,2011-05-20,38.0145544217687,-9.39863180272111
"408",2013,20,2013-05-20,38.0145544217687,2.8349039115646
"409",2005,20,2005-05-20,38.0145544217687,4.31538903061229
"410",2009,21,2009-05-27,37.4389384920635,1.88124603174602
"411",2007,21,2007-05-27,37.4389384920635,4.14215674603172
"412",2003,21,2003-05-27,37.4389384920635,3.73746924603172
"413",2014,21,2014-05-27,37.4389384920635,4.52798710317462
"414",2016,21,2016-05-26,37.4389384920635,-8.30603075396828
"415",2001,21,2001-05-27,37.4389384920635,3.41971924603172
"416",2002,21,2002-05-27,37.4389384920635,5.39637698412702
"417",2015,21,2015-05-27,37.4389384920635,-4.46489980158728
"418",2008,21,2008-05-26,37.4389384920635,-1.22320634920638
"419",2019,21,2019-05-27,37.4389384920635,-2.08228075396828
"420",2000,21,2000-05-26,37.4389384920635,4.04535912698412
"421",2018,21,2018-05-27,37.4389384920635,-8.69532242063488
"422",2017,21,2017-05-27,37.4389384920635,-5.77264980158728
"423",2010,21,2010-05-27,37.4389384920635,5.83083829365082
"424",2013,21,2013-05-27,37.4389384920635,4.93490079365082
"425",2012,21,2012-05-26,37.4389384920635,-1.97099801587298
"426",2005,21,2005-05-27,37.4389384920635,5.06371924603172
"427",2020,21,2020-05-26,37.4389384920635,-6.94956944444448
"428",2004,21,2004-05-26,37.4389384920635,1.95793055555552
"429",2006,21,2006-05-27,37.4389384920635,3.93043055555552
"430",2011,21,2011-05-27,37.4389384920635,-9.40317658730158
"431",2009,22,2009-06-03,36.5907596371882,-0.530456065759608
"432",2016,22,2016-06-02,36.5907596371882,-1.25033999433111
"433",2007,22,2007-06-03,36.5907596371882,7.60033560090699
"434",2002,22,2002-06-03,36.5907596371882,6.59902607709749
"435",2003,22,2003-06-03,36.5907596371882,-0.490798327664407
"436",2014,22,2014-06-03,36.5907596371882,6.90745464852609
"437",2017,22,2017-06-03,36.5907596371882,-8.25616439909301
"438",2000,22,2000-06-02,36.5907596371882,5.94574631519269
"439",2001,22,2001-06-03,36.5907596371882,2.3496302437642
"440",2005,22,2005-06-03,36.5907596371882,4.2679784580499
"441",2015,22,2015-06-03,36.5907596371882,-5.22800666099771
"442",2010,22,2010-06-03,36.5907596371882,7.37394869614509
"443",2012,22,2012-06-02,36.5907596371882,-4.9064203514739
"444",2006,22,2006-06-03,36.5907596371882,5.7714873866213
"445",2020,22,2020-06-02,36.5907596371882,-7.06488463718821
"446",2008,22,2008-06-02,36.5907596371882,-4.14914654195011
"447",2004,22,2004-06-02,36.5907596371882,0.240549886621295
"448",2013,22,2013-06-03,36.5907596371882,7.57527607709749
"449",2018,22,2018-06-03,36.5907596371882,-9.4449054705215
"450",2011,22,2011-06-03,36.5907596371882,-10.7523042800453
"451",2019,22,2019-06-03,36.5907596371882,-2.55800666099771
"452",2003,23,2003-06-10,36.1786758786848,-1.68448540249432
"453",2001,23,2001-06-10,36.1786758786848,7.40409197845808
"454",2002,23,2002-06-10,36.1786758786848,6.59643424036279
"455",2009,23,2009-06-10,36.1786758786848,0.451005668934286
"456",2007,23,2007-06-10,36.1786758786848,2.25501757369619
"457",2019,23,2019-06-10,36.1786758786848,-8.05322349773241
"458",2000,23,2000-06-09,36.1786758786848,7.19219912131518
"459",2015,23,2015-06-10,36.1786758786848,-6.63428599773241
"460",2016,23,2016-06-09,36.1786758786848,-0.660631235827715
"461",2010,23,2010-06-10,36.1786758786848,5.18632114512469
"462",2012,23,2012-06-09,36.1786758786848,2.36074376417228
"463",2018,23,2018-06-10,36.1786758786848,-11.0036729024943
"464",2014,23,2014-06-10,36.1786758786848,2.49177650226758
"465",2008,23,2008-06-09,36.1786758786848,-6.50768480725622
"466",2013,23,2013-06-10,36.1786758786848,5.21559495464849
"467",2006,23,2006-06-10,36.1786758786848,3.46151757369618
"468",2017,23,2017-06-10,36.1786758786848,-0.152217545351512
"469",2020,23,2020-06-09,36.1786758786848,-5.67369968820861
"470",2004,23,2004-06-09,36.1786758786848,2.36622293083899
"471",2005,23,2005-06-10,36.1786758786848,5.31745507369619
"472",2011,23,2011-06-10,36.1786758786848,-9.92847945011341
"473",2009,24,2009-06-17,35.030818452381,5.24158333333335
"474",2017,24,2017-06-17,35.030818452381,-2.31533333333336
"475",2007,24,2007-06-17,35.030818452381,0.738666666666646
"476",2002,24,2002-06-17,35.030818452381,8.48817559523805
"477",2016,24,2016-06-16,35.030818452381,1.11290476190474
"478",2014,24,2014-06-17,35.030818452381,0.144386904761944
"479",2011,24,2011-06-17,35.030818452381,-10.1608630952381
"480",2010,24,2010-06-17,35.030818452381,3.61011011904765
"481",2003,24,2003-06-17,35.030818452381,-0.621925595238054
"482",2005,24,2005-06-17,35.030818452381,3.74590476190475
"483",2015,24,2015-06-17,35.030818452381,-7.84034523809526
"484",2008,24,2008-06-16,35.030818452381,-3.55365773809526
"485",2000,24,2000-06-16,35.030818452381,7.55151190476195
"486",2001,24,2001-06-17,35.030818452381,7.84084226190475
"487",2020,24,2020-06-16,35.030818452381,3.54791369047614
"488",2019,24,2019-06-17,35.030818452381,-2.21073809523806
"489",2012,24,2012-06-16,35.030818452381,0.956285714285741
"490",2006,24,2006-06-17,35.030818452381,-3.29154761904766
"491",2018,24,2018-06-17,35.030818452381,-11.1383630952381
"492",2004,24,2004-06-16,35.030818452381,-1.84551190476196
"493",2018,25,2018-06-24,33.4755662951217,-10.7008906998836
"494",2009,25,2009-06-24,33.4755662951217,6.66735930011644
"495",2003,25,2003-06-24,33.4755662951217,-3.76261093797875
"496",2002,25,2002-06-24,33.4755662951217,4.88064799059265
"497",2007,25,2007-06-24,33.4755662951217,5.92609144297355
"498",2001,25,2001-06-24,33.4755662951217,9.56215691916405
"499",2000,25,2000-06-23,33.4755662951217,4.96629084773545
"500",2015,25,2015-06-24,33.4755662951217,-5.60291153321685
"501",2016,25,2016-06-23,33.4755662951217,1.79388608583075
"502",2019,25,2019-06-24,33.4755662951217,-1.75067939035975
"503",2012,25,2012-06-23,33.4755662951217,4.27460632392595
"504",2005,25,2005-06-24,33.4755662951217,-2.10195915226455
"505",2017,25,2017-06-24,33.4755662951217,-4.79445022369305
"506",2010,25,2010-06-24,33.4755662951217,-0.144352009407349
"507",2013,25,2013-06-24,33.4755662951217,4.14191816433785
"508",2006,25,2006-06-24,33.4755662951217,-4.39356629512165
"509",2014,25,2014-06-24,33.4755662951217,-3.19890260464545
"510",2004,25,2004-06-23,33.4755662951217,-1.01205439035975
"511",2020,25,2020-06-23,33.4755662951217,6.81690394297355
"512",2008,25,2008-06-23,33.4755662951217,-3.44191748559785
"513",2011,25,2011-06-24,33.4755662951217,-8.12556629512165
"514",2002,26,2002-07-01,31.5764750566893,1.13913208616776
"515",2009,26,2009-07-01,31.5764750566893,7.69731660997736
"516",2000,26,2000-06-30,31.5764750566893,1.82273625283446
"517",2007,26,2007-07-01,31.5764750566893,8.25589696712015
"518",2012,26,2012-06-30,31.5764750566893,8.21596839569166
"519",2016,26,2016-06-30,31.5764750566893,-1.84533219954644
"520",2017,26,2017-07-01,31.5764750566893,-2.30926969954644
"521",2010,26,2010-07-01,31.5764750566893,-3.03637089002264
"522",2003,26,2003-07-01,31.5764750566893,-6.21421017573694
"523",2014,26,2014-07-01,31.5764750566893,-3.44905243764174
"524",2015,26,2015-07-01,31.5764750566893,-4.15684410430834
"525",2008,26,2008-06-30,31.5764750566893,-3.66679350907034
"526",2001,26,2001-07-01,31.5764750566893,6.58085827664395
"527",2005,26,2005-07-01,31.5764750566893,3.93581065759636
"528",2020,26,2020-06-30,31.5764750566893,1.59727494331066
"529",2019,26,2019-07-01,31.5764750566893,-5.41850481859414
"530",2006,26,2006-07-01,31.5764750566893,-1.16930541383224
"531",2018,26,2018-07-01,31.5764750566893,-9.66388279478454
"532",2011,26,2011-07-01,31.5764750566893,-4.74186196145124
"533",2004,26,2004-06-30,31.5764750566893,4.00670946712016
"534",2013,26,2013-07-01,31.5764750566893,2.41972434807256
"535",2007,27,2007-07-08,30.1519553571429,6.60194940476194
"536",2016,27,2016-07-07,30.1519553571429,-1.77867261904766
"537",2009,27,2009-07-08,30.1519553571429,2.58175892857144
"538",2002,27,2002-07-08,30.1519553571429,-1.03254464285716
"539",2014,27,2014-07-08,30.1519553571429,-3.64594940476186
"540",2001,27,2001-07-08,30.1519553571429,4.45910119047624
"541",2000,27,2000-07-07,30.1519553571429,7.52758928571424
"542",2015,27,2015-07-08,30.1519553571429,-5.73640476190477
"543",2019,27,2019-07-08,30.1519553571429,-8.07332738095236
"544",2012,27,2012-07-07,30.1519553571429,10.8589791666666
"545",2005,27,2005-07-08,30.1519553571429,8.01112500000004
"546",2006,27,2006-07-08,30.1519553571429,-5.61343452380956
"547",2017,27,2017-07-08,30.1519553571429,0.0298125000000375
"548",2010,27,2010-07-08,30.1519553571429,-4.72359226190476
"549",2003,27,2003-07-08,30.1519553571429,-3.93758928571426
"550",2004,27,2004-07-07,30.1519553571429,9.09133630952384
"551",2008,27,2008-07-07,30.1519553571429,-5.09059821428576
"552",2013,27,2013-07-08,30.1519553571429,1.55835416666664
"553",2020,27,2020-07-07,30.1519553571429,-2.29374107142856
"554",2011,27,2011-07-08,30.1519553571429,0.752955357142834
"555",2018,27,2018-07-08,30.1519553571429,-9.54710714285716
"556",2009,28,2009-07-15,31.1086485260771,8.3752889739229
"557",2012,28,2012-07-14,31.1086485260771,8.5581490929705
"558",2000,28,2000-07-14,31.1086485260771,11.4558574263039
"559",2016,28,2016-07-14,31.1086485260771,-5.4131901927438
"560",2006,28,2006-07-15,31.1086485260771,-9.1323032879819
"561",2014,28,2014-07-15,31.1086485260771,8.1859288548753
"562",2007,28,2007-07-15,31.1086485260771,8.9735449263038
"563",2010,28,2010-07-15,31.1086485260771,-6.5377586451247
"564",2003,28,2003-07-15,31.1086485260771,-8.1095592403628
"565",2015,28,2015-07-15,31.1086485260771,-7.5570503117914
"566",2008,28,2008-07-14,31.1086485260771,-6.9538211451247
"567",2001,28,2001-07-15,31.1086485260771,9.2994854024943
"568",2004,28,2004-07-14,31.1086485260771,11.3569258786848
"569",2005,28,2005-07-15,31.1086485260771,3.7394139739229
"570",2020,28,2020-07-14,31.1086485260771,-4.2467943594104
"571",2019,28,2019-07-15,31.1086485260771,-8.2497259070295
"572",2013,28,2013-07-15,31.1086485260771,-4.2461187641723
"573",2018,28,2018-07-15,31.1086485260771,-10.6403687641723
"574",2017,28,2017-07-15,31.1086485260771,3.2387264739229
"575",2011,28,2011-07-15,31.1086485260771,-1.4986753117914
"576",2002,28,2002-07-15,31.1086485260771,-0.597955073696102
"577",2007,29,2007-07-22,29.8110753968254,2.65448115079361
"578",2016,29,2016-07-21,29.8110753968254,-5.4929920634921
"579",2002,29,2002-07-22,29.8110753968254,6.7129871031746
"580",2014,29,2014-07-22,29.8110753968254,4.34949900793651
"581",2008,29,2008-07-21,29.8110753968254,-5.9427123015873
"582",2001,29,2001-07-22,29.8110753968254,12.468376984127
"583",2000,29,2000-07-21,29.8110753968254,11.4293412698413
"584",2019,29,2019-07-22,29.8110753968254,-6.97419146825399
"585",2020,29,2020-07-21,29.8110753968254,-5.57251289682539
"586",2012,29,2012-07-21,29.8110753968254,12.3571359126984
"587",2005,29,2005-07-22,29.8110753968254,1.26803174603171
"588",2015,29,2015-07-22,29.8110753968254,-6.24087003968249
"589",2017,29,2017-07-22,29.8110753968254,1.4442787698413
"590",2010,29,2010-07-22,29.8110753968254,-7.06339682539679
"591",2009,29,2009-07-22,29.8110753968254,7.9834186507936
"592",2006,29,2006-07-22,29.8110753968254,-10.2686051587302
"593",2004,29,2004-07-21,29.8110753968254,13.0113234126984
"594",2018,29,2018-07-22,29.8110753968254,-10.1794117063492
"595",2013,29,2013-07-22,29.8110753968254,-5.7764087301587
"596",2003,29,2003-07-22,29.8110753968254,-8.82561111111109
"597",2011,29,2011-07-22,29.8110753968254,-1.3421617063492
"598",2009,30,2009-07-29,29.1640219671202,11.3127845804988
"599",2015,30,2015-07-29,29.1640219671202,-5.93992672902498
"600",2016,30,2016-07-28,29.1640219671202,-4.13977494331067
"601",2000,30,2000-07-28,29.1640219671202,7.98401374716552
"602",2003,30,2003-07-29,29.1640219671202,-9.00535827664397
"603",2014,30,2014-07-29,29.1640219671202,6.35281731859412
"604",2007,30,2007-07-29,29.1640219671202,8.74929350907032
"605",2012,30,2012-07-28,29.1640219671202,9.12330839002272
"606",2006,30,2006-07-29,29.1640219671202,-11.3628047052154
"607",2002,30,2002-07-29,29.1640219671202,1.49072208049883
"608",2008,30,2008-07-28,29.1640219671202,-6.12026303854877
"609",2010,30,2010-07-29,29.1640219671202,-6.32692375283447
"610",2004,30,2004-07-28,29.1640219671202,12.6037637471655
"611",2005,30,2005-07-29,29.1640219671202,3.32750779478463
"612",2020,30,2020-07-28,29.1640219671202,-6.82474815759637
"613",2001,30,2001-07-29,29.1640219671202,4.24136791383222
"614",2013,30,2013-07-29,29.1640219671202,-3.56804280045347
"615",2011,30,2011-07-29,29.1640219671202,-4.10313506235827
"616",2018,30,2018-07-29,29.1640219671202,-10.0384743480726
"617",2019,30,2019-07-29,29.1640219671202,-7.91375113378687
"618",2017,30,2017-07-29,29.1640219671202,10.1576238662131
"619",2001,31,2001-08-05,27.1075986394558,-0.348592687074788
"620",2009,31,2009-08-05,27.1075986394558,5.26311862244901
"621",2002,31,2002-08-05,27.1075986394558,-1.25444090136059
"622",2007,31,2007-08-05,27.1075986394558,11.8144162414966
"623",2016,31,2016-08-04,27.1075986394558,-2.93969387755099
"624",2012,31,2012-08-04,27.1075986394558,6.37855017006801
"625",2000,31,2000-08-04,27.1075986394558,6.77915731292521
"626",2014,31,2014-08-05,27.1075986394558,12.6938358843537
"627",2008,31,2008-08-04,27.1075986394558,-5.23175637755099
"628",2010,31,2010-08-05,27.1075986394558,-5.47036649659869
"629",2005,31,2005-08-05,27.1075986394558,5.16330909863941
"630",2015,31,2015-08-05,27.1075986394558,-4.35930102040819
"631",2019,31,2019-08-05,27.1075986394558,-6.89478316326529
"632",2020,31,2020-08-04,27.1075986394558,-6.23118197278909
"633",2003,31,2003-08-05,27.1075986394558,-7.77139923469389
"634",2006,31,2006-08-05,27.1075986394558,-7.00004506802719
"635",2017,31,2017-08-05,27.1075986394558,7.32200552721091
"636",2018,31,2018-08-05,27.1075986394558,-8.60290221088439
"637",2013,31,2013-08-05,27.1075986394558,-2.44942602040819
"638",2004,31,2004-08-04,27.1075986394558,5.99637457482991
"639",2011,31,2011-08-05,27.1075986394558,-2.85687840136059
"640",2009,32,2009-08-12,26.5519945526695,2.57359175685426
"641",2014,32,2014-08-12,26.5519945526695,11.97593997114
"642",2016,32,2016-08-11,26.5519945526695,-1.97465526695525
"643",2000,32,2000-08-11,26.5519945526695,3.57664235209236
"644",2015,32,2015-08-12,26.5519945526695,-4.94019395743144
"645",2008,32,2008-08-11,26.5519945526695,-4.80849157647905
"646",2007,32,2007-08-12,26.5519945526695,13.4850381854257
"647",2010,32,2010-08-12,26.5519945526695,-2.87875348124095
"648",2003,32,2003-08-12,26.5519945526695,-8.60425050505054
"649",2002,32,2002-08-12,26.5519945526695,3.96575544733046
"650",2020,32,2020-08-11,26.5519945526695,-6.35721181457435
"651",2001,32,2001-08-12,26.5519945526695,-0.542300018037544
"652",2012,32,2012-08-11,26.5519945526695,5.85017806637805
"653",2005,32,2005-08-12,26.5519945526695,9.58251437590186
"654",2018,32,2018-08-12,26.5519945526695,-8.66722967171714
"655",2019,32,2019-08-12,26.5519945526695,-5.51852431457434
"656",2004,32,2004-08-11,26.5519945526695,-1.85947371933624
"657",2006,32,2006-08-12,26.5519945526695,-5.03488145743145
"658",2017,32,2017-08-12,26.5519945526695,6.19472866161616
"659",2013,32,2013-08-12,26.5519945526695,-2.72481598124094
"660",2011,32,2011-08-12,26.5519945526695,-3.29360705266954
"661",2015,33,2015-08-19,25.9225396825397,-4.23952480158728
"662",2007,33,2007-08-19,25.9225396825397,11.1892103174603
"663",2009,33,2009-08-19,25.9225396825397,2.30807936507933
"664",2002,33,2002-08-19,25.9225396825397,4.69315674603173
"665",2016,33,2016-08-18,25.9225396825397,-2.73407837301588
"666",2012,33,2012-08-18,25.9225396825397,2.42634424603173
"667",2000,33,2000-08-18,25.9225396825397,0.244370039682526
"668",2014,33,2014-08-19,25.9225396825397,13.3495079365079
"669",2001,33,2001-08-19,25.9225396825397,-2.23874503968257
"670",2010,33,2010-08-19,25.9225396825397,3.10411507936513
"671",2019,33,2019-08-19,25.9225396825397,-6.54797420634917
"672",2008,33,2008-08-18,25.9225396825397,-4.75675694444448
"673",2017,33,2017-08-19,25.9225396825397,11.6410109126984
"674",2013,33,2013-08-19,25.9225396825397,-3.51539087301587
"675",2003,33,2003-08-19,25.9225396825397,-9.15540873015868
"676",2005,33,2005-08-19,25.9225396825397,7.28248412698413
"677",2018,33,2018-08-19,25.9225396825397,-8.44639682539677
"678",2020,33,2020-08-18,25.9225396825397,-5.73232837301587
"679",2006,33,2006-08-19,25.9225396825397,-5.24363194444447
"680",2004,33,2004-08-18,25.9225396825397,-3.62804265873017
"681",2016,34,2016-08-25,25.2170322916667,-3.51479717261907
"682",2015,34,2015-08-26,25.2170322916667,-3.43668705357146
"683",2009,34,2009-08-26,25.2170322916667,1.36599747023813
"684",2014,34,2014-08-26,25.2170322916667,10.3661641369047
"685",2008,34,2008-08-25,25.2170322916667,-4.03439538690477
"686",2001,34,2001-08-26,25.2170322916667,-2.23476741071427
"687",2007,34,2007-08-26,25.2170322916667,10.127878422619
"688",2017,34,2017-08-26,25.2170322916667,7.64584866071433
"689",2002,34,2002-08-26,25.2170322916667,1.37106592261904
"690",2012,34,2012-08-25,25.2170322916667,-0.244127529761865
"691",2010,34,2010-08-26,25.2170322916667,6.54217604166664
"692",2006,34,2006-08-26,25.2170322916667,-0.0416483630952662
"693",2000,34,2000-08-25,25.2170322916667,3.51216413690473
"694",2013,34,2013-08-26,25.2170322916667,-3.47410967261906
"695",2018,34,2018-08-26,25.2170322916667,-8.21063050595237
"696",2005,34,2005-08-26,25.2170322916667,8.42034866071434
"697",2020,34,2020-08-25,25.2170322916667,-5.60690133928567
"698",2019,34,2019-08-26,25.2170322916667,-6.67940431547617
"699",2003,34,2003-08-26,25.2170322916667,-8.98280014880957
"700",2004,34,2004-08-25,25.2170322916667,-2.89137455357147
"701",2002,35,2002-09-02,24.9286651718529,0.788471732909031
"702",2015,35,2015-09-02,24.9286651718529,-3.18393600518617
"703",2009,35,2009-09-02,24.9286651718529,-0.978486600424269
"704",2001,35,2001-09-02,24.9286651718529,-3.78396874328147
"705",2003,35,2003-09-02,24.9286651718529,-8.41271279090047
"706",2010,35,2010-09-02,24.9286651718529,11.8205550662423
"707",2017,35,2017-09-02,24.9286651718529,7.50561161386143
"708",2016,35,2016-09-01,24.9286651718529,-4.50099552899577
"709",2008,35,2008-09-01,24.9286651718529,-4.05663243375767
"710",2000,35,2000-09-01,24.9286651718529,3.43285220079383
"711",2007,35,2007-09-02,24.9286651718529,5.74673363767093
"712",2014,35,2014-09-02,24.9286651718529,12.7754330424328
"713",2004,35,2004-09-01,24.9286651718529,5.07455804243283
"714",2011,35,2011-09-02,24.9286651718529,-3.20307703082727
"715",2018,35,2018-09-02,24.9286651718529,-8.44859671947187
"716",2006,35,2006-09-02,24.9286651718529,3.93743899481383
"717",2005,35,2005-09-02,24.9286651718529,1.90850447100423
"718",2012,35,2012-09-01,24.9286651718529,-0.146370528995771
"719",2019,35,2019-09-02,24.9286651718529,-7.20612052899577
"720",2013,35,2013-09-02,24.9286651718529,-4.32581100518617
"721",2020,35,2020-09-01,24.9286651718529,-4.74345088613857
"722",2018,36,2018-09-09,24.232996753386,-7.27674675338604
"723",2003,36,2003-09-09,24.232996753386,-7.17954437243364
"724",2001,36,2001-09-09,24.232996753386,2.39814312756636
"725",2008,36,2008-09-08,24.232996753386,-3.54221699148124
"726",2002,36,2002-09-09,24.232996753386,-0.878559253386037
"727",2009,36,2009-09-09,24.232996753386,-0.292124729576535
"728",2019,36,2019-09-09,24.232996753386,-7.70708306290983
"729",2004,36,2004-09-08,24.232996753386,-0.0393777057670377
"730",2015,36,2015-09-09,24.232996753386,-3.15688365814794
"731",2007,36,2007-09-09,24.232996753386,8.44914015137586
"732",2017,36,2017-09-09,24.232996753386,3.78745562756636
"733",2016,36,2016-09-08,24.232996753386,-4.14022592005274
"734",2011,36,2011-09-09,24.232996753386,-1.41808603910034
"735",2010,36,2010-09-09,24.232996753386,7.51370860375686
"736",2020,36,2020-09-08,24.232996753386,-4.36231520576704
"737",2014,36,2014-09-09,24.232996753386,13.150997294233
"738",2012,36,2012-09-08,24.232996753386,-1.31985389624313
"739",2000,36,2000-09-08,24.232996753386,9.39112554391126
"740",2005,36,2005-09-09,24.232996753386,-0.268696158147936
"741",2013,36,2013-09-09,24.232996753386,-3.98641639624314
"742",2006,36,2006-09-09,24.232996753386,0.877559794232965
"743",2015,37,2015-09-16,24.9837667863442,-3.94799892920128
"744",2018,37,2018-09-16,24.9837667863442,-8.32128166729658
"745",2011,37,2011-09-16,24.9837667863442,-1.62021321491558
"746",2016,37,2016-09-15,24.9837667863442,-4.96304456412198
"747",2002,37,2002-09-16,24.9837667863442,-1.37406738158228
"748",2009,37,2009-09-16,24.9837667863442,2.09039095175102
"749",2004,37,2004-09-15,24.9837667863442,-5.29677273872518
"750",2017,37,2017-09-16,24.9837667863442,4.73941178508442
"751",2014,37,2014-09-16,24.9837667863442,16.3749266660368
"752",2007,37,2007-09-16,24.9837667863442,10.1543760707987
"753",2001,37,2001-09-16,24.9837667863442,10.9999177374653
"754",2008,37,2008-09-15,24.9837667863442,-4.70765071491558
"755",2019,37,2019-09-16,24.9837667863442,-9.06961202443938
"756",2012,37,2012-09-15,24.9837667863442,-2.41331738158228
"757",2005,37,2005-09-16,24.9837667863442,0.113143927941522
"758",2003,37,2003-09-16,24.9837667863442,-6.19557333396317
"759",2010,37,2010-09-16,24.9837667863442,8.06293857079872
"760",2006,37,2006-09-16,24.9837667863442,-5.13431142920128
"761",2020,37,2020-09-15,24.9837667863442,-6.17345428634418
"762",2000,37,2000-09-15,24.9837667863442,8.35288136180392
"763",2013,37,2013-09-16,24.9837667863442,-1.67068940539178
"764",2011,38,2011-09-23,25.3530434717909,-3.62910597179088
"765",2009,38,2009-09-23,25.3530434717909,3.46761724249482
"766",2007,38,2007-09-23,25.3530434717909,9.09966783773292
"767",2015,38,2015-09-23,25.3530434717909,-3.11195418607658
"768",2014,38,2014-09-23,25.3530434717909,16.9830100996377
"769",2018,38,2018-09-23,25.3530434717909,-8.80817442417188
"770",2005,38,2005-09-23,25.3530434717909,0.83619462344722
"771",2004,38,2004-09-22,25.3530434717909,-6.72826073369568
"772",2017,38,2017-09-23,25.3530434717909,7.30544164725672
"773",2010,38,2010-09-23,25.3530434717909,8.87380474249482
"774",2003,38,2003-09-23,25.3530434717909,-7.97926966226708
"775",2002,38,2002-09-23,25.3530434717909,-2.88282284549688
"776",2008,38,2008-09-22,25.3530434717909,-5.61948692417188
"777",2001,38,2001-09-23,25.3530434717909,12.091724385352
"778",2012,38,2012-09-22,25.3530434717909,-3.99998394798138
"779",2000,38,2000-09-22,25.3530434717909,9.98497140916152
"780",2020,38,2020-09-22,25.3530434717909,-7.36742144798138
"781",2019,38,2019-09-23,25.3530434717909,-9.84165954321948
"782",2013,38,2013-09-23,25.3530434717909,-1.30147204321948
"783",2006,38,2006-09-23,25.3530434717909,-7.37282025750518
"784",2011,39,2011-09-30,26.024000843254,-5.03284905753966
"785",2004,39,2004-09-29,26.024000843254,3.74555868055554
"786",2014,39,2014-09-30,26.024000843254,14.4581182043651
"787",2018,39,2018-09-30,26.024000843254,-8.87185203373016
"788",2009,39,2009-09-30,26.024000843254,0.0339247519841344
"789",2002,39,2002-09-30,26.024000843254,-0.126860962301567
"790",2015,39,2015-09-30,26.024000843254,-4.39756036706347
"791",2007,39,2007-09-30,26.024000843254,14.5297521329365
"792",2000,39,2000-09-29,26.024000843254,9.78427891865083
"793",2005,39,2005-09-30,26.024000843254,-3.35945620039687
"794",2008,39,2008-09-29,26.024000843254,-3.97494727182536
"795",2019,39,2019-09-30,26.024000843254,-9.44245024801587
"796",2012,39,2012-09-29,26.024000843254,-3.68197802579366
"797",2003,39,2003-09-30,26.024000843254,-9.20989370039687
"798",2017,39,2017-09-30,26.024000843254,3.59626999007934
"799",2010,39,2010-09-30,26.024000843254,10.1051092757936
"800",2006,39,2006-09-30,26.024000843254,-9.03838774801586
"801",2020,39,2020-09-29,26.024000843254,-6.61233120039687
"802",2001,39,2001-09-30,26.024000843254,10.9000467757936
"803",2013,39,2013-09-30,26.024000843254,-3.40449191468257
"804",2005,40,2005-10-07,26.9050046130952,2.57603110119046
"805",2009,40,2009-10-07,26.9050046130952,4.46947455357146
"806",2011,40,2011-10-07,26.9050046130952,-6.46721889880954
"807",2000,40,2000-10-06,26.9050046130952,3.23684657738096
"808",2015,40,2015-10-07,26.9050046130952,-5.79632901785714
"809",2007,40,2007-10-07,26.9050046130952,15.4087959821429
"810",2018,40,2018-10-07,26.9050046130952,-10.0113677083333
"811",2003,40,2003-10-07,26.9050046130952,-8.80609389880954
"812",2004,40,2004-10-06,26.9050046130952,0.14038824404766
"813",2017,40,2017-10-07,26.9050046130952,11.5392959821429
"814",2012,40,2012-10-06,26.9050046130952,-4.13539151785714
"815",2002,40,2002-10-07,26.9050046130952,-1.23628437500004
"816",2014,40,2014-10-07,26.9050046130952,6.86407872023806
"817",2001,40,2001-10-07,26.9050046130952,10.8176739583334
"818",2010,40,2010-10-07,26.9050046130952,9.42717098214286
"819",2006,40,2006-10-07,26.9050046130952,-6.31864151785714
"820",2020,40,2020-10-06,26.9050046130952,-8.58609985119044
"821",2019,40,2019-10-07,26.9050046130952,-6.94815342261904
"822",2013,40,2013-10-07,26.9050046130952,-2.76887961309524
"823",2008,40,2008-10-06,26.9050046130952,-3.40529627976194
"824",2007,41,2007-10-14,27.6180365646258,12.2191449829932
"825",2011,41,2011-10-14,27.6180365646258,-3.17608418367344
"826",2018,41,2018-10-14,27.6180365646258,-10.6343401360544
"827",2019,41,2019-10-14,27.6180365646258,-5.52167049319724
"828",2009,41,2009-10-14,27.6180365646258,8.32281462585036
"829",2004,41,2004-10-13,27.6180365646258,-6.52132823129254
"830",2014,41,2014-10-14,27.6180365646258,12.3971985544218
"831",2016,41,2016-10-13,27.6180365646258,-4.74939073129254
"832",2001,41,2001-10-14,27.6180365646258,5.74987414965986
"833",2000,41,2000-10-13,27.6180365646258,8.05692176870746
"834",2015,41,2015-10-14,27.6180365646258,-5.62411989795914
"835",2008,41,2008-10-13,27.6180365646258,-3.17858418367344
"836",2013,41,2013-10-14,27.6180365646258,4.12409141156466
"837",2012,41,2012-10-13,27.6180365646258,-3.03460501700684
"838",2005,41,2005-10-14,27.6180365646258,-3.25979251700684
"839",2003,41,2003-10-14,27.6180365646258,-7.54396513605444
"840",2017,41,2017-10-14,27.6180365646258,11.3400795068028
"841",2010,41,2010-10-14,27.6180365646258,4.47464498299326
"842",2002,41,2002-10-14,27.6180365646258,1.93323724489796
"843",2020,41,2020-10-13,27.6180365646258,-6.17826275510204
"844",2006,41,2006-10-14,27.6180365646258,-9.19586394557824
"845",2011,42,2011-10-21,28.1877413240659,-4.12475025263727
"846",2014,42,2014-10-21,28.1877413240659,14.2877110568865
"847",2009,42,2009-10-21,28.1877413240659,8.89923784260084
"848",2015,42,2015-10-21,28.1877413240659,-1.99231275263726
"849",2020,42,2020-10-20,28.1877413240659,-4.77222346692297
"850",2007,42,2007-10-21,28.1877413240659,10.5099342711722
"851",2000,42,2000-10-20,28.1877413240659,5.80088367593413
"852",2005,42,2005-10-21,28.1877413240659,-6.20554489549447
"853",2004,42,2004-10-20,28.1877413240659,-7.97613120501827
"854",2017,42,2017-10-21,28.1877413240659,7.14607117593414
"855",2018,42,2018-10-21,28.1877413240659,-11.3254823954945
"856",2003,42,2003-10-21,28.1877413240659,-8.77793775263726
"857",2002,42,2002-10-21,28.1877413240659,5.27566576703144
"858",2008,42,2008-10-20,28.1877413240659,-2.60959846692296
"859",2001,42,2001-10-21,28.1877413240659,1.10534796164843
"860",2012,42,2012-10-20,28.1877413240659,-1.68961930025636
"861",2006,42,2006-10-21,28.1877413240659,-11.0085627526373
"862",2019,42,2019-10-21,28.1877413240659,-4.33030977644686
"863",2016,42,2016-10-20,28.1877413240659,-4.58961037168487
"864",2010,42,2010-10-21,28.1877413240659,10.1616098664103
"865",2013,42,2013-10-21,28.1877413240659,6.21562177117223
"866",2000,43,2000-10-27,29.4823364512472,5.68063676303853
"867",2011,43,2011-10-28,29.4823364512472,-6.66675609410427
"868",2004,43,2004-10-27,29.4823364512472,-6.78621145124717
"869",2007,43,2007-10-28,29.4823364512472,13.2404760487528
"870",2009,43,2009-10-28,29.4823364512472,7.42959807256233
"871",2002,43,2002-10-28,29.4823364512472,7.61552962018143
"872",2014,43,2014-10-28,29.4823364512472,13.9027439058957
"873",2018,43,2018-10-28,29.4823364512472,-12.523922760771
"874",2001,43,2001-10-28,29.4823364512472,1.61100283446713
"875",2012,43,2012-10-27,29.4823364512472,-5.42739002267577
"876",2015,43,2015-10-28,29.4823364512472,-2.14153287981857
"877",2016,43,2016-10-27,29.4823364512472,-2.55102692743767
"878",2019,43,2019-10-28,29.4823364512472,-7.30691383219957
"879",2010,43,2010-10-28,29.4823364512472,8.93305342970523
"880",2005,43,2005-10-28,29.4823364512472,-1.05111026077097
"881",2008,43,2008-10-27,29.4823364512472,-0.939678713151967
"882",2017,43,2017-10-28,29.4823364512472,10.2750504535147
"883",2013,43,2013-10-28,29.4823364512472,4.57004152494333
"884",2003,43,2003-10-28,29.4823364512472,-9.93061918934237
"885",2020,43,2020-10-27,29.4823364512472,-7.33805371315197
"886",2006,43,2006-10-28,29.4823364512472,-10.5949168083901
"887",2009,44,2009-11-04,31.0700925453515,6.76410388321992
"888",2007,44,2007-11-04,31.0700925453515,11.7929699546485
"889",2000,44,2000-11-03,31.0700925453515,9.91835983560092
"890",2015,44,2015-11-04,31.0700925453515,-4.64576218820859
"891",2014,44,2014-11-04,31.0700925453515,11.3794907879818
"892",2001,44,2001-11-04,31.0700925453515,0.773609835600915
"893",2018,44,2018-11-04,31.0700925453515,-13.4240598072563
"894",2011,44,2011-11-04,31.0700925453515,-8.64210742630388
"895",2004,44,2004-11-03,31.0700925453515,-9.68962825963719
"896",2017,44,2017-11-04,31.0700925453515,9.35478840702952
"897",2016,44,2016-11-03,31.0700925453515,-3.91706873582769
"898",2003,44,2003-11-04,31.0700925453515,-8.95900028344668
"899",2002,44,2002-11-04,31.0700925453515,7.77202947845802
"900",2008,44,2008-11-03,31.0700925453515,5.30497590702952
"901",2019,44,2019-11-04,31.0700925453515,-8.16765504535148
"902",2012,44,2012-11-03,31.0700925453515,-1.81083659297049
"903",2005,44,2005-11-04,31.0700925453515,-4.26399433106578
"904",2006,44,2006-11-04,31.0700925453515,-5.49363718820858
"905",2010,44,2010-11-04,31.0700925453515,6.08766340702952
"906",2013,44,2013-11-04,31.0700925453515,4.93096400226761
"907",2020,44,2020-11-03,31.0700925453515,-5.06520564058959
"908",2014,45,2014-11-11,33.3728303571429,9.50324107142854
"909",2018,45,2018-11-11,33.3728303571429,-16.1691577380953
"910",2011,45,2011-11-11,33.3728303571429,-11.1381964285715
"911",2000,45,2000-11-10,33.3728303571429,8.39580357142854
"912",2009,45,2009-11-11,33.3728303571429,5.87173214285714
"913",2002,45,2002-11-11,33.3728303571429,6.73247321428574
"914",2007,45,2007-11-11,33.3728303571429,11.2041398809523
"915",2016,45,2016-11-10,33.3728303571429,-2.95126785714286
"916",2001,45,2001-11-11,33.3728303571429,3.82457142857144
"917",2012,45,2012-11-10,33.3728303571429,-0.00127976190476176
"918",2015,45,2015-11-11,33.3728303571429,-5.16077976190476
"919",2008,45,2008-11-10,33.3728303571429,4.47371130952384
"920",2010,45,2010-11-11,33.3728303571429,6.76138690476194
"921",2003,45,2003-11-11,33.3728303571429,-7.31936607142856
"922",2005,45,2005-11-11,33.3728303571429,-0.545699404761862
"923",2017,45,2017-11-11,33.3728303571429,7.85818750000004
"924",2020,45,2020-11-10,33.3728303571429,-7.59152976190476
"925",2019,45,2019-11-11,33.3728303571429,-4.93273511904766
"926",2006,45,2006-11-11,33.3728303571429,-3.42874107142856
"927",2004,45,2004-11-10,33.3728303571429,-10.6047351190477
"928",2013,45,2013-11-11,33.3728303571429,5.21824107142854
"929",2009,46,2009-11-18,35.2756476190476,4.10556071428568
"930",2001,46,2001-11-18,35.2756476190476,5.57562619047619
"931",2000,46,2000-11-17,35.2756476190476,6.79010238095238
"932",2007,46,2007-11-18,35.2756476190476,10.5093494047619
"933",2014,46,2014-11-18,35.2756476190476,8.29524821428569
"934",2018,46,2018-11-18,35.2756476190476,-17.6294005952381
"935",2015,46,2015-11-18,35.2756476190476,-2.52729345238092
"936",2004,46,2004-11-17,35.2756476190476,-0.962495833333321
"937",2017,46,2017-11-18,35.2756476190476,6.14109047619048
"938",2010,46,2010-11-18,35.2756476190476,6.53403690476188
"939",2003,46,2003-11-18,35.2756476190476,-5.45954940476192
"940",2002,46,2002-11-18,35.2756476190476,4.76094761904758
"941",2008,46,2008-11-17,35.2756476190476,1.98035833333338
"942",2019,46,2019-11-18,35.2756476190476,-6.06168630952382
"943",2012,46,2012-11-17,35.2756476190476,-0.741076190476221
"944",2011,46,2011-11-18,35.2756476190476,-12.7326297619047
"945",2005,46,2005-11-18,35.2756476190476,-0.248817261904719
"946",2006,46,2006-11-18,35.2756476190476,-1.22408511904761
"947",2020,46,2020-11-17,35.2756476190476,-9.85705833333332
"948",2013,46,2013-11-18,35.2756476190476,2.75177202380948
"949",2014,47,2014-11-25,36.8213749007936,7.80062212301585
"950",2015,47,2015-11-25,36.8213749007936,-0.177845138888848
"951",2007,47,2007-11-25,36.8213749007936,7.23655367063495
"952",2000,47,2000-11-24,36.8213749007936,5.48457748015875
"953",2018,47,2018-11-25,36.8213749007936,-17.9912915674604
"954",2011,47,2011-11-25,36.8213749007936,-13.1574016865079
"955",2017,47,2017-11-25,36.8213749007936,5.91785426587305
"956",2009,47,2009-11-25,36.8213749007936,2.56544057539685
"957",2002,47,2002-11-25,36.8213749007936,3.26408343253965
"958",2005,47,2005-11-25,36.8213749007936,1.87982152777775
"959",2008,47,2008-11-24,36.8213749007936,2.74111021825395
"960",2001,47,2001-11-25,36.8213749007936,4.61197926587305
"961",2012,47,2012-11-24,36.8213749007936,-2.22228561507935
"962",2006,47,2006-11-25,36.8213749007936,-0.591574305555547
"963",2004,47,2004-11-24,36.8213749007936,2.76997628968255
"964",2010,47,2010-11-25,36.8213749007936,4.98226498015875
"965",2003,47,2003-11-25,36.8213749007936,-4.90814275793655
"966",2019,47,2019-11-25,36.8213749007936,-3.80638978174605
"967",2013,47,2013-11-25,36.8213749007936,2.82116081349205
"968",2020,47,2020-11-24,36.8213749007936,-9.22051378968255
"969",2007,48,2007-12-02,37.4187602678571,7.29204925595236
"970",2009,48,2009-12-02,37.4187602678571,2.44225461309526
"971",2003,48,2003-12-02,37.4187602678571,-3.42563229166664
"972",2015,48,2015-12-02,37.4187602678571,0.466971874999956
"973",2014,48,2014-12-02,37.4187602678571,6.91473080357145
"974",2000,48,2000-12-01,37.4187602678571,5.19066830357146
"975",2011,48,2011-12-02,37.4187602678571,-14.0759358630952
"976",2004,48,2004-12-01,37.4187602678571,0.863736755952353
"977",2001,48,2001-12-02,37.4187602678571,5.37332306547616
"978",2018,48,2018-12-02,37.4187602678571,-16.7905757440476
"979",2012,48,2012-12-01,37.4187602678571,-0.661245386904746
"980",2002,48,2002-12-02,37.4187602678571,3.59733497023805
"981",2017,48,2017-12-02,37.4187602678571,5.39842425595236
"982",2010,48,2010-12-02,37.4187602678571,3.69635580357146
"983",2020,48,2020-12-01,37.4187602678571,-6.88354300595234
"984",2005,48,2005-12-02,37.4187602678571,0.722885565476155
"985",2008,48,2008-12-01,37.4187602678571,3.54212663690475
"986",2019,48,2019-12-02,37.4187602678571,-2.84720669642854
"987",2013,48,2013-12-02,37.4187602678571,2.09783199404765
"988",2006,48,2006-12-02,37.4187602678571,-2.91455491071424
"989",2014,49,2014-12-09,38.3787919642857,6.69368422619048
"990",2007,49,2007-12-09,38.3787919642857,6.53485089285718
"991",2000,49,2000-12-08,38.3787919642857,3.67849970238098
"992",2018,49,2018-12-09,38.3787919642857,-13.1317116071428
"993",2011,49,2011-12-09,38.3787919642857,-8.40359851190472
"994",2017,49,2017-12-09,38.3787919642857,4.54367827380948
"995",2010,49,2010-12-09,38.3787919642857,3.16587767857138
"996",2009,49,2009-12-09,38.3787919642857,1.59851458333338
"997",2002,49,2002-12-09,38.3787919642857,2.63319017857138
"998",2015,49,2015-12-09,38.3787919642857,-1.51536934523812
"999",2008,49,2008-12-08,38.3787919642857,3.42751458333328
"1000",2001,49,2001-12-09,38.3787919642857,4.15174970238098
"1001",2012,49,2012-12-08,38.3787919642857,-0.236699702380918
"1002",2005,49,2005-12-09,38.3787919642857,0.642428273809479
"1003",2004,49,2004-12-08,38.3787919642857,-0.735259226190514
"1004",2020,49,2020-12-08,38.3787919642857,-6.20442589285712
"1005",2003,49,2003-12-09,38.3787919642857,-3.55165803571432
"1006",2006,49,2006-12-09,38.3787919642857,-1.85253005952381
"1007",2019,49,2019-12-09,38.3787919642857,-2.92694375000002
"1008",2013,49,2013-12-09,38.3787919642857,1.48820803571428
"1009",2009,50,2009-12-16,39.0493858418367,2.25904868197276
"1010",2017,50,2017-12-16,39.0493858418367,4.62031058673466
"1011",2000,50,2000-12-15,39.0493858418367,4.06954868197276
"1012",2015,50,2015-12-16,39.0493858418367,-1.66115667517004
"1013",2014,50,2014-12-16,39.0493858418367,6.92356951530616
"1014",2016,50,2016-12-15,39.0493858418367,-1.10106292517004
"1015",2018,50,2018-12-16,39.0493858418367,-11.4692340561224
"1016",2011,50,2011-12-16,39.0493858418367,-4.43121619897964
"1017",2004,50,2004-12-15,39.0493858418367,-1.94998703231294
"1018",2007,50,2007-12-16,39.0493858418367,5.41442368197276
"1019",2003,50,2003-12-16,39.0493858418367,-3.56707929421774
"1020",2012,50,2012-12-15,39.0493858418367,-0.0601209608843405
"1021",2002,50,2002-12-16,39.0493858418367,-0.249421556122435
"1022",2010,50,2010-12-16,39.0493858418367,3.50315880102036
"1023",2001,50,2001-12-16,39.0493858418367,2.71534332482996
"1024",2013,50,2013-12-16,39.0493858418367,0.820078443877563
"1025",2005,50,2005-12-16,39.0493858418367,-0.189597151360537
"1026",2008,50,2008-12-15,39.0493858418367,1.63646832482996
"1027",2019,50,2019-12-16,39.0493858418367,-1.53355548469384
"1028",2006,50,2006-12-16,39.0493858418367,-1.88348405612244
"1029",2020,50,2020-12-15,39.0493858418367,-3.86603465136054
"1030",2017,51,2017-12-23,39.595591069258,3.67787619264676
"1031",2011,51,2011-12-23,39.595591069258,-3.10114464068664
"1032",2007,51,2007-12-23,39.595591069258,3.47029881169436
"1033",2014,51,2014-12-23,39.595591069258,6.36648928788486
"1034",2009,51,2009-12-23,39.595591069258,1.53284345455146
"1035",2018,51,2018-12-23,39.595591069258,-10.6126297597342
"1036",2010,51,2010-12-23,39.595591069258,2.59001904978956
"1037",2003,51,2003-12-23,39.595591069258,-3.21695714068664
"1038",2000,51,2000-12-22,39.595591069258,3.83063214502766
"1039",2016,51,2016-12-22,39.595591069258,-1.74069225973424
"1040",2008,51,2008-12-22,39.595591069258,1.91405774026576
"1041",2015,51,2015-12-23,39.595591069258,-1.47306725973424
"1042",2012,51,2012-12-22,39.595591069258,0.70649524026576
"1043",2019,51,2019-12-23,39.595591069258,-2.69466249782944
"1044",2004,51,2004-12-22,39.595591069258,-1.22444821211514
"1045",2001,51,2001-12-23,39.595591069258,1.96277674230356
"1046",2020,51,2020-12-22,39.595591069258,-2.89307023592474
"1047",2002,51,2002-12-23,39.595591069258,1.97414702598006
"1048",2013,51,2013-12-23,39.595591069258,-0.0725613073532401
"1049",2005,51,2005-12-23,39.595591069258,1.12415000217056
"1050",2006,51,2006-12-23,39.595591069258,-2.12055237878184
"1051",2011,52,2011-12-31,39.7789681353557,-3.49066084368905
"1052",2003,52,2003-12-31,39.7789681353557,-3.93974157285574
"1053",2005,52,2005-12-31,39.7789681353557,0.219766239644251
"1054",2019,52,2019-12-31,39.7789681353557,-2.22300198952244
"1055",2007,52,2007-12-31,39.7789681353557,2.27721936464425
"1056",2017,52,2017-12-31,39.7789681353557,3.02036519797755
"1057",2002,52,2002-12-31,39.7789681353557,3.75135738547755
"1058",2018,52,2018-12-31,39.7789681353557,-9.11026501035575
"1059",2010,52,2010-12-31,39.7789681353557,2.70596936464425
"1060",2015,52,2015-12-31,39.7789681353557,-2.46190303118905
"1061",2014,52,2014-12-31,39.7789681353557,5.85343290631095
"1062",2009,52,2009-12-31,39.7789681353557,2.76145927692495
"1063",2001,52,2001-12-31,39.7789681353557,2.14106658686645
"1064",2006,52,2006-12-31,39.7789681353557,-1.95370511452245
"1065",2013,52,2013-12-31,39.7789681353557,0.448641239644253
"1066",2004,52,2004-12-31,40.1437507716049,-0.471597993827139
"1067",2016,52,2016-12-31,40.1437507716049,-1.01441512345684
"1068",2008,52,2008-12-31,40.1437507716049,-0.892931327160532
"1069",2012,52,2012-12-31,40.1437507716049,0.483605709876564
"1070",2020,52,2020-12-31,40.1437507716049,-0.464028549382732
"1071",2000,52,2000-12-31,40.1437507716049,2.35936728395067
