"","week","AverageWeeklyMeanT","year","WeeklyMeanT","tempAnomaly","Drought_Status"
"544",18,10.3428080357143,"2003",13.344,3.00119196428571,"2003"
"545",18,10.3428080357143,"2005",13.2861428571429,2.94333482142857,"1989-2020"
"546",18,10.3428080357143,"2001",12.6407142857143,2.29790625,"1989-2020"
"547",18,10.3428080357143,"2002",8.79042857142857,-1.55237946428572,"1989-2020"
"548",18,10.3428080357143,"2004",12.3304285714286,1.98762053571429,"1989-2020"
"549",18,10.3428080357143,"1991",5.02042857142857,-5.32237946428572,"1989-2020"
"550",18,10.3428080357143,"1996",8.11728571428571,-2.22552232142857,"1989-2020"
"551",18,10.3428080357143,"2010",8.81314285714286,-1.52966517857143,"2010"
"552",18,10.3428080357143,"2006",11.6195714285714,1.27676339285714,"1989-2020"
"553",18,10.3428080357143,"2012",14.1801428571429,3.83733482142857,"1989-2020"
"554",18,10.3428080357143,"2018",10.8861428571429,0.543334821428571,"2018"
"555",18,10.3428080357143,"1992",7.40414285714286,-2.93866517857143,"1989-2020"
"556",18,10.3428080357143,"1989",9.94985714285714,-0.392950892857144,"1989-2020"
"557",18,10.3428080357143,"1998",9.96571428571429,-0.37709375,"1989-2020"
"558",18,10.3428080357143,"1999",10.3362857142857,-0.00652232142857301,"1989-2020"
"559",18,10.3428080357143,"2016",8.20242857142857,-2.14037946428572,"1989-2020"
"560",18,10.3428080357143,"2014",9.13657142857143,-1.20623660714286,"1989-2020"
"561",18,10.3428080357143,"1990",14.1702857142857,3.82747767857143,"1989-2020"
"562",18,10.3428080357143,"2017",8.35014285714286,-1.99266517857143,"1989-2020"
"563",18,10.3428080357143,"1997",11.6757142857143,1.33290625,"1989-2020"
"564",18,10.3428080357143,"2011",7.79257142857143,-2.55023660714286,"1989-2020"
"565",18,10.3428080357143,"2015",11.104,0.761191964285713,"1989-2020"
"566",18,10.3428080357143,"1993",10.5944285714286,0.251620535714284,"1989-2020"
"567",18,10.3428080357143,"2007",11.2785714285714,0.935763392857142,"1989-2020"
"568",18,10.3428080357143,"2019",7.21328571428571,-3.12952232142857,"2019"
"569",18,10.3428080357143,"2009",10.2488571428571,-0.0939508928571442,"1989-2020"
"570",18,10.3428080357143,"1995",11.9951428571429,1.65233482142857,"1989-2020"
"571",18,10.3428080357143,"2000",14.3521428571429,4.00933482142857,"1989-2020"
"572",18,10.3428080357143,"2013",10.6198571428571,0.277049107142856,"1989-2020"
"573",18,10.3428080357143,"2020",8.73742857142857,-1.60537946428571,"1989-2020"
"574",18,10.3428080357143,"2008",9.67842857142857,-0.664379464285716,"1989-2020"
"575",18,10.3428080357143,"1994",9.13557142857143,-1.20723660714286,"1989-2020"
"576",19,11.5140133928571,"2004",8.598,-2.91601339285714,"1989-2020"
"577",19,11.5140133928571,"2003",12.7001428571429,1.18612946428571,"2003"
"578",19,11.5140133928571,"2010",7.45685714285714,-4.05715625,"2010"
"579",19,11.5140133928571,"1989",9.97571428571429,-1.53829910714286,"1989-2020"
"580",19,11.5140133928571,"2017",10.3145714285714,-1.19944196428571,"1989-2020"
"581",19,11.5140133928571,"1996",5.69314285714286,-5.82087053571429,"1989-2020"
"582",19,11.5140133928571,"2014",10.1008571428571,-1.41315625,"1989-2020"
"583",19,11.5140133928571,"1990",13.0372857142857,1.52327232142857,"1989-2020"
"584",19,11.5140133928571,"2018",15.3251428571429,3.81112946428571,"2018"
"585",19,11.5140133928571,"1991",8.28271428571428,-3.23129910714286,"1989-2020"
"586",19,11.5140133928571,"2011",14.5605714285714,3.04655803571429,"1989-2020"
"587",19,11.5140133928571,"2002",13.3031428571429,1.78912946428571,"1989-2020"
"588",19,11.5140133928571,"2005",6.09557142857143,-5.41844196428571,"1989-2020"
"589",19,11.5140133928571,"1999",11.959,0.444986607142857,"1989-2020"
"590",19,11.5140133928571,"2001",12.4685714285714,0.954558035714285,"1989-2020"
"591",19,11.5140133928571,"1997",9.141,-2.37301339285714,"1989-2020"
"592",19,11.5140133928571,"1998",16.1975714285714,4.68355803571429,"1989-2020"
"593",19,11.5140133928571,"2006",13.8992857142857,2.38527232142857,"1989-2020"
"594",19,11.5140133928571,"2012",12.2181428571429,0.704129464285714,"1989-2020"
"595",19,11.5140133928571,"2020",9.51214285714286,-2.00187053571429,"1989-2020"
"596",19,11.5140133928571,"1993",15.241,3.72698660714286,"1989-2020"
"597",19,11.5140133928571,"2015",12.704,1.18998660714286,"1989-2020"
"598",19,11.5140133928571,"2007",12.1824285714286,0.668415178571429,"1989-2020"
"599",19,11.5140133928571,"2013",11.6815714285714,0.167558035714286,"1989-2020"
"600",19,11.5140133928571,"2016",15.2758571428571,3.76184375,"1989-2020"
"601",19,11.5140133928571,"2009",11.6024285714286,0.0884151785714291,"1989-2020"
"602",19,11.5140133928571,"2019",8.01814285714286,-3.49587053571429,"2019"
"603",19,11.5140133928571,"1994",12.4364285714286,0.922415178571429,"1989-2020"
"604",19,11.5140133928571,"1992",9.23728571428571,-2.27672767857143,"1989-2020"
"605",19,11.5140133928571,"2008",14.0314285714286,2.51741517857143,"1989-2020"
"606",19,11.5140133928571,"2000",16.258,4.74398660714286,"1989-2020"
"607",19,11.5140133928571,"1995",8.94042857142857,-2.57358482142857,"1989-2020"
"608",20,11.6772723214286,"1989",13.7492857142857,2.07201339285714,"1989-2020"
"609",20,11.6772723214286,"2003",9.949,-1.72827232142857,"2003"
"610",20,11.6772723214286,"2004",11.4294285714286,-0.247843749999999,"1989-2020"
"611",20,11.6772723214286,"2014",11.4801428571429,-0.197129464285714,"1989-2020"
"612",20,11.6772723214286,"1990",11.6187142857143,-0.0585580357142845,"1989-2020"
"613",20,11.6772723214286,"1997",16.7535714285714,5.07629910714286,"1989-2020"
"614",20,11.6772723214286,"2001",12.4141428571429,0.736870535714285,"1989-2020"
"615",20,11.6772723214286,"2002",14.2378571428571,2.56058482142857,"1989-2020"
"616",20,11.6772723214286,"2012",8.50971428571428,-3.16755803571429,"1989-2020"
"617",20,11.6772723214286,"2018",12.7472857142857,1.07001339285714,"2018"
"618",20,11.6772723214286,"2013",12.4944285714286,0.81715625,"1989-2020"
"619",20,11.6772723214286,"2010",7.61328571428571,-4.06398660714286,"2010"
"620",20,11.6772723214286,"2017",15.31,3.63272767857143,"1989-2020"
"621",20,11.6772723214286,"1998",12.6244285714286,0.947156250000001,"1989-2020"
"622",20,11.6772723214286,"1991",7.15628571428571,-4.52098660714286,"1989-2020"
"623",20,11.6772723214286,"2020",10.0017142857143,-1.67555803571429,"1989-2020"
"624",20,11.6772723214286,"2019",10.1164285714286,-1.56084375,"2019"
"625",20,11.6772723214286,"2005",8.77142857142857,-2.90584375,"1989-2020"
"626",20,11.6772723214286,"1999",10.757,-0.920272321428572,"1989-2020"
"627",20,11.6772723214286,"2007",11.4798571428571,-0.197415178571427,"1989-2020"
"628",20,11.6772723214286,"2016",9.33314285714286,-2.34412946428571,"1989-2020"
"629",20,11.6772723214286,"2015",10.3635714285714,-1.31370089285714,"1989-2020"
"630",20,11.6772723214286,"1994",13.2951428571429,1.61787053571429,"1989-2020"
"631",20,11.6772723214286,"2000",14.2805714285714,2.60329910714286,"1989-2020"
"632",20,11.6772723214286,"1996",9.99985714285714,-1.67741517857143,"1989-2020"
"633",20,11.6772723214286,"2011",12.5775714285714,0.900299107142857,"1989-2020"
"634",20,11.6772723214286,"2006",12.3038571428571,0.626584821428571,"1989-2020"
"635",20,11.6772723214286,"1992",14.153,2.47572767857143,"1989-2020"
"636",20,11.6772723214286,"1993",14.4107142857143,2.73344196428572,"1989-2020"
"637",20,11.6772723214286,"2008",12.698,1.02072767857143,"1989-2020"
"638",20,11.6772723214286,"2009",13.4878571428571,1.81058482142857,"1989-2020"
"639",20,11.6772723214286,"1995",7.55542857142857,-4.12184375,"1989-2020"
"640",21,12.9821517857143,"2003",13.6684285714286,0.686276785714284,"2003"
"641",21,12.9821517857143,"2004",8.374,-4.60815178571429,"1989-2020"
"642",21,12.9821517857143,"1998",9.69742857142857,-3.28472321428572,"1989-2020"
"643",21,12.9821517857143,"2014",15.7935714285714,2.81141964285714,"1989-2020"
"644",21,12.9821517857143,"1989",15.411,2.42884821428571,"1989-2020"
"645",21,12.9821517857143,"2017",14.6188571428571,1.63670535714286,"1989-2020"
"646",21,12.9821517857143,"1996",11.0864285714286,-1.89572321428571,"1989-2020"
"647",21,12.9821517857143,"2010",12.8107142857143,-0.171437500000001,"2010"
"648",21,12.9821517857143,"1999",13.3611428571429,0.378991071428571,"1989-2020"
"649",21,12.9821517857143,"2001",13.6982857142857,0.716133928571427,"1989-2020"
"650",21,12.9821517857143,"1991",9.10471428571429,-3.8774375,"1989-2020"
"651",21,12.9821517857143,"2020",12.9338571428571,-0.0482946428571438,"1989-2020"
"652",21,12.9821517857143,"1990",11.2301428571429,-1.75200892857143,"1989-2020"
"653",21,12.9821517857143,"2013",7.30471428571429,-5.6774375,"1989-2020"
"654",21,12.9821517857143,"2018",16.5148571428571,3.53270535714286,"2018"
"655",21,12.9821517857143,"2002",13.3602857142857,0.378133928571428,"1989-2020"
"656",21,12.9821517857143,"2015",10.8721428571429,-2.11000892857143,"1989-2020"
"657",21,12.9821517857143,"2005",15.5677142857143,2.5855625,"1989-2020"
"658",21,12.9821517857143,"2000",10.9271428571429,-2.05500892857143,"1989-2020"
"659",21,12.9821517857143,"1997",9.18685714285714,-3.79529464285714,"1989-2020"
"660",21,12.9821517857143,"2011",14.0902857142857,1.10813392857143,"1989-2020"
"661",21,12.9821517857143,"2019",12.8325714285714,-0.149580357142858,"2019"
"662",21,12.9821517857143,"1994",12.0165714285714,-0.965580357142859,"1989-2020"
"663",21,12.9821517857143,"2007",18.162,5.17984821428571,"1989-2020"
"664",21,12.9821517857143,"1992",16.7115714285714,3.72941964285714,"1989-2020"
"665",21,12.9821517857143,"2016",13.6488571428571,0.666705357142856,"1989-2020"
"666",21,12.9821517857143,"2006",10.9877142857143,-1.9944375,"1989-2020"
"667",21,12.9821517857143,"1995",12.424,-0.558151785714287,"1989-2020"
"668",21,12.9821517857143,"2012",17.5811428571429,4.59899107142857,"1989-2020"
"669",21,12.9821517857143,"1993",13.8228571428571,0.840705357142856,"1989-2020"
"670",21,12.9821517857143,"2009",15.1718571428571,2.18970535714286,"1989-2020"
"671",21,12.9821517857143,"2008",12.4571428571429,-0.525008928571429,"1989-2020"
"672",22,13.59275,"2017",18.306,4.71325,"1989-2020"
"673",22,13.59275,"2014",11.1184285714286,-2.47432142857143,"1989-2020"
"674",22,13.59275,"2015",12.5522857142857,-1.04046428571429,"1989-2020"
"675",22,13.59275,"2001",12.61,-0.982749999999999,"1989-2020"
"676",22,13.59275,"1991",11.4832857142857,-2.10946428571429,"1989-2020"
"677",22,13.59275,"2012",13.7911428571429,0.198392857142856,"1989-2020"
"678",22,13.59275,"2010",11.8265714285714,-1.76617857142857,"2010"
"679",22,13.59275,"2004",11.6634285714286,-1.92932142857143,"1989-2020"
"680",22,13.59275,"2005",14.9452857142857,1.35253571428571,"1989-2020"
"681",22,13.59275,"2003",18.1922857142857,4.59953571428571,"2003"
"682",22,13.59275,"2020",13.591,-0.00175000000000125,"1989-2020"
"683",22,13.59275,"2016",15.4457142857143,1.85296428571428,"1989-2020"
"684",22,13.59275,"2002",12.4832857142857,-1.10946428571429,"1989-2020"
"685",22,13.59275,"2000",11.7794285714286,-1.81332142857143,"1989-2020"
"686",22,13.59275,"1992",16.1702857142857,2.57753571428571,"1989-2020"
"687",22,13.59275,"2007",12.6052857142857,-0.987464285714287,"1989-2020"
"688",22,13.59275,"2011",14.9548571428571,1.36210714285714,"1989-2020"
"689",22,13.59275,"1998",15.0174285714286,1.42467857142857,"1989-2020"
"690",22,13.59275,"2013",10.6288571428571,-2.96389285714286,"1989-2020"
"691",22,13.59275,"1993",13.5078571428571,-0.084892857142858,"1989-2020"
"692",22,13.59275,"1996",13.0358571428571,-0.556892857142858,"1989-2020"
"693",22,13.59275,"2006",8.32128571428571,-5.27146428571429,"1989-2020"
"694",22,13.59275,"2018",19.3402857142857,5.74753571428571,"2018"
"695",22,13.59275,"1997",10.2162857142857,-3.37646428571429,"1989-2020"
"696",22,13.59275,"2008",18.5857142857143,4.99296428571428,"1989-2020"
"697",22,13.59275,"1989",11.7087142857143,-1.88403571428571,"1989-2020"
"698",22,13.59275,"1999",16.8467142857143,3.25396428571428,"1989-2020"
"699",22,13.59275,"1995",12.2821428571429,-1.31060714285714,"1989-2020"
"700",22,13.59275,"2009",12.6482857142857,-0.944464285714286,"1989-2020"
"701",22,13.59275,"1994",11.6902857142857,-1.90246428571429,"1989-2020"
"702",22,13.59275,"2019",15.5844285714286,1.99167857142857,"2019"
"703",22,13.59275,"1990",12.0352857142857,-1.55746428571429,"1989-2020"
"704",23,14.6589910714286,"1991",10.3965714285714,-4.26241964285714,"1989-2020"
"705",23,14.6589910714286,"2001",10.6738571428571,-3.98513392857143,"1989-2020"
"706",23,14.6589910714286,"2012",11.7468571428571,-2.91213392857143,"1989-2020"
"707",23,14.6589910714286,"2013",14.3514285714286,-0.307562500000001,"1989-2020"
"708",23,14.6589910714286,"2004",15.4572857142857,0.798294642857142,"1989-2020"
"709",23,14.6589910714286,"2007",18.6891428571429,4.03015178571429,"1989-2020"
"710",23,14.6589910714286,"2014",18.5038571428571,3.84486607142857,"1989-2020"
"711",23,14.6589910714286,"1989",10.0472857142857,-4.61170535714286,"1989-2020"
"712",23,14.6589910714286,"1990",11.0528571428571,-3.60613392857143,"1989-2020"
"713",23,14.6589910714286,"2005",10.7537142857143,-3.90527678571429,"1989-2020"
"714",23,14.6589910714286,"2000",15.5654285714286,0.906437499999999,"1989-2020"
"715",23,14.6589910714286,"2015",15.5574285714286,0.8984375,"1989-2020"
"716",23,14.6589910714286,"1998",16.889,2.23000892857143,"1989-2020"
"717",23,14.6589910714286,"2002",15.232,0.573008928571427,"1989-2020"
"718",23,14.6589910714286,"2008",17.1798571428571,2.52086607142857,"1989-2020"
"719",23,14.6589910714286,"2010",17.687,3.02800892857143,"2010"
"720",23,14.6589910714286,"1994",11.2964285714286,-3.3625625,"1989-2020"
"721",23,14.6589910714286,"2017",13.8817142857143,-0.777276785714287,"1989-2020"
"722",23,14.6589910714286,"2006",11.924,-2.73499107142857,"1989-2020"
"723",23,14.6589910714286,"1992",14.46,-0.198991071428571,"1989-2020"
"724",23,14.6589910714286,"2016",16.7441428571429,2.08515178571429,"1989-2020"
"725",23,14.6589910714286,"2011",16.6574285714286,1.9984375,"1989-2020"
"726",23,14.6589910714286,"1999",12.4362857142857,-2.22270535714286,"1989-2020"
"727",23,14.6589910714286,"2009",10.7848571428571,-3.87413392857143,"1989-2020"
"728",23,14.6589910714286,"1996",17.913,3.25400892857143,"1989-2020"
"729",23,14.6589910714286,"2019",16.8157142857143,2.15672321428571,"2019"
"730",23,14.6589910714286,"1995",11.1338571428571,-3.52513392857143,"1989-2020"
"731",23,14.6589910714286,"2018",19.1488571428571,4.48986607142857,"2018"
"732",23,14.6589910714286,"1993",17.5042857142857,2.84529464285714,"1989-2020"
"733",23,14.6589910714286,"2003",19.4205714285714,4.76158035714286,"2003"
"734",23,14.6589910714286,"2020",12.5604285714286,-2.0985625,"1989-2020"
"735",23,14.6589910714286,"1997",16.6225714285714,1.96358035714286,"1989-2020"
"736",24,14.4680580357143,"2013",15.4348571428571,0.966799107142856,"1989-2020"
"737",24,14.4680580357143,"2014",14.2904285714286,-0.177629464285715,"1989-2020"
"738",24,14.4680580357143,"1989",14.4504285714286,-0.0176294642857151,"1989-2020"
"739",24,14.4680580357143,"2003",17.3888571428571,2.92079910714286,"2003"
"740",24,14.4680580357143,"2000",16.6995714285714,2.23151339285714,"1989-2020"
"741",24,14.4680580357143,"2001",13.2921428571429,-1.17591517857143,"1989-2020"
"742",24,14.4680580357143,"2015",14.8777142857143,0.409656249999999,"1989-2020"
"743",24,14.4680580357143,"2010",13.9642857142857,-0.503772321428572,"2010"
"744",24,14.4680580357143,"1990",12.1028571428571,-2.36520089285714,"1989-2020"
"745",24,14.4680580357143,"1997",15.5531428571429,1.08508482142857,"1989-2020"
"746",24,14.4680580357143,"2012",13.207,-1.26105803571429,"1989-2020"
"747",24,14.4680580357143,"2020",16.3428571428571,1.87479910714286,"1989-2020"
"748",24,14.4680580357143,"1994",11.3362857142857,-3.13177232142857,"1989-2020"
"749",24,14.4680580357143,"1991",12.3938571428571,-2.07420089285714,"1989-2020"
"750",24,14.4680580357143,"1992",15.0295714285714,0.561513392857144,"1989-2020"
"751",24,14.4680580357143,"2016",13.9797142857143,-0.48834375,"1989-2020"
"752",24,14.4680580357143,"2005",13.5072857142857,-0.960772321428571,"1989-2020"
"753",24,14.4680580357143,"1998",11.5224285714286,-2.94562946428571,"1989-2020"
"754",24,14.4680580357143,"2002",15.7802857142857,1.31222767857143,"1989-2020"
"755",24,14.4680580357143,"1996",14.8677142857143,0.39965625,"1989-2020"
"756",24,14.4680580357143,"2011",15.4901428571429,1.02208482142857,"1989-2020"
"757",24,14.4680580357143,"2019",16.7657142857143,2.29765625,"2019"
"758",24,14.4680580357143,"1999",14.7115714285714,0.243513392857142,"1989-2020"
"759",24,14.4680580357143,"2018",15.7492857142857,1.28122767857143,"2018"
"760",24,14.4680580357143,"2009",12.756,-1.71205803571429,"1989-2020"
"761",24,14.4680580357143,"2006",17.9535714285714,3.48551339285714,"1989-2020"
"762",24,14.4680580357143,"2017",16.0411428571429,1.57308482142857,"1989-2020"
"763",24,14.4680580357143,"1995",10.4175714285714,-4.05048660714286,"1989-2020"
"764",24,14.4680580357143,"2004",14.6432857142857,0.175227678571428,"1989-2020"
"765",24,14.4680580357143,"1993",12.643,-1.82505803571429,"1989-2020"
"766",24,14.4680580357143,"2007",17.495,3.02694196428572,"1989-2020"
"767",24,14.4680580357143,"2008",12.2902857142857,-2.17777232142857,"1989-2020"
"768",25,15.2339508928571,"2010",12.7607142857143,-2.47323660714286,"2010"
"769",25,15.2339508928571,"2014",12.7071428571429,-2.52680803571429,"1989-2020"
"770",25,15.2339508928571,"2015",11.495,-3.73895089285714,"1989-2020"
"771",25,15.2339508928571,"2000",18.4082857142857,3.17433482142857,"1989-2020"
"772",25,15.2339508928571,"2017",19.4595714285714,4.22562053571429,"1989-2020"
"773",25,15.2339508928571,"2001",12.3714285714286,-2.86252232142857,"1989-2020"
"774",25,15.2339508928571,"2016",16.425,1.19104910714286,"1989-2020"
"775",25,15.2339508928571,"1989",17.4822857142857,2.24833482142857,"1989-2020"
"776",25,15.2339508928571,"1990",14.944,-0.289950892857144,"1989-2020"
"777",25,15.2339508928571,"1997",11.4788571428571,-3.75509375,"1989-2020"
"778",25,15.2339508928571,"2002",18.7131428571429,3.47919196428571,"1989-2020"
"779",25,15.2339508928571,"1998",16.1437142857143,0.909763392857142,"1989-2020"
"780",25,15.2339508928571,"2013",18.7162857142857,3.48233482142857,"1989-2020"
"781",25,15.2339508928571,"2011",13.7361428571429,-1.49780803571429,"1989-2020"
"782",25,15.2339508928571,"2012",15.6522857142857,0.418334821428571,"1989-2020"
"783",25,15.2339508928571,"2003",16.3591428571429,1.12519196428571,"2003"
"784",25,15.2339508928571,"2020",16.5367142857143,1.30276339285714,"1989-2020"
"785",25,15.2339508928571,"1994",15.9691428571429,0.735191964285715,"1989-2020"
"786",25,15.2339508928571,"2018",14.9058571428571,-0.328093749999999,"2018"
"787",25,15.2339508928571,"2004",12.5204285714286,-2.71352232142857,"1989-2020"
"788",25,15.2339508928571,"2005",19.0114285714286,3.77747767857143,"1989-2020"
"789",25,15.2339508928571,"2006",17.5917142857143,2.35776339285714,"1989-2020"
"790",25,15.2339508928571,"1999",11.8748571428571,-3.35909375,"1989-2020"
"791",25,15.2339508928571,"2007",16.3931428571429,1.15919196428571,"1989-2020"
"792",25,15.2339508928571,"1996",11.484,-3.74995089285714,"1989-2020"
"793",25,15.2339508928571,"1992",14.6428571428571,-0.591093750000001,"1989-2020"
"794",25,15.2339508928571,"2019",19.047,3.81304910714286,"2019"
"795",25,15.2339508928571,"1991",13.2188571428571,-2.01509375,"1989-2020"
"796",25,15.2339508928571,"2008",16.2,0.966049107142856,"1989-2020"
"797",25,15.2339508928571,"1993",13.8947142857143,-1.33923660714286,"1989-2020"
"798",25,15.2339508928571,"1995",13.8752857142857,-1.35866517857143,"1989-2020"
"799",25,15.2339508928571,"2009",13.4674285714286,-1.76652232142857,"1989-2020"
"800",26,16.0508928571429,"2001",17.5217142857143,1.47082142857143,"1989-2020"
"801",26,16.0508928571429,"2018",17.3095714285714,1.25867857142857,"2018"
"802",26,16.0508928571429,"2000",10.7221428571429,-5.32875,"1989-2020"
"803",26,16.0508928571429,"1998",16.1291428571429,0.0782500000000006,"1989-2020"
"804",26,16.0508928571429,"2016",17.3445714285714,1.29367857142857,"1989-2020"
"805",26,16.0508928571429,"2017",15.7964285714286,-0.254464285714285,"1989-2020"
"806",26,16.0508928571429,"1989",15.8615714285714,-0.189321428571427,"1989-2020"
"807",26,16.0508928571429,"1990",18.2772857142857,2.22639285714286,"1989-2020"
"808",26,16.0508928571429,"2002",14.0152857142857,-2.03560714285714,"1989-2020"
"809",26,16.0508928571429,"2014",13.0707142857143,-2.98017857142857,"1989-2020"
"810",26,16.0508928571429,"2003",16.8122857142857,0.761392857142859,"2003"
"811",26,16.0508928571429,"2010",18.786,2.73510714285715,"2010"
"812",26,16.0508928571429,"2006",17.5031428571429,1.45225,"1989-2020"
"813",26,16.0508928571429,"1996",12.3128571428571,-3.73803571428571,"1989-2020"
"814",26,16.0508928571429,"2015",17.3465714285714,1.29567857142857,"1989-2020"
"815",26,16.0508928571429,"2004",14.1817142857143,-1.86917857142857,"1989-2020"
"816",26,16.0508928571429,"1999",15.6917142857143,-0.35917857142857,"1989-2020"
"817",26,16.0508928571429,"2012",16.4345714285714,0.383678571428572,"1989-2020"
"818",26,16.0508928571429,"1997",14.5191428571429,-1.53175,"1989-2020"
"819",26,16.0508928571429,"2011",15.932,-0.118892857142855,"1989-2020"
"820",26,16.0508928571429,"2005",17.0302857142857,0.979392857142859,"1989-2020"
"821",26,16.0508928571429,"2013",11.989,-4.06189285714286,"1989-2020"
"822",26,16.0508928571429,"2007",13.7107142857143,-2.34017857142857,"1989-2020"
"823",26,16.0508928571429,"1991",13.5447142857143,-2.50617857142857,"1989-2020"
"824",26,16.0508928571429,"2020",18.0315714285714,1.98067857142857,"1989-2020"
"825",26,16.0508928571429,"2019",20.961,4.91010714285714,"2019"
"826",26,16.0508928571429,"1994",19.9494285714286,3.89853571428571,"1989-2020"
"827",26,16.0508928571429,"1995",17.8415714285714,1.79067857142857,"1989-2020"
"828",26,16.0508928571429,"2008",16.4734285714286,0.422535714285715,"1989-2020"
"829",26,16.0508928571429,"1992",17.575,1.52410714285714,"1989-2020"
"830",26,16.0508928571429,"1993",13.2612857142857,-2.78960714285714,"1989-2020"
"831",26,16.0508928571429,"2009",17.6921428571429,1.64125,"1989-2020"
"832",27,16.6393482142857,"2000",15.3191428571429,-1.32020535714286,"1989-2020"
"833",27,16.6393482142857,"2017",17.953,1.31365178571428,"1989-2020"
"834",27,16.6393482142857,"1989",18.1232857142857,1.4839375,"1989-2020"
"835",27,16.6393482142857,"2001",17.7754285714286,1.13608035714286,"1989-2020"
"836",27,16.6393482142857,"2014",17.9558571428571,1.31650892857143,"1989-2020"
"837",27,16.6393482142857,"2016",15.2325714285714,-1.40677678571429,"1989-2020"
"838",27,16.6393482142857,"2013",17.1848571428571,0.545508928571429,"1989-2020"
"839",27,16.6393482142857,"1990",12.9478571428571,-3.69149107142857,"1989-2020"
"840",27,16.6393482142857,"1997",15.0937142857143,-1.54563392857143,"1989-2020"
"841",27,16.6393482142857,"2002",15.2188571428571,-1.42049107142857,"1989-2020"
"842",27,16.6393482142857,"2003",14.7431428571429,-1.89620535714286,"2003"
"843",27,16.6393482142857,"2004",13.6425714285714,-2.99677678571429,"1989-2020"
"844",27,16.6393482142857,"2018",18.6247142857143,1.98536607142857,"2018"
"845",27,16.6393482142857,"2011",14.9161428571429,-1.72320535714286,"1989-2020"
"846",27,16.6393482142857,"2015",22.1032857142857,5.4639375,"1989-2020"
"847",27,16.6393482142857,"2010",20.0017142857143,3.36236607142857,"2010"
"848",27,16.6393482142857,"1999",18.4548571428571,1.81550892857143,"1989-2020"
"849",27,16.6393482142857,"1994",18.2567142857143,1.61736607142857,"1989-2020"
"850",27,16.6393482142857,"1998",12.5887142857143,-4.05063392857143,"1989-2020"
"851",27,16.6393482142857,"1991",20.181,3.54165178571429,"1989-2020"
"852",27,16.6393482142857,"2005",15.2554285714286,-1.38391964285714,"1989-2020"
"853",27,16.6393482142857,"2006",20.0614285714286,3.42208035714286,"1989-2020"
"854",27,16.6393482142857,"2007",14.2992857142857,-2.3400625,"1989-2020"
"855",27,16.6393482142857,"2012",17.1561428571429,0.516794642857143,"1989-2020"
"856",27,16.6393482142857,"2019",14.6711428571429,-1.96820535714286,"2019"
"857",27,16.6393482142857,"1996",13.2941428571429,-3.34520535714286,"1989-2020"
"858",27,16.6393482142857,"1993",15.9907142857143,-0.648633928571428,"1989-2020"
"859",27,16.6393482142857,"1995",16.675,0.0356517857142862,"1989-2020"
"860",27,16.6393482142857,"2008",18.1402857142857,1.5009375,"1989-2020"
"861",27,16.6393482142857,"2020",16.8485714285714,0.209223214285714,"1989-2020"
"862",27,16.6393482142857,"1992",15.8177142857143,-0.821633928571428,"1989-2020"
"863",27,16.6393482142857,"2009",17.9318571428571,1.29250892857143,"1989-2020"
"864",28,16.3221116071429,"2000",11.968,-4.35411160714286,"1989-2020"
"865",28,16.3221116071429,"2016",17.8115714285714,1.48945982142857,"1989-2020"
"866",28,16.3221116071429,"2017",15.7898571428571,-0.532254464285716,"1989-2020"
"867",28,16.3221116071429,"2001",15.3891428571429,-0.932968750000001,"1989-2020"
"868",28,16.3221116071429,"2014",16.0368571428571,-0.285254464285718,"1989-2020"
"869",28,16.3221116071429,"2015",15.5087142857143,-0.813397321428573,"1989-2020"
"870",28,16.3221116071429,"1990",14.4494285714286,-1.87268303571429,"1989-2020"
"871",28,16.3221116071429,"1989",15.326,-0.996111607142858,"1989-2020"
"872",28,16.3221116071429,"2018",16.7241428571429,0.40203125,"2018"
"873",28,16.3221116071429,"2002",17.4007142857143,1.07860267857143,"1989-2020"
"874",28,16.3221116071429,"1996",14.5397142857143,-1.78239732142857,"1989-2020"
"875",28,16.3221116071429,"2004",12.7338571428571,-3.58825446428571,"1989-2020"
"876",28,16.3221116071429,"1998",13.6062857142857,-2.71582589285714,"1989-2020"
"877",28,16.3221116071429,"2012",14.9368571428571,-1.38525446428572,"1989-2020"
"878",28,16.3221116071429,"1997",16.8248571428571,0.502745535714283,"1989-2020"
"879",28,16.3221116071429,"2010",23.3752857142857,7.05317410714285,"2010"
"880",28,16.3221116071429,"2005",19.186,2.86388839285714,"1989-2020"
"881",28,16.3221116071429,"1994",18.9284285714286,2.60631696428571,"1989-2020"
"882",28,16.3221116071429,"2013",15.6174285714286,-0.704683035714286,"1989-2020"
"883",28,16.3221116071429,"2003",17.0685714285714,0.746459821428569,"2003"
"884",28,16.3221116071429,"1999",17.4417142857143,1.11960267857143,"1989-2020"
"885",28,16.3221116071429,"2006",19.4245714285714,3.10245982142857,"1989-2020"
"886",28,16.3221116071429,"1995",21.2707142857143,4.94860267857143,"1989-2020"
"887",28,16.3221116071429,"2007",16.3655714285714,0.04345982142857,"1989-2020"
"888",28,16.3221116071429,"2019",13.6324285714286,-2.68968303571429,"2019"
"889",28,16.3221116071429,"2020",15.2197142857143,-1.10239732142857,"1989-2020"
"890",28,16.3221116071429,"1992",15.7511428571429,-0.570968750000002,"1989-2020"
"891",28,16.3221116071429,"1993",13.3954285714286,-2.92668303571429,"1989-2020"
"892",28,16.3221116071429,"2011",16.8378571428571,0.515745535714284,"1989-2020"
"893",28,16.3221116071429,"2009",15.4718571428571,-0.850254464285715,"1989-2020"
"894",28,16.3221116071429,"1991",18.8394285714286,2.51731696428571,"1989-2020"
"895",28,16.3221116071429,"2008",15.4354285714286,-0.886683035714286,"1989-2020"
"896",29,17.1289151785714,"2000",12.3515714285714,-4.77734375,"1989-2020"
"897",29,17.1289151785714,"2014",20.969,3.84008482142857,"1989-2020"
"898",29,17.1289151785714,"2016",18.337,1.20808482142857,"1989-2020"
"899",29,17.1289151785714,"2001",14.6718571428571,-2.45705803571429,"1989-2020"
"900",29,17.1289151785714,"2018",19.9205714285714,2.79165625,"2018"
"901",29,17.1289151785714,"1990",15.0994285714286,-2.02948660714286,"1989-2020"
"902",29,17.1289151785714,"2017",18.5191428571429,1.39022767857143,"1989-2020"
"903",29,17.1289151785714,"2013",19.0207142857143,1.89179910714286,"1989-2020"
"904",29,17.1289151785714,"2002",14.4948571428571,-2.63405803571429,"1989-2020"
"905",29,17.1289151785714,"2010",19.7778571428571,2.64894196428572,"2010"
"906",29,17.1289151785714,"2003",21.48,4.35108482142857,"2003"
"907",29,17.1289151785714,"2004",18.0747142857143,0.945799107142857,"1989-2020"
"908",29,17.1289151785714,"2005",15.8028571428571,-1.32605803571429,"1989-2020"
"909",29,17.1289151785714,"1991",14.9128571428571,-2.21605803571429,"1989-2020"
"910",29,17.1289151785714,"2015",20.557,3.42808482142857,"1989-2020"
"911",29,17.1289151785714,"1989",14.413,-2.71591517857143,"1989-2020"
"912",29,17.1289151785714,"2006",22.2697142857143,5.14079910714286,"1989-2020"
"913",29,17.1289151785714,"1997",15.5384285714286,-1.59048660714286,"1989-2020"
"914",29,17.1289151785714,"1998",17.3458571428571,0.216941964285713,"1989-2020"
"915",29,17.1289151785714,"1996",12.6031428571429,-4.52577232142857,"1989-2020"
"916",29,17.1289151785714,"2011",15.3252857142857,-1.80362946428571,"1989-2020"
"917",29,17.1289151785714,"2007",19.3932857142857,2.26437053571428,"1989-2020"
"918",29,17.1289151785714,"2012",14.2667142857143,-2.86220089285714,"1989-2020"
"919",29,17.1289151785714,"2019",17.257,0.128084821428573,"2019"
"920",29,17.1289151785714,"2020",15.9208571428571,-1.20805803571429,"1989-2020"
"921",29,17.1289151785714,"1993",14.8895714285714,-2.23934375,"1989-2020"
"922",29,17.1289151785714,"2008",14.283,-2.84591517857143,"1989-2020"
"923",29,17.1289151785714,"1992",18.2117142857143,1.08279910714286,"1989-2020"
"924",29,17.1289151785714,"2009",16.9518571428571,-0.177058035714285,"1989-2020"
"925",29,17.1289151785714,"1994",18.8781428571429,1.74922767857143,"1989-2020"
"926",29,17.1289151785714,"1995",18.7694285714286,1.64051339285714,"1989-2020"
"927",29,17.1289151785714,"1999",17.8188571428571,0.689941964285715,"1989-2020"
"928",30,17.7828883928571,"2001",20.0741428571429,2.29125446428571,"1989-2020"
"929",30,17.7828883928571,"2002",16.5405714285714,-1.24231696428571,"1989-2020"
"930",30,17.7828883928571,"2016",19.7961428571429,2.01325446428572,"1989-2020"
"931",30,17.7828883928571,"2005",18.3421428571429,0.559254464285715,"1989-2020"
"932",30,17.7828883928571,"2014",18.7195714285714,0.936683035714285,"1989-2020"
"933",30,17.7828883928571,"1992",17.3844285714286,-0.39845982142857,"1989-2020"
"934",30,17.7828883928571,"2003",18.3912857142857,0.608397321428573,"2003"
"935",30,17.7828883928571,"2000",14.9377142857143,-2.84517410714286,"1989-2020"
"936",30,17.7828883928571,"1991",16.1067142857143,-1.67617410714286,"1989-2020"
"937",30,17.7828883928571,"2010",15.365,-2.41788839285714,"2010"
"938",30,17.7828883928571,"1990",15.8485714285714,-1.93431696428571,"1989-2020"
"939",30,17.7828883928571,"1998",16.4717142857143,-1.31117410714286,"1989-2020"
"940",30,17.7828883928571,"2013",21.2057142857143,3.42282589285714,"1989-2020"
"941",30,17.7828883928571,"2007",15.8638571428571,-1.91903125,"1989-2020"
"942",30,17.7828883928571,"2011",14.3852857142857,-3.39760267857143,"1989-2020"
"943",30,17.7828883928571,"2004",15.9744285714286,-1.80845982142857,"1989-2020"
"944",30,17.7828883928571,"1993",14.6502857142857,-3.13260267857143,"1989-2020"
"945",30,17.7828883928571,"2017",15.2091428571429,-2.57374553571428,"1989-2020"
"946",30,17.7828883928571,"2018",23.1661428571429,5.38325446428572,"2018"
"947",30,17.7828883928571,"2015",15.9072857142857,-1.87560267857143,"1989-2020"
"948",30,17.7828883928571,"1989",17.7675714285714,-0.0153169642857129,"1989-2020"
"949",30,17.7828883928571,"1997",16.1325714285714,-1.65031696428571,"1989-2020"
"950",30,17.7828883928571,"2012",18.918,1.13511160714286,"1989-2020"
"951",30,17.7828883928571,"2019",23.2421428571429,5.45925446428572,"2019"
"952",30,17.7828883928571,"1999",15.9788571428571,-1.80403125,"1989-2020"
"953",30,17.7828883928571,"1994",22.8425714285714,5.05968303571429,"1989-2020"
"954",30,17.7828883928571,"2008",18.8981428571429,1.11525446428572,"1989-2020"
"955",30,17.7828883928571,"2009",17.002,-0.780888392857143,"1989-2020"
"956",30,17.7828883928571,"2006",22.5265714285714,4.74368303571429,"1989-2020"
"957",30,17.7828883928571,"2020",18.1888571428571,0.40596875,"1989-2020"
"958",30,17.7828883928571,"1995",17.5588571428571,-0.224031249999999,"1989-2020"
"959",30,17.7828883928571,"1996",15.6561428571429,-2.12674553571429,"1989-2020"
"960",31,18.0801339285714,"2012",17.1375714285714,-0.942562500000001,"1989-2020"
"961",31,18.0801339285714,"1989",12.8942857142857,-5.18584821428571,"1989-2020"
"962",31,18.0801339285714,"2006",16.5715714285714,-1.5085625,"1989-2020"
"963",31,18.0801339285714,"2016",16.5351428571429,-1.54499107142857,"1989-2020"
"964",31,18.0801339285714,"1991",17.9961428571429,-0.0839910714285708,"1989-2020"
"965",31,18.0801339285714,"2014",17.916,-0.164133928571427,"1989-2020"
"966",31,18.0801339285714,"1990",20.8634285714286,2.78329464285714,"1989-2020"
"967",31,18.0801339285714,"2013",20.4015714285714,2.3214375,"1989-2020"
"968",31,18.0801339285714,"2000",15.6528571428571,-2.42727678571429,"1989-2020"
"969",31,18.0801339285714,"2010",16.6941428571429,-1.38599107142857,"2010"
"970",31,18.0801339285714,"1998",15.3721428571429,-2.70799107142857,"1989-2020"
"971",31,18.0801339285714,"1993",17.4195714285714,-0.660562499999997,"1989-2020"
"972",31,18.0801339285714,"2017",19.566,1.48586607142857,"1989-2020"
"973",31,18.0801339285714,"2003",22.3481428571429,4.26800892857143,"2003"
"974",31,18.0801339285714,"1992",19.0604285714286,0.980294642857142,"1989-2020"
"975",31,18.0801339285714,"2015",17.3314285714286,-0.748705357142857,"1989-2020"
"976",31,18.0801339285714,"1999",18.6025714285714,0.522437499999999,"1989-2020"
"977",31,18.0801339285714,"2001",18.1722857142857,0.0921517857142859,"1989-2020"
"978",31,18.0801339285714,"2007",14.0038571428571,-4.07627678571428,"1989-2020"
"979",31,18.0801339285714,"2011",16.5937142857143,-1.48641964285714,"1989-2020"
"980",31,18.0801339285714,"1994",23.1418571428571,5.06172321428571,"1989-2020"
"981",31,18.0801339285714,"2009",16.5575714285714,-1.5225625,"1989-2020"
"982",31,18.0801339285714,"2004",18.7217142857143,0.641580357142857,"1989-2020"
"983",31,18.0801339285714,"2019",18.2438571428571,0.163723214285714,"2019"
"984",31,18.0801339285714,"2020",18.2988571428571,0.218723214285713,"1989-2020"
"985",31,18.0801339285714,"1995",19.7387142857143,1.65858035714286,"1989-2020"
"986",31,18.0801339285714,"2002",18.6327142857143,0.552580357142858,"1989-2020"
"987",31,18.0801339285714,"2005",15.7482857142857,-2.33184821428571,"1989-2020"
"988",31,18.0801339285714,"1996",16.3888571428571,-1.69127678571429,"1989-2020"
"989",31,18.0801339285714,"1997",16.752,-1.32813392857143,"1989-2020"
"990",31,18.0801339285714,"2008",20.6107142857143,2.53058035714286,"1989-2020"
"991",31,18.0801339285714,"2018",24.5962857142857,6.51615178571429,"2018"
"992",32,17.7713482142857,"2019",18.6327142857143,0.86136607142857,"2019"
"993",32,17.7713482142857,"1990",16.1081428571429,-1.66320535714286,"1989-2020"
"994",32,17.7713482142857,"2015",22.6051428571429,4.83379464285714,"1989-2020"
"995",32,17.7713482142857,"2000",15.964,-1.80734821428572,"1989-2020"
"996",32,17.7713482142857,"2014",17.0947142857143,-0.67663392857143,"1989-2020"
"997",32,17.7713482142857,"2010",16.5051428571429,-1.26620535714286,"2010"
"998",32,17.7713482142857,"2020",22.935,5.16365178571428,"1989-2020"
"999",32,17.7713482142857,"2001",15.0307142857143,-2.74063392857143,"1989-2020"
"1000",32,17.7713482142857,"2012",15.5357142857143,-2.23563392857143,"1989-2020"
"1001",32,17.7713482142857,"1991",19.4942857142857,1.7229375,"1989-2020"
"1002",32,17.7713482142857,"2003",24.4458571428571,6.67450892857143,"2003"
"1003",32,17.7713482142857,"2013",17.1107142857143,-0.660633928571428,"1989-2020"
"1004",32,17.7713482142857,"2016",15.0271428571429,-2.74420535714286,"1989-2020"
"1005",32,17.7713482142857,"1996",16.4501428571429,-1.32120535714286,"1989-2020"
"1006",32,17.7713482142857,"2011",15.7975714285714,-1.97377678571429,"1989-2020"
"1007",32,17.7713482142857,"1998",20.2157142857143,2.44436607142857,"1989-2020"
"1008",32,17.7713482142857,"2002",15.929,-1.84234821428572,"1989-2020"
"1009",32,17.7713482142857,"2017",15.1061428571429,-2.66520535714286,"1989-2020"
"1010",32,17.7713482142857,"2009",18.6345714285714,0.863223214285714,"1989-2020"
"1011",32,17.7713482142857,"2007",16.6937142857143,-1.07763392857143,"1989-2020"
"1012",32,17.7713482142857,"1993",14.79,-2.98134821428572,"1989-2020"
"1013",32,17.7713482142857,"1989",17.5217142857143,-0.249633928571431,"1989-2020"
"1014",32,17.7713482142857,"2006",14.6374285714286,-3.13391964285714,"1989-2020"
"1015",32,17.7713482142857,"2004",21.0815714285714,3.31022321428571,"1989-2020"
"1016",32,17.7713482142857,"2005",12.55,-5.22134821428572,"1989-2020"
"1017",32,17.7713482142857,"1999",16.6084285714286,-1.16291964285714,"1989-2020"
"1018",32,17.7713482142857,"1997",19.2147142857143,1.44336607142857,"1989-2020"
"1019",32,17.7713482142857,"2018",21.0622857142857,3.2909375,"2018"
"1020",32,17.7713482142857,"2008",17.9938571428571,0.222508928571425,"1989-2020"
"1021",32,17.7713482142857,"1994",18.4941428571429,0.722794642857142,"1989-2020"
"1022",32,17.7713482142857,"1995",18.8511428571429,1.07979464285714,"1989-2020"
"1023",32,17.7713482142857,"1992",20.5617142857143,2.79036607142857,"1989-2020"
"1024",33,16.7994151785714,"2001",20.5275714285714,3.72815625,"1989-2020"
"1025",33,16.7994151785714,"2000",19.106,2.30658482142857,"1989-2020"
"1026",33,16.7994151785714,"2016",15.7111428571429,-1.08827232142857,"1989-2020"
"1027",33,16.7994151785714,"1997",18.7444285714286,1.94501339285714,"1989-2020"
"1028",33,16.7994151785714,"2014",13.6237142857143,-3.17570089285714,"1989-2020"
"1029",33,16.7994151785714,"2003",19.2618571428571,2.46244196428571,"2003"
"1030",33,16.7994151785714,"1993",16.1608571428571,-0.638558035714286,"1989-2020"
"1031",33,16.7994151785714,"2017",17.256,0.456584821428571,"1989-2020"
"1032",33,16.7994151785714,"2002",18.3885714285714,1.58915625,"1989-2020"
"1033",33,16.7994151785714,"2015",17.9811428571429,1.18172767857143,"1989-2020"
"1034",33,16.7994151785714,"1990",16.4247142857143,-0.374700892857145,"1989-2020"
"1035",33,16.7994151785714,"1998",17.1611428571429,0.361727678571427,"1989-2020"
"1036",33,16.7994151785714,"2012",17.2577142857143,0.458299107142857,"1989-2020"
"1037",33,16.7994151785714,"2009",17.883,1.08358482142857,"1989-2020"
"1038",33,16.7994151785714,"2004",17.9678571428571,1.16844196428571,"1989-2020"
"1039",33,16.7994151785714,"1994",12.8947142857143,-3.90470089285714,"1989-2020"
"1040",33,16.7994151785714,"2007",16.2674285714286,-0.531986607142859,"1989-2020"
"1041",33,16.7994151785714,"1991",15.552,-1.24741517857143,"1989-2020"
"1042",33,16.7994151785714,"1996",15.1392857142857,-1.66012946428572,"1989-2020"
"1043",33,16.7994151785714,"2019",15.9832857142857,-0.816129464285716,"2019"
"1044",33,16.7994151785714,"1989",19.1781428571429,2.37872767857143,"1989-2020"
"1045",33,16.7994151785714,"2018",19.1694285714286,2.37001339285714,"2018"
"1046",33,16.7994151785714,"2008",15.8451428571429,-0.954272321428572,"1989-2020"
"1047",33,16.7994151785714,"2010",14.7182857142857,-2.08112946428571,"2010"
"1048",33,16.7994151785714,"1999",13.8124285714286,-2.98698660714286,"1989-2020"
"1049",33,16.7994151785714,"2013",15.9788571428571,-0.820558035714287,"1989-2020"
"1050",33,16.7994151785714,"1992",14.2684285714286,-2.53098660714286,"1989-2020"
"1051",33,16.7994151785714,"2020",19.7434285714286,2.94401339285714,"1989-2020"
"1052",33,16.7994151785714,"1995",17.9914285714286,1.19201339285714,"1989-2020"
"1053",33,16.7994151785714,"2011",17.3905714285714,0.591156249999997,"1989-2020"
"1054",33,16.7994151785714,"2005",15.176,-1.62341517857143,"1989-2020"
"1055",33,16.7994151785714,"2006",15.0167142857143,-1.78270089285714,"1989-2020"
"1056",34,16.6523035714286,"2014",11.461,-5.19130357142857,"1989-2020"
"1057",34,16.6523035714286,"2000",15.8495714285714,-0.802732142857144,"1989-2020"
"1058",34,16.6523035714286,"2001",20.1084285714286,3.456125,"1989-2020"
"1059",34,16.6523035714286,"2016",18.3238571428571,1.67155357142857,"1989-2020"
"1060",34,16.6523035714286,"2017",14.7361428571429,-1.91616071428571,"1989-2020"
"1061",34,16.6523035714286,"2003",17.2532857142857,0.600982142857141,"2003"
"1062",34,16.6523035714286,"1998",13.0372857142857,-3.61501785714286,"1989-2020"
"1063",34,16.6523035714286,"2013",15.8817142857143,-0.770589285714287,"1989-2020"
"1064",34,16.6523035714286,"2009",17.8957142857143,1.24341071428571,"1989-2020"
"1065",34,16.6523035714286,"2015",16.3177142857143,-0.334589285714287,"1989-2020"
"1066",34,16.6523035714286,"1994",15.6405714285714,-1.01173214285714,"1989-2020"
"1067",34,16.6523035714286,"1993",13.1021428571429,-3.55016071428572,"1989-2020"
"1068",34,16.6523035714286,"2002",18.14,1.48769642857143,"1989-2020"
"1069",34,16.6523035714286,"2010",17.4065714285714,0.754267857142857,"2010"
"1070",34,16.6523035714286,"2004",15.4291428571429,-1.22316071428572,"1989-2020"
"1071",34,16.6523035714286,"1990",15.31,-1.34230357142857,"1989-2020"
"1072",34,16.6523035714286,"1989",17.1258571428571,0.473553571428571,"1989-2020"
"1073",34,16.6523035714286,"2018",17.7891428571429,1.13683928571428,"2018"
"1074",34,16.6523035714286,"2011",19.7211428571429,3.06883928571429,"1989-2020"
"1075",34,16.6523035714286,"1992",17.2154285714286,0.563124999999999,"1989-2020"
"1076",34,16.6523035714286,"1999",14.1367142857143,-2.51558928571429,"1989-2020"
"1077",34,16.6523035714286,"1996",17.721,1.06869642857143,"1989-2020"
"1078",34,16.6523035714286,"1991",16.1488571428571,-0.503446428571429,"1989-2020"
"1079",34,16.6523035714286,"1997",20.291,3.63869642857143,"1989-2020"
"1080",34,16.6523035714286,"2007",16.0347142857143,-0.617589285714285,"1989-2020"
"1081",34,16.6523035714286,"2008",15.5432857142857,-1.10901785714286,"1989-2020"
"1082",34,16.6523035714286,"2012",19.5507142857143,2.89841071428571,"1989-2020"
"1083",34,16.6523035714286,"2019",18.4835714285714,1.83126785714285,"2019"
"1084",34,16.6523035714286,"1995",18.6792857142857,2.02698214285714,"1989-2020"
"1085",34,16.6523035714286,"2005",15.6088571428571,-1.04344642857143,"1989-2020"
"1086",34,16.6523035714286,"2006",14.2785714285714,-2.37373214285714,"1989-2020"
"1087",34,16.6523035714286,"2020",18.6524285714286,2.000125,"1989-2020"
"1088",35,14.8696160714286,"2014",14.0407142857143,-0.828901785714287,"1989-2020"
"1089",35,14.8696160714286,"2009",16.594,1.72438392857143,"1989-2020"
"1090",35,14.8696160714286,"2001",14.581,-0.288616071428573,"1989-2020"
"1091",35,14.8696160714286,"2017",15.9364285714286,1.0668125,"1989-2020"
"1092",35,14.8696160714286,"2015",18.1522857142857,3.28266964285714,"1989-2020"
"1093",35,14.8696160714286,"1990",16.7152857142857,1.84566964285714,"1989-2020"
"1094",35,14.8696160714286,"2000",15.0251428571429,0.155526785714285,"1989-2020"
"1095",35,14.8696160714286,"1993",10.6214285714286,-4.2481875,"1989-2020"
"1096",35,14.8696160714286,"1996",13.0851428571429,-1.78447321428571,"1989-2020"
"1097",35,14.8696160714286,"2002",17.226,2.35638392857143,"1989-2020"
"1098",35,14.8696160714286,"1994",14.2167142857143,-0.652901785714286,"1989-2020"
"1099",35,14.8696160714286,"2016",19.9807142857143,5.11109821428571,"1989-2020"
"1100",35,14.8696160714286,"1989",11.9905714285714,-2.87904464285714,"1989-2020"
"1101",35,14.8696160714286,"1997",17.3158571428571,2.44624107142857,"1989-2020"
"1102",35,14.8696160714286,"2003",12.7347142857143,-2.13490178571429,"2003"
"1103",35,14.8696160714286,"2011",13.1447142857143,-1.72490178571429,"1989-2020"
"1104",35,14.8696160714286,"2012",15.3075714285714,0.437955357142856,"1989-2020"
"1105",35,14.8696160714286,"2008",16.4084285714286,1.5388125,"1989-2020"
"1106",35,14.8696160714286,"2010",11.9104285714286,-2.9591875,"2010"
"1107",35,14.8696160714286,"2004",13.7315714285714,-1.13804464285714,"1989-2020"
"1108",35,14.8696160714286,"2007",12.8081428571429,-2.06147321428572,"1989-2020"
"1109",35,14.8696160714286,"1998",11.1267142857143,-3.74290178571429,"1989-2020"
"1110",35,14.8696160714286,"2018",15.2677142857143,0.398098214285714,"2018"
"1111",35,14.8696160714286,"1991",15.1577142857143,0.288098214285714,"1989-2020"
"1112",35,14.8696160714286,"2019",19.6042857142857,4.73466964285714,"2019"
"1113",35,14.8696160714286,"1995",10.6218571428571,-4.24775892857143,"1989-2020"
"1114",35,14.8696160714286,"2013",14.9265714285714,0.056955357142856,"1989-2020"
"1115",35,14.8696160714286,"1992",16.4895714285714,1.61995535714285,"1989-2020"
"1116",35,14.8696160714286,"2020",14.8838571428571,0.0142410714285717,"1989-2020"
"1117",35,14.8696160714286,"1999",14.7824285714286,-0.0871875000000006,"1989-2020"
"1118",35,14.8696160714286,"2006",13.7098571428571,-1.15975892857143,"1989-2020"
"1119",35,14.8696160714286,"2005",17.7302857142857,2.86066964285714,"1989-2020"
"1120",36,13.9749464285714,"2015",11.4795714285714,-2.495375,"1989-2020"
"1121",36,13.9749464285714,"2001",11.5067142857143,-2.46823214285714,"1989-2020"
"1122",36,13.9749464285714,"1989",13.09,-0.884946428571428,"1989-2020"
"1123",36,13.9749464285714,"1996",11.0422857142857,-2.93266071428571,"1989-2020"
"1124",36,13.9749464285714,"2009",13.9612857142857,-0.013660714285713,"1989-2020"
"1125",36,13.9749464285714,"2014",15.2637142857143,1.28876785714286,"1989-2020"
"1126",36,13.9749464285714,"2000",11.8884285714286,-2.08651785714286,"1989-2020"
"1127",36,13.9749464285714,"1990",11.5088571428571,-2.46608928571429,"1989-2020"
"1128",36,13.9749464285714,"2002",15.6628571428571,1.68791071428572,"1989-2020"
"1129",36,13.9749464285714,"2016",17.175,3.20005357142857,"1989-2020"
"1130",36,13.9749464285714,"1994",12.6685714285714,-1.306375,"1989-2020"
"1131",36,13.9749464285714,"1998",14.6507142857143,0.675767857142857,"1989-2020"
"1132",36,13.9749464285714,"2012",14.4798571428571,0.504910714285714,"1989-2020"
"1133",36,13.9749464285714,"1992",10.5812857142857,-3.39366071428571,"1989-2020"
"1134",36,13.9749464285714,"2019",13.0065714285714,-0.968375,"2019"
"1135",36,13.9749464285714,"1995",13.1467142857143,-0.828232142857143,"1989-2020"
"1136",36,13.9749464285714,"1993",11.1034285714286,-2.87151785714286,"1989-2020"
"1137",36,13.9749464285714,"2010",11.5854285714286,-2.38951785714286,"2010"
"1138",36,13.9749464285714,"2011",15.8802857142857,1.90533928571429,"1989-2020"
"1139",36,13.9749464285714,"2020",13.563,-0.411946428571428,"1989-2020"
"1140",36,13.9749464285714,"2017",13.3688571428571,-0.606089285714285,"1989-2020"
"1141",36,13.9749464285714,"1991",14.4794285714286,0.504482142857142,"1989-2020"
"1142",36,13.9749464285714,"1997",15.4278571428571,1.45291071428571,"1989-2020"
"1143",36,13.9749464285714,"2003",13.4588571428571,-0.516089285714285,"2003"
"1144",36,13.9749464285714,"1999",16.995,3.02005357142857,"1989-2020"
"1145",36,13.9749464285714,"2013",17.2271428571429,3.25219642857143,"1989-2020"
"1146",36,13.9749464285714,"2018",16.3078571428571,2.33291071428572,"2018"
"1147",36,13.9749464285714,"2005",18.4824285714286,4.50748214285714,"1989-2020"
"1148",36,13.9749464285714,"2007",11.2181428571429,-2.75680357142857,"1989-2020"
"1149",36,13.9749464285714,"2008",14.8967142857143,0.921767857142857,"1989-2020"
"1150",36,13.9749464285714,"2004",16.2861428571429,2.31119642857143,"1989-2020"
"1151",36,13.9749464285714,"2006",15.8052857142857,1.83033928571429,"1989-2020"
