"","day","mod_gpp","mod_gpp_unc95","mod_lai","mod_lai_unc95","mod_reco","mod_reco_unc95","doy","year","obs_gpp","obs_gpp_unc","obs_lai","obs_lai_unc","obs_reco","obs_reco_unc","date"
"1",7,0,0.143250085828491,0.223069116154037,0.325526940449733,1.68736211700872,1.8060127412127,7,2000,0.061201955,1.572188903,NA,-9999,1.292079949,1.000011313,2000-01-07
"2",14,0,0,0.174570128494066,0.253479858173527,1.54881177009693,1.67941826285628,14,2000,0.069064902,1.621375722,NA,-9999,1.231262492,1.000143033,2000-01-14
"3",21,0,0,0.141833415935052,0.206286997678114,1.58465941650527,1.7114376021823,21,2000,0.127633315,1.395783813,NA,-9999,1.190141294,1.003230364,2000-01-21
"4",28,0,0,0.119706634727623,0.174134734653417,1.37455135752507,1.53305624659711,28,2000,0.135436801,1.559048699,NA,-9999,1.019795705,1.00044081,2000-01-28
"5",35,0.016749260877498,0.0985050138561849,0.103297883397034,0.151228789684173,1.78501153405695,1.90512685921762,35,2000,0.21645225,1.50974594,NA,-9999,1.462609297,1.000077325,2000-02-04
"6",42,0.136084405002099,0.198793139641139,0.0926283100537877,0.135272027285566,1.84641107645902,1.97340386140198,42,2000,0.23129387,1.516380249,NA,-9999,1.638284631,1.000131865,2000-02-11
"7",49,0,0.0478784060099049,0.0859783437996103,0.127016094408668,1.60052353036745,1.72852975188336,49,2000,0.163994886,1.536034001,NA,-9999,1.198041334,1.000011313,2000-02-18
"8",56,0,0.0567959272301981,0.0798062358477048,0.119043936120499,1.60146024708525,1.72958069012413,56,2000,0.186513078,1.527202886,NA,-9999,1.260506383,1.001415391,2000-02-25
"9",63,0.158484765067228,0.234192793578574,0.0754280907121721,0.111856834542766,1.7744466299992,1.9005783200713,63,2000,0.230059067,1.593706834,NA,-9999,1.323515825,1.000098374,2000-03-03
"10",70,0.141899141090023,0.210589549345286,0.07452371131494,0.110753230038301,1.74298821281028,1.87004140571517,70,2000,0.150321341,1.61628188,NA,-9999,1.290849218,1.000081322,2000-03-10
"11",77,0.130889382884963,0.193403241805321,0.0761164124155257,0.111603893068281,1.76210703773788,1.8869407029334,77,2000,0.205401665,1.388414213,NA,-9999,1.52580706,1.000055632,2000-03-17
"12",84,0.257775738863502,0.361349215263453,0.0833037636217836,0.117097807380957,1.9070082357662,2.03538558598348,84,2000,0.265760904,1.661419063,NA,-9999,1.9765463,1.000135699,2000-03-24
"13",91,0.154860850790505,0.200545678935305,0.103422807772714,0.133917071432736,1.79203892832697,1.91543861292941,91,2000,0.314372403,1.446061264,NA,-9999,2.178893796,1.003230364,2000-03-31
"14",98,0.556318205108799,0.660753233440589,0.147200507506902,0.176430947011153,1.95462889161003,2.07595026755056,98,2000,1.170819427,1.363932958,NA,-9999,2.517030372,1.006126308,2000-04-07
"15",105,0.852645621658976,0.950809906305559,0.247985774386393,0.278535351660811,1.98010684129889,2.09821650281595,105,2000,1.4013208,1.364591354,NA,-9999,2.748606719,1.000114007,2000-04-14
"16",112,1.63539011002859,1.74848157886758,0.448802199573023,0.482012721925589,2.45110842466774,2.57639035872705,112,2000,1.722529073,1.573777319,NA,-9999,3.848124611,1.00030651,2000-04-21
"17",119,3.07129607310035,3.19417195815364,0.800994798438481,0.836958201160202,3.01137241486758,3.18682277958903,119,2000,4.071620639,1.631709582,NA,-9999,5.926141685,1.001734996,2000-04-28
"18",126,5.22080895792169,5.34100708058,1.32310056903217,1.36257303511843,3.47838604979291,3.63032273941018,126,2000,5.560846446,1.394829502,NA,-9999,5.679202156,1.019780063,2000-05-05
"19",133,7.2404958562667,7.36337930801627,1.95233481617216,2.00405481217026,4.04105650151719,4.21123081363937,133,2000,9.025321584,1.585930842,NA,-9999,5.778329763,1.001826529,2000-05-12
"20",140,8.6157739110378,8.71499464220744,2.54961718972999,2.61597105764711,4.21361945469446,4.35665113591424,140,2000,10.19902356,1.547856925,NA,-9999,5.625680646,1.00037941,2000-05-19
"21",147,9.20217931974921,9.30164787737968,3.02413335334016,3.09003979000753,4.06422741337738,4.22173439994102,147,2000,10.45389194,1.285056761,NA,-9999,3.965501673,1.000055632,2000-05-26
"22",154,11.2454247035892,11.3534786193402,3.3757596856033,3.45037427101839,4.58353459501034,4.76515086188901,154,2000,12.38894173,1.240120421,NA,-9999,4.459733338,1.000125638,2000-06-02
"23",161,12.1025962245654,12.2018187944392,3.67124833708942,3.74539079535511,5.01388795116483,5.20106723163097,161,2000,12.30020354,1.380302222,NA,-9999,6.241890331,1.006219414,2000-06-09
"24",168,13.3224267384194,13.4138061462274,3.95060353264755,4.02882210881837,5.35135485090735,5.54597912772123,168,2000,13.67236047,1.494106074,NA,-9999,5.947969201,1.003584711,2000-06-16
"25",175,12.3563651918782,12.4469703720153,4.21970233434347,4.30639671416501,5.34828428893398,5.56618719849804,175,2000,14.67410299,1.325728985,NA,-9999,7.341867297,1.003416322,2000-06-23
"26",182,12.548533267087,12.6390524536373,4.45075778162976,4.54400498212383,4.80151306175666,5.01010437527287,182,2000,13.72923804,1.195804497,NA,-9999,4.547882008,1.000065369,2000-06-30
"27",189,10.552900937008,10.6227411518241,4.64041477609511,4.73972710996074,4.65230964967196,4.80774868777361,189,2000,10.63272737,1.344683199,NA,-9999,4.855667631,1.000255425,2000-07-07
"28",196,9.75673202526448,9.82871971914186,4.75756378385106,4.86113069942054,4.23515069566542,4.38474891308891,196,2000,10.11717676,1.210981758,NA,-9999,3.801959063,1.000120066,2000-07-14
"29",203,10.6733498438097,10.7489920271641,4.81247760507462,4.91997430601515,4.47392884046641,4.64063841265903,203,2000,11.07876375,1.176040794,NA,-9999,3.231413698,1.000011313,2000-07-21
"30",210,10.7257956239566,10.7965524645484,4.82887722202494,4.93742504751756,4.6823975790983,4.84633071053986,210,2000,11.50561588,1.3437041,NA,-9999,4.504218357,1.000129543,2000-07-28
"31",217,13.0642346986836,13.1604804251401,4.80155583047838,4.90612715496828,5.29263488356604,5.48230015899096,217,2000,14.50615091,1.353213646,NA,-9999,6.238488232,1.000261995,2000-08-04
"32",224,12.2873084059933,12.3816581079872,4.75238601642908,4.85812795698695,5.15062777674323,5.34788926927944,224,2000,NA,2.116306013,NA,-9999,NA,1.147121965,2000-08-11
"33",231,12.3595968898879,12.4495549469656,4.64314304214756,4.75060556097343,5.39549958468528,5.6313485781724,231,2000,11.68157994,1.204375413,NA,-9999,6.126481493,1.019747695,2000-08-18
"34",238,11.5276817735617,11.6198183037682,4.48024224314195,4.59162450804482,4.98904282789361,5.18132824312743,238,2000,11.18875729,1.282175669,NA,-9999,5.198684197,1.001554734,2000-08-25
"35",245,10.9602689548534,11.0590115483356,4.24746059419923,4.35810176931931,4.81412351716119,4.98647080929284,245,2000,NA,2.116306013,NA,-9999,NA,1.147121965,2000-09-01
"36",252,6.7283754187972,6.80318556936464,3.94477651780748,4.05666926859406,3.66764443027843,3.79348208370103,252,2000,7.397197391,1.245846731,NA,-9999,3.417829755,1.006018843,2000-09-08
"37",259,8.43561793001359,8.52755715880052,3.53952168305423,3.64163609277779,4.36867853621964,4.58876439667657,259,2000,8.139266032,1.47899962,NA,-9999,4.333102517,1.001704665,2000-09-15
"38",266,4.52863763599829,4.59854493832121,3.11165627142789,3.20588102177713,3.13480183863617,3.27172244229705,266,2000,5.060966861,1.319782341,NA,-9999,3.414622179,1.000119162,2000-09-22
"39",273,5.91005788086061,5.99286352560273,2.61414832219122,2.69309285167065,3.58938178677964,3.76471335746756,273,2000,6.421773608,1.415379107,NA,-9999,3.624603609,1.00026189,2000-09-29
"40",280,4.1855653142011,4.26040867749308,2.14261949794939,2.20761397202904,3.18393968029708,3.36428836070219,280,2000,4.205293261,1.49850938,NA,-9999,3.62100453,1.000323537,2000-10-06
"41",287,2.43964188949132,2.49979498023875,1.68096264960758,1.73392988355625,2.55133315829168,2.6943054476545,287,2000,2.950088983,1.176040794,NA,-9999,2.762905552,1.000033938,2000-10-13
"42",294,1.80644975537322,1.86691413693115,1.25529764769156,1.3041811043155,2.5670199805251,2.74383138875739,294,2000,2.159916574,1.347792703,NA,-9999,3.415202264,1.000142689,2000-10-20
"43",301,1.49768107776633,1.57179770082092,0.901254212658343,0.950215219974236,2.48210299127589,2.66124221643895,301,2000,0.938299439,1.564313733,NA,-9999,3.603124763,1.000054057,2000-10-27
"44",308,0.626062475782911,0.667360869511219,0.627389756681533,0.670937268372474,2.18309666061999,2.34190068911334,308,2000,0.222506706,1.628241008,NA,-9999,2.989108409,1,2000-11-03
"45",315,0.472859330739883,0.514652945338391,0.419104206728279,0.456232298497883,1.98621763033676,2.12372791623994,315,2000,0.215645205,1.574373404,NA,-9999,2.371649978,1.001371132,2000-11-10
"46",322,0.266544167674742,0.297301546888313,0.274847155261832,0.306391612535383,1.96724519887828,2.10638789892096,322,2000,0.182586393,1.486121999,NA,-9999,2.502784311,1.000011313,2000-11-17
"47",329,0.157101923362324,0.177996771969539,0.178071422255805,0.202556978871222,1.89181465706137,2.02656686572007,329,2000,0.145024333,1.535389703,NA,-9999,2.003039521,1.000011313,2000-11-24
"48",336,0.0995421746472967,0.116508345284696,0.115295799022169,0.135236042934956,1.92985514707714,2.06296559675809,336,2000,0.175882959,1.577652636,NA,-9999,2.162643104,1.000108111,2000-12-01
"49",343,0.0696830438767903,0.08256388836992,0.0760333201382042,0.090831815071943,1.96814986210751,2.09770639070347,343,2000,0.179171649,1.483586108,NA,-9999,2.205063837,1.000022625,2000-12-08
"50",350,0.0321515835104667,0.0389575184921624,0.0514101894279623,0.0622316299309971,1.96804847743313,2.09239340376408,350,2000,0.167649857,1.428850361,NA,-9999,1.938668904,1,2000-12-15
"51",357,0.020069569783109,0.0247212574636446,0.0357456570713953,0.0440835436528006,1.4968406014825,1.64294179316244,357,2000,0.141473222,1.35892803,NA,-9999,2.273850843,1.000044319,2000-12-22
"52",364,0.0189853272560549,0.0235869057206813,0.0256761769519882,0.031841443137263,1.56017701387852,1.69922193654741,366,2000,0.240407611,1.40820158,NA,-9999,1.764825505,1.000022625,2000-12-29
"53",371,0.00925670210438738,0.0115686178653931,0.0181552204605615,0.0227091775171176,1.77873844065204,1.90129207074836,7,2001,0.159480611,1.538339552,NA,-9999,0.690139517,1.000022625,2001-01-05
"54",378,0.00861982865023975,0.0109538189409569,0.0141559736622135,0.0180785816462887,1.51482347162346,1.65608073570187,14,2001,0.194504616,1.337843229,NA,-9999,0.162000568,1.001498926,2001-01-12
"55",385,0.0105873415781895,0.0136966023533597,0.0115740406084578,0.015015298092776,1.4438984415222,1.59696618921838,21,2001,NA,2.116306013,NA,-9999,0.431855127,1.003474071,2001-01-19
"56",392,0.00886466759643014,0.0116698287866826,0.0097975144608604,0.012922938923779,1.73519437873195,1.86297084653859,28,2001,0.153006026,1.438934514,NA,-9999,0.944472896,1.000183593,2001-01-26
"57",399,0.00791883879352388,0.0105287627538654,0.0086067363554554,0.0114453026431095,1.52220239585179,1.66810555110456,35,2001,0.09932997,1.492705453,NA,-9999,1.073706306,1.000266787,2001-02-02
"58",406,0.0102199771647986,0.0138488550841972,0.00777348152725834,0.0105434599646406,1.90962080494672,2.03635460159224,42,2001,0.184849585,1.45566319,NA,-9999,1.608851096,1.000054057,2001-02-09
"59",413,0.0132794776468366,0.0179080960403155,0.00726099547249366,0.0097749757651404,1.79440761561086,1.91569271110073,49,2001,0.205273386,1.596538139,NA,-9999,1.700045192,1.000092634,2001-02-16
"60",420,0.00985624608431007,0.0133195468041361,0.00702564490784489,0.00950216059872065,1.54766674447674,1.6853385799649,56,2001,0.22098401,1.391090414,NA,-9999,1.251875177,1.000044319,2001-02-23
"61",427,0.0140790735721822,0.0187714703642733,0.00722995895642631,0.00960625303780609,1.54357502398744,1.68134000991465,63,2001,0.221212241,1.597762332,NA,-9999,1.23193354,1.000022625,2001-03-02
"62",434,0.0153109240137062,0.01990954489881,0.0081969011080125,0.0106438284399967,1.77246719540213,1.89654508892626,70,2001,0.364091345,1.29962148,NA,-9999,1.714881317,1.000118231,2001-03-09
"63",441,0.0164461025147182,0.0200276762863611,0.0110669681918341,0.0134690299636478,1.79926942179304,1.92004818810568,77,2001,0.382698216,1.33103136,NA,-9999,1.76450929,1.000011313,2001-03-16
"64",448,0.0388418926570105,0.0463099296159338,0.0185580258815209,0.0219221210171317,1.66899848105972,1.79572283632857,84,2001,0.212755943,1.536895817,NA,-9999,1.301325992,1.00027459,2001-03-23
"65",455,0.0927388171478496,0.108637359887139,0.0373988021636667,0.043533096962239,1.75479649290878,1.87518945622589,91,2001,0.051329697,1.514057034,NA,-9999,0.932792834,1.046629105,2001-03-30
"66",462,0.269655199842485,0.306907985392542,0.0821315755792147,0.0932532064940931,2.07824641312293,2.19854240001244,98,2001,1.12352037,1.273329564,NA,-9999,2.718934603,1.019800706,2001-04-06
"67",469,0.557694694410197,0.61136517210748,0.181229680253845,0.199035299134215,1.83553417950122,1.95586832653372,105,2001,0.969862661,1.594078182,NA,-9999,2.207672453,1.000253075,2001-04-13
"68",476,0.928156979381304,0.987972973052682,0.378232959718136,0.401453484716694,1.89341707006255,2.01835787269074,112,2001,1.200670254,1.39189119,NA,-9999,1.92106892,1.000076681,2001-04-20
"69",483,2.32595589937438,2.40962168436211,0.71979447884163,0.748528212081069,2.50475930211877,2.61505657457843,119,2001,2.143211427,1.34169944,NA,-9999,3.325822038,1.001565603,2001-04-27
"70",490,4.33093975855336,4.41974892210968,1.22453195244614,1.25624963453802,3.13846738235684,3.25519982497175,126,2001,3.050672295,1.573031932,NA,-9999,5.762817541,1.000412083,2001-05-04
"71",497,6.92220770724081,7.01226889151507,1.82852148898426,1.87311414351167,3.71158854481393,3.8298232789625,133,2001,6.706205174,1.436597618,NA,-9999,6.055354689,1.000293407,2001-05-11
"72",504,8.37298972020481,8.44699365471046,2.40480708746475,2.45655292718078,4.05912842570122,4.19194440168157,140,2001,8.504870287,1.562869783,NA,-9999,5.123512687,1.000212082,2001-05-18
"73",511,10.2029205749099,10.2809458458817,2.86369447121901,2.92076329408786,4.54997735536815,4.70935322765968,147,2001,10.10550036,1.299191788,NA,-9999,5.622216463,1.000132021,2001-05-25
"74",518,9.77364911941665,9.82747050297543,3.2194242430191,3.2775467304703,4.30896575652405,4.45999930469167,154,2001,9.780763676,1.253287312,NA,-9999,4.35471447,1.000022625,2001-06-01
"75",525,9.00299212605301,9.04704536914218,3.50463708675023,3.56264450698906,4.04648698256669,4.19436921820712,161,2001,10.20075963,1.433863572,NA,-9999,3.716277003,1.000077325,2001-06-08
"76",532,12.7355297588224,12.8158151833159,3.73750536719988,3.79582197139899,5.04602077486639,5.23969204036007,168,2001,13.43983279,1.356534493,NA,-9999,5.174504379,1.000201703,2001-06-15
"77",539,11.6224155134126,11.6773461999557,3.97121038634956,4.03464821974178,4.73365969988405,4.91781027909638,175,2001,12.13202315,1.343307451,NA,-9999,3.724805276,1.000222425,2001-06-22
"78",546,13.8416236634066,13.9053021524572,4.18267378276369,4.25509080189491,5.58036339671032,5.79459444342658,182,2001,15.30185454,1.550049475,NA,-9999,6.013019235,1.003631846,2001-06-29
"79",553,14.6048646491281,14.6763303054064,4.38285000278782,4.46468681838997,5.72117524945352,5.93687789812323,189,2001,14.73482091,1.266686399,NA,-9999,5.687283003,1.000130734,2001-07-06
"80",560,12.1601384815365,12.2244707104795,4.5524621617898,4.63663798743133,5.01019262734834,5.18752556231545,196,2001,12.14842932,1.204829157,NA,-9999,4.689847015,1.000066944,2001-07-13
"81",567,13.8290857735268,13.9148998576065,4.64936217001658,4.73491473444409,5.35567379944798,5.57054396379318,203,2001,13.65069619,1.409026905,NA,-9999,4.90165179,1.003435078,2001-07-20
"82",574,13.3889525743127,13.4637338346764,4.71305523406493,4.80066028723049,5.77932233540702,6.04645287664058,210,2001,14.4514112,1.49297099,NA,-9999,5.274679583,1.00358524,2001-07-27
"83",581,13.0812150146174,13.1554225015942,4.72287277672604,4.80895558739356,5.48083447366409,5.70669529578115,217,2001,12.75326728,1.418818394,NA,-9999,4.393259576,1.000200615,2001-08-03
"84",588,10.8784096287652,10.9318608603332,4.67772186789469,4.76680518790289,4.72634606422665,4.88777046585129,224,2001,11.24770026,1.298411048,NA,-9999,4.027613479,1.000119162,2001-08-10
"85",595,11.1179970379775,11.1886949207124,4.55447918204364,4.64683082385641,5.25205315314052,5.51629344913874,231,2001,11.10357556,1.371395773,NA,-9999,4.041104409,1.006196268,2001-08-17
"86",602,8.74649255645281,8.89418508605758,4.38255509988989,4.47826216650164,4.73870894173167,5.03048338516617,238,2001,10.59015593,1.514643806,NA,-9999,4.673020298,1.046701946,2001-08-24
"87",609,8.47428619760352,8.57924861614808,4.12547554149805,4.22502874469151,4.22720930542992,4.37121794353333,245,2001,10.15699851,1.313695663,NA,-9999,3.329025205,1.000228703,2001-08-31
"88",616,5.60914299950197,5.65844118634487,3.80830117190599,3.90529170331861,3.38498345824299,3.50124177175275,252,2001,6.944013406,1.189099156,NA,-9999,2.816872714,1.000022625,2001-09-07
"89",623,3.99087044447413,4.0415180785026,3.40646177957984,3.49665987921325,2.95280597263019,3.06455589651314,259,2001,5.648294187,1.131708997,NA,-9999,2.856412833,1.000044319,2001-09-14
"90",630,5.32916802121102,5.39634119501852,2.9464901092423,3.02831995445993,3.26704261124775,3.38855502866826,266,2001,6.677971828,1.210981758,NA,-9999,2.953688717,1.000098374,2001-09-21
"91",637,3.97377830173351,4.02945600737524,2.48820279422253,2.55264720513176,3.09812832390381,3.24893619174097,273,2001,4.759475336,1.443236054,NA,-9999,2.570542898,1.000174461,2001-09-28
"92",644,3.19738405536245,3.25716382212625,2.02079220109883,2.07364768472482,3.08087933986702,3.26910284080017,280,2001,1.979104298,1.537223681,NA,-9999,1.222445313,1.000099949,2001-10-05
"93",651,3.46047629620524,3.54365821553346,1.5755024991096,1.62433353792341,3.13128050064017,3.3275550829256,287,2001,0.825513598,1.487709279,NA,-9999,0.808499257,1.000169952,2001-10-12
"94",658,2.16928281585646,2.24062474485735,1.19039717508613,1.23499329615091,2.70365951019974,2.87343999464266,294,2001,1.529059989,1.446310303,NA,-9999,2.181340918,1.000407764,2001-10-19
"95",665,1.02790445547603,1.08003974719257,0.86073174595476,0.9049278534028,2.38719148881485,2.55615673388701,301,2001,1.668710266,1.29159193,NA,-9999,2.997887025,1.000011313,2001-10-26
"96",672,0.860117281947754,0.919277930729939,0.593513962718951,0.635920779130697,2.23795135574888,2.39138026545008,308,2001,0.803147688,1.393317878,NA,-9999,2.725221967,1.000088637,2001-11-02
"97",679,0.453219183408981,0.494060768571014,0.399530805000986,0.43605414853022,1.84825002425664,1.98076169601771,315,2001,0.523869497,1.249646417,NA,-9999,2.905308327,1.000087407,2001-11-09
"98",686,0.286404222129952,0.319865681605876,0.262045632861109,0.292587638094919,1.81215246083825,1.94814836418705,322,2001,0.264918056,1.439909438,NA,-9999,2.174851716,1.000133938,2001-11-16
"99",693,0.11637914188658,0.132555455702043,0.170212769027683,0.19410744563086,1.78647217354261,1.92421821670862,329,2001,0.052960489,1.394829502,NA,-9999,1.44401634,1.001359835,2001-11-23
"100",700,0.0369409254110357,0.0430945019154895,0.110021562900847,0.128612539448359,1.84497354220706,1.9802154851648,336,2001,0.174671648,1.232156269,NA,-9999,1.999048485,1.000054057,2001-11-30
"101",707,0.0237798778602757,0.0283073980327053,0.0718848238572917,0.0857207777369198,1.69260374166539,1.82146504681929,343,2001,0.098320249,1.638034665,NA,-9999,1.572919622,1,2001-12-07
"102",714,0.0293348302228165,0.0355690939813862,0.0480184575830575,0.0580426337159857,1.46812686594291,1.62333787923621,350,2001,0.09385127,1.389463849,NA,-9999,1.341766222,1.000141459,2001-12-14
"103",721,0.0230398576136436,0.0281909736558106,0.0334177861857708,0.0409623562455991,1.50191273616059,1.64992962743147,357,2001,0.078478134,1.361858944,NA,-9999,1.152072967,1.003472984,2001-12-21
"104",728,0.0170659031350855,0.0213185560004445,0.024099910244435,0.0299482192233476,1.54022644896851,1.6816020332517,365,2001,0.149774445,1.456178169,NA,-9999,1.38294724,1.019768969,2001-12-28
"105",735,0.017754400614373,0.0223769351576909,0.017537796129798,0.0219660308529575,1.35201604998033,1.52145427427543,7,2002,NA,2.116306013,NA,-9999,NA,1.147121965,2002-01-04
"106",742,0.012777242756292,0.0162451340001428,0.0138119178138515,0.0175484861707074,1.48675328901868,1.63894938440103,14,2002,NA,2.116306013,NA,-9999,0.601816296,1.019833549,2002-01-11
"107",749,0.00588851459474856,0.0075902927065287,0.0113268419348061,0.0146560803298548,1.57077654829964,1.70984532325323,21,2002,NA,2.116306013,NA,-9999,0.69630535,1.000087549,2002-01-18
"108",756,0.00788480033360413,0.0103267276961924,0.00954909618909242,0.0125458556411818,1.91900326218109,2.04106199664424,28,2002,0.153700837,1.517606438,NA,-9999,1.439472676,1.000011313,2002-01-25
"109",763,0.0139238884585623,0.0184615611549723,0.00836721056987124,0.0111150323879842,2.0745823479918,2.2039887966839,35,2002,0.220853986,1.578572569,NA,-9999,1.775615581,1.000054057,2002-02-01
"110",770,0.00569506438777029,0.00763870498039119,0.00763603283503546,0.0102433653051351,1.88987653121698,2.01601065996305,42,2002,0.163814936,1.58629332,NA,-9999,1.561425522,1.000011313,2002-02-08
"111",777,0.0128962250286854,0.0174824363251259,0.00708333000368529,0.00950820876131656,1.71051690854615,1.83539517306055,49,2002,0.209872652,1.5436301,NA,-9999,1.508419468,1.000121641,2002-02-15
"112",784,0.00910570763690229,0.0122712154261252,0.00685665596343698,0.0092275371392129,1.63299765540359,1.76635047711363,56,2002,0.176760595,1.348482464,NA,-9999,1.059421961,1,2002-02-22
"113",791,0.0119489720260771,0.0159445067163202,0.00703136180414862,0.00936627253050352,1.75242394165077,1.88030946638344,63,2002,0.200157711,1.664836036,NA,-9999,1.260766306,1.000158641,2002-03-01
"114",798,0.0209143140281239,0.0272209581764142,0.00795639841815894,0.010382957339602,1.85838312893196,1.97742780076878,70,2002,0.249651456,1.575207953,NA,-9999,1.533565244,1.000109686,2002-03-08
"115",805,0.0250317045205576,0.0302428088405235,0.0108535819676852,0.0131201223115987,1.84826177793034,1.96960203492316,77,2002,0.34316643,1.402548194,NA,-9999,1.548886902,1.000454138,2002-03-15
"116",812,0.0321227675556419,0.0380494311798692,0.0182564508253292,0.0215707084076038,1.77238919609504,1.89458268975919,84,2002,0.351276863,1.602804206,NA,-9999,1.712149015,1.000313025,2002-03-22
"117",819,0.13953578361761,0.163067272803987,0.0366544585901037,0.0425277308838534,1.89242428595974,2.01138473668816,91,2002,0.911301343,1.593212532,NA,-9999,2.239078779,1.000483155,2002-03-29
"118",826,0.34731178816916,0.396775527269364,0.0808767001261644,0.0919011509851111,1.87530529015162,1.99353800752608,98,2002,1.181212617,1.65027874,NA,-9999,2.147004289,1.000245689,2002-04-05
"119",833,0.437456907672209,0.482101141054259,0.178584667768842,0.196754838225631,1.8720074552962,1.99472343889754,105,2002,0.925779809,1.427763974,NA,-9999,2.104124824,1.000098374,2002-04-12
"120",840,1.21761009549651,1.29015712253509,0.370597200947835,0.393322066162621,2.2124297000899,2.32488717323581,112,2002,1.798970096,1.530836482,NA,-9999,3.245849179,1.000379218,2002-04-19
"121",847,2.05294943290754,2.12022336932282,0.707524873452614,0.734226704596367,2.47391536824654,2.58920642988586,119,2002,1.889743772,1.62416027,NA,-9999,3.661630875,1.001672028,2002-04-26
"122",854,2.61006814623532,2.65969376110975,1.20050904988204,1.22878908835414,2.57361718483353,2.67739074725763,126,2002,2.936611724,1.285056761,NA,-9999,4.438986182,1.000076681,2002-05-03
"123",861,5.99015233382042,6.06138848892307,1.77076604233126,1.81035386389627,3.60940273780489,3.73565319787716,133,2002,6.800601405,1.422836585,NA,-9999,7.410191057,1.000323582,2002-05-10
"124",868,8.26797439502315,8.34388322818863,2.31040502300712,2.36635652927761,4.13303423332862,4.27385545992522,140,2002,9.230493394,1.252510883,NA,-9999,7.422497037,1.000158641,2002-05-17
"125",875,8.69198715115209,8.75737228457399,2.74384074569234,2.80357142548012,4.18778970318121,4.33077707557843,147,2002,9.572327273,1.487895349,NA,-9999,5.810818886,1.000260065,2002-05-24
"126",882,11.8305298704514,11.9069586144916,3.07038961104849,3.1320581439755,4.82738758469123,5.0096980755692,154,2002,11.76980544,1.582938859,NA,-9999,6.055976533,1.000439882,2002-05-31
"127",889,8.87230558664736,8.93145139723046,3.36311519812529,3.42392287907332,4.35027724434101,4.49968532180848,161,2002,10.55804703,1.187186221,NA,-9999,6.810082392,1.001469372,2002-06-07
"128",896,10.4744011378289,10.55470800126,3.60776534454199,3.67166147449974,4.75967406357803,4.93184162385193,168,2002,12.86571265,1.590780655,NA,-9999,4.628084689,1.00165448,2002-06-14
"129",903,11.5021363530479,11.5512726998438,3.82297330617252,3.88668411724633,5.17052156160067,5.37595431077563,175,2002,13.5863658,1.383537121,NA,-9999,5.308080765,1.019891106,2002-06-21
"130",910,13.772591483519,13.8364656897897,4.02156632221324,4.08713412593341,5.3530381328773,5.56623851343526,182,2002,13.92698506,1.172989602,NA,-9999,4.216905246,1.001469716,2002-06-28
"131",917,11.9898349662869,12.0440437385077,4.21783767980829,4.2853800520579,5.01588417775809,5.19115080900847,189,2002,13.04151704,1.14527294,NA,-9999,4.675408144,1.000066013,2002-07-05
"132",924,11.9117990159951,11.9594633198417,4.35848775418782,4.43167151469967,5.14150401973858,5.34490785519588,196,2002,13.40923427,1.454406511,6.43,1.3,5.442975149,1.000351946,2002-07-12
"133",931,9.3799727708737,9.42235335735088,4.44950926235551,4.52769479258584,4.38197359414723,4.52752855991678,203,2002,9.017389248,1.28205658,NA,-9999,3.73588777,1.001474006,2002-07-19
"134",938,11.8803903813172,11.939686057481,4.46502604451973,4.5443961704333,5.11048835208681,5.30152149443389,210,2002,11.76457734,1.426468356,3.14,2.37,4.548152458,1.000279599,2002-07-26
"135",945,12.0035010961407,12.0539336556234,4.46112065461317,4.5444327847182,5.3402258088207,5.56049824922104,217,2002,13.05059777,1.339861036,5.7,1.45,4.623361934,1.006269537,2002-08-02
"136",952,8.75526709154235,8.79952861579633,4.41332589469631,4.49648907949024,4.36950399875215,4.52365355358351,224,2002,13.11984194,1.433960598,0.6,0.25,3.394246805,1.001884612,2002-08-09
"137",959,11.9536012726589,12.0053622972988,4.28103598212848,4.37214583074187,5.33087311304637,5.54565181110037,231,2002,12.69383936,1.486018082,5,1.01,5.101262841,1.001716705,2002-08-16
"138",966,11.2504590253525,11.3084818023076,4.1383896111233,4.23417651080507,5.16229457601488,5.37243379269087,238,2002,13.61589842,1.456162858,5.43,1.1,6.470199794,1.001665219,2002-08-23
"139",973,10.4170367356404,10.48958557624,3.93198531828174,4.02702911850866,4.90922456183774,5.1099528923223,245,2002,12.63322774,1.692249025,3.7,1.93,4.977532602,1.00054601,2002-08-30
"140",980,10.4088731491036,10.4906045953901,3.65714081876679,3.74852131401637,4.82433680370421,5.00539220180168,252,2002,12.23541412,1.484184926,3.11,2.21,3.646347289,1.006295256,2002-09-06
"141",987,7.32259806360608,7.39844796968588,3.32675704151581,3.41096061120839,3.89752668930275,4.02801123599195,259,2002,8.821919874,1.490579591,4.73,0.97,2.96972911,1.000380503,2002-09-13
"142",994,4.40691939012874,4.46606378271452,2.91651078001386,2.99728519504086,3.13549082190982,3.26164150484022,266,2002,6.772053602,1.299519813,4.5,1.08,2.940151528,1.000114326,2002-09-20
"143",1001,5.14327379637309,5.20393818617173,2.45370148191855,2.51574576192767,3.17648517884669,3.29547121304812,273,2002,6.00897455,1.404357349,4.46,0.92,2.710088195,1.000269481,2002-09-27
"144",1008,3.44140001219198,3.50063448586307,2.0073504238207,2.05780766615133,2.90242238075168,3.03943676135606,280,2002,4.90393103,1.197349736,4.41,0.91,2.663096928,1.000056563,2002-10-04
"145",1015,2.09640691676108,2.14193471167648,1.56845191742642,1.61485945522223,2.26986318894536,2.39439172232295,287,2002,3.04381726,1.442279386,NA,-9999,1.895537262,1.000136018,2002-10-11
"146",1022,1.42781466863169,1.47748200927529,1.16849633330495,1.21164131081434,2.31656930230649,2.4554122727005,294,2002,1.944689134,1.35062735,1.74,0.66,2.331324641,1.000099305,2002-10-18
"147",1029,0.865719942420221,0.904811384699729,0.836960518786499,0.880491592775335,2.27872731478612,2.4330342077558,301,2002,0.765556495,1.43454185,NA,-9999,2.807038301,1.000087062,2002-10-25
"148",1036,0.505007643926871,0.538386687500929,0.575000146488983,0.615527411989269,2.02191482326987,2.14965757470038,308,2002,0.233808092,1.591603778,0.66,0.25,2.388836392,1.000088637,2002-11-01
"149",1043,0.513036849969872,0.558721474900055,0.383680404978095,0.419290931554811,1.8504375564822,1.98841914161814,315,2002,0.140820852,1.500480362,NA,-9999,1.696570925,1.000178114,2002-11-08
"150",1050,0.242589195645355,0.271474700942061,0.252354860683055,0.282721160056664,2.08818007095958,2.23675761494733,322,2002,0.172042902,1.585096597,0.5,0.25,2.611185211,1.000054057,2002-11-15
"151",1057,0.115621693777009,0.131630907310379,0.163814700434009,0.186902660488571,1.89554570321827,2.03082568373347,329,2002,0.103520944,1.403587261,NA,-9999,2.546673995,1.001568299,2002-11-22
"152",1064,0.0468974289857151,0.0547252016487923,0.105748336416901,0.123388199960692,1.94235403068466,2.07395955814148,336,2002,0.136195969,1.515888662,NA,-9999,2.396488889,1.000022625,2002-11-29
"153",1071,0.0217856813628519,0.0260131543159771,0.0693138158992541,0.0828768272024635,1.5242423899107,1.67193623086819,343,2002,0.177503646,1.454053364,NA,-9999,1.149925823,1.001547812,2002-12-06
"154",1078,0.0188257994888635,0.0227754415297312,0.046304431914789,0.0560141359162274,1.38350733372208,1.55188046561589,350,2002,NA,2.116306013,NA,-9999,0.43525109,1.001554818,2002-12-13
"155",1085,0.018375237412827,0.0225665228898722,0.0320624966985763,0.039384573305049,1.59904241939112,1.7335724111576,357,2002,0.067101347,1.15122048,NA,-9999,0.82300402,1.000164868,2002-12-20
"156",1092,0.0136146017916836,0.0169950257811182,0.0230610557844994,0.0287403099031673,1.75431980608129,1.8796192436143,365,2002,0.139929194,1.426622928,NA,-9999,1.492449067,1.000120411,2002-12-27
"157",1099,0.0136865420674409,0.0172232342470294,0.0167378880540826,0.0210349930135494,1.57095135079466,1.71472884350106,7,2003,0.1008798,1.454717599,NA,-9999,1.54063177,1.000119423,2003-01-03
"158",1106,0.00841297433467312,0.0109548794673827,0.0131722677874729,0.0166975123822453,1.33114044375888,1.50224404598266,14,2003,0.192883166,1.273329564,NA,-9999,1.216370622,1.000088692,2003-01-10
"159",1113,0.00949752725449495,0.0122565255618827,0.0107426943238846,0.0138990117484468,1.72765549148384,1.85114310243255,21,2003,0.136375568,1.523407038,NA,-9999,1.375527378,1.000011313,2003-01-17
"160",1120,0.00784492621011673,0.0102485920890351,0.00912355323996207,0.0119573044570685,1.72512079668871,1.85142143589498,28,2003,0.108673874,1.585680598,NA,-9999,1.173660069,1,2003-01-24
"161",1127,0.00858946949936845,0.0114049887263353,0.00799315106211758,0.0106490992081614,1.50443646236615,1.6597146548477,35,2003,0.122026782,1.390704587,NA,-9999,0.923403086,1.000107851,2003-01-31
"162",1134,0.00787796249747287,0.0105437038818964,0.00724289662787223,0.00966859981730419,1.4812166459437,1.63897723712514,42,2003,0.109689628,1.50305369,NA,-9999,1.132698319,1.000124387,2003-02-07
"163",1141,0.00911655243508759,0.0123995697960652,0.00674641116661065,0.00907137813031231,1.33689969885355,1.50147495256269,49,2003,0.11261141,1.504318668,0.3,0.25,0.91303102,1.000152913,2003-02-14
"164",1148,0.0131457471607767,0.0177937412265697,0.00651141544147653,0.00875205617257634,1.50581763741594,1.65492804903226,56,2003,0.234573719,1.136872097,NA,-9999,1.312574399,1.000311442,2003-02-21
"165",1155,0.0125634770412054,0.0167009645837985,0.00674087616127381,0.00896262350287844,1.86472170565357,1.98720333843893,63,2003,0.178926655,1.464631526,0.53,0.25,1.594870912,1.000284754,2003-02-28
"166",1162,0.0150569511799392,0.0195562363408459,0.00767538625184802,0.0100003834930105,1.90312726161437,2.027801073095,70,2003,0.246125055,1.566066464,0.42,0.25,1.683924466,1.000221234,2003-03-07
"167",1169,0.0298387869447479,0.0358409402029829,0.0104969800905044,0.0126085100781753,1.73338807524452,1.86066562816843,77,2003,0.205938553,1.554609959,0.5,0.25,1.623072382,1.000141115,2003-03-14
"168",1176,0.0674561314038112,0.0806685000201083,0.0179277866191416,0.0211776814172413,1.86834415111051,1.99032198502647,84,2003,0.275752354,1.515888662,0.53,0.25,1.918273388,1.000320014,2003-03-21
"169",1183,0.149842098425045,0.173667560848603,0.0366588602233563,0.0426190378407368,2.09246462570536,2.21684979852676,91,2003,0.494832268,1.546327455,0.68,0.25,2.307306213,1.000462302,2003-03-28
"170",1190,0.257846835134502,0.294324346694924,0.0807345355512644,0.092025527523132,1.70260571944867,1.83821139070262,98,2003,0.450868723,1.539093334,0.9,0.25,1.498559488,1.000206214,2003-04-04
"171",1197,0.785238679376834,0.861419051732275,0.176979773928475,0.195092524977419,2.01779868756911,2.13451352099216,105,2003,0.897306655,1.687509158,0.9,0.25,1.945577607,1.000238375,2003-04-11
"172",1204,1.59749222352245,1.69475267697649,0.372101050715069,0.394526802254082,2.41827317074105,2.54324047079851,112,2003,1.815948379,1.460258219,0.99,0.25,2.926965752,1.000092634,2003-04-18
"173",1211,2.48084237122577,2.57089866299291,0.712002603660883,0.739367502513191,2.84729792301536,2.99545316298086,119,2003,2.869937833,1.433332121,0.96,0.25,4.254857565,1.000132361,2003-04-25
"174",1218,4.03059918769138,4.12111781275133,1.20964923910768,1.23933388700617,3.2499211306589,3.40494313479005,126,2003,4.881356509,1.317298264,1.69,0.36,5.121213261,1.000154487,2003-05-02
"175",1225,6.43786170642412,6.51043787626501,1.80065158249566,1.84153736462595,3.6721182168692,3.79046493568351,133,2003,7.183907332,1.468939342,3.59,0.83,4.945506266,1.003493535,2003-05-09
"176",1232,7.75385411186137,7.84279214484547,2.3595900014634,2.41364164500862,3.7829349858588,3.92145673356239,140,2003,7.917893663,1.306931755,4.92,1.01,4.503960214,1.000120118,2003-05-16
"177",1239,8.5022719872223,8.58752593586586,2.79835459842262,2.85601704010297,4.16007943923694,4.29812946290784,147,2003,10.33567085,1.24999244,4.68,0.95,5.138702949,1.00015563,2003-05-23
"178",1246,10.4087618704262,10.4721373601505,3.12412105396162,3.18534155550466,4.93102451019807,5.12054883923379,154,2003,13.14086794,1.486271218,4.85,1.01,5.832676483,1.006314853,2003-05-30
"179",1253,11.3607083471422,11.4333960373276,3.39651795817471,3.45761620951983,5.25418718754948,5.50100390179956,161,2003,12.79242018,1.386594567,4.5,0.91,6.159942282,1.006283137,2003-06-06
"180",1260,13.2530822385028,13.3277591685113,3.65509660645382,3.71620928710012,5.48556339219287,5.69642892586172,168,2003,15.18242157,1.438801094,NA,-9999,5.568420459,1.003535591,2003-06-13
"181",1267,13.5760019670895,13.6393412548602,3.916876499549,3.98405679407553,5.46514532295911,5.66181023586977,175,2003,13.93566609,1.234113099,NA,-9999,4.530425426,1.000122572,2003-06-20
"182",1274,14.1206494835949,14.1876794427849,4.16564999442864,4.23729547976169,5.59665608572718,5.80223575404023,182,2003,14.51498895,1.418318892,NA,-9999,4.967701725,1.000142689,2003-06-27
"183",1281,11.6274999851604,11.6815733817667,4.38431686024963,4.45943309926732,4.912382573495,5.08183070473427,189,2003,13.10571464,1.419111281,3.46,0.98,4.411691805,1.000109738,2003-07-04
"184",1288,14.8742002532448,14.9552975679043,4.52629720623005,4.60997068210705,5.80180784492059,6.01733557334612,196,2003,14.11211126,1.389234047,2.1,0.42,4.519439966,1.003470396,2003-07-11
"185",1295,12.8995411733932,12.9673220310332,4.65363556031837,4.7445584156618,5.71264635645221,5.97984881220131,203,2003,11.12238541,1.542399268,4.57,0.93,4.86512903,1.000393511,2003-07-18
"186",1302,12.3233308121268,12.3870585173244,4.70556858584103,4.79789130854685,5.35796369016545,5.57957224587699,210,2003,11.17419128,1.492387263,5.4,1.29,5.618903997,1.000371792,2003-07-25
"187",1309,10.3763661260319,10.4540035630865,4.70119649574081,4.792927662833,5.30976890157473,5.64703267107261,217,2003,11.92484338,1.51910041,1.5,0.3,5.034830127,1.046703038,2003-08-01
"188",1316,5.34381008146237,5.63169323839968,4.62633885700596,4.71615648376443,4.35045134401781,4.81152922091134,224,2003,4.415141906,1.478388609,6,1.24,3.918547072,1.006281568,2003-08-08
"189",1323,5.38431024283984,5.54897749724576,4.44379526188383,4.53463943711071,3.91328467107231,4.17002926782821,231,2003,5.460640154,1.53030479,6,1.2,3.423230078,1.001725703,2003-08-15
"190",1330,5.63914405180255,5.80939000933395,4.21129210929771,4.30582556614799,3.85765836367187,4.07175836319595,238,2003,5.325268254,1.380752053,4.98,1.25,2.788480353,1.000152165,2003-08-22
"191",1337,6.92294654172867,7.05620784313964,3.93150426597741,4.02604469292112,3.82526501854978,3.95323907659302,245,2003,5.792038107,1.369221924,3.11,1.43,3.145929626,1.000157997,2003-08-29
"192",1344,8.78388065806135,8.86232302805176,3.615153092112,3.70851464558756,4.34258869859573,4.48844557970762,252,2003,7.467155757,1.60584614,4.97,1,3.209917253,1.001828584,2003-09-05
"193",1351,7.6039582388982,7.68730390591462,3.27288712463455,3.36253169742799,4.00607532080569,4.14012194993438,259,2003,7.408688886,1.291165846,NA,-9999,2.847567047,1.001496627,2003-09-12
"194",1358,7.64744861325153,7.73929357063713,2.87577771362074,2.95552270510859,4.47848641962403,4.76339466936716,266,2003,6.185606196,1.312207127,4.83,1.03,3.543314551,1.000142689,2003-09-19
"195",1365,5.09421032929055,5.1599383764479,2.45614911579043,2.52145097355273,3.28034837354689,3.40099687762775,273,2003,6.067316787,1.247688025,4.53,0.94,3.182422152,1.000175091,2003-09-26
"196",1372,2.81199817508349,2.86294770405279,2.00941633101304,2.06076477089321,2.7046227643904,2.82979346990117,280,2003,4.460674976,1.217578807,4.3,0.87,2.588143838,1.000065369,2003-10-03
"197",1379,2.84900397078634,2.91630034883743,1.56332140195066,1.61000715864339,2.64866081829302,2.76687243890431,287,2003,3.759938343,1.260434844,NA,-9999,1.930106946,1.000033007,2003-10-10
"198",1386,2.16960838963836,2.247923681526,1.17400497377715,1.21851092634033,2.27420998103182,2.39861690217013,294,2003,2.166605628,1.261576985,4.08,1.04,1.723133452,1.000087993,2003-10-17
"199",1393,1.07301901914546,1.12650211934258,0.849018542162275,0.893859145558769,1.95031605481995,2.08459232123636,301,2003,0.562556896,1.577876102,3.36,1.03,1.584033608,1.000210166,2003-10-24
"200",1400,0.540851138172344,0.577524505690349,0.585778835042523,0.627550286595026,2.11485737325984,2.25435505473474,308,2003,0.367419552,1.570916964,3.36,1.3,2.112713687,1.000065369,2003-10-31
"201",1407,0.486755178713631,0.531105808568816,0.390910037204794,0.427364738500999,1.96458660149243,2.09490975136227,315,2003,0.226288162,1.597510393,0.86,0.25,2.159535552,1.000263994,2003-11-07
"202",1414,0.23325143617832,0.260281190034133,0.256570346650347,0.286894820713859,1.88461384345105,2.01807250462507,322,2003,0.231876644,1.524228079,0.92,0.25,2.164046861,1.001477906,2003-11-14
"203",1421,0.131817672999126,0.150335835544584,0.166470226522743,0.189918272058662,2.1784658793444,2.3261149250993,329,2003,0.125285568,1.437429601,NA,-9999,2.864445767,1.000011313,2003-11-21
"204",1428,0.0766784470779039,0.0894402034034874,0.107742080770348,0.125635891885192,1.87683958088295,2.00984245454352,336,2003,0.244685131,1.330735972,NA,-9999,2.559886292,1.000087114,2003-11-28
"205",1435,0.0633515792943931,0.0755812190638347,0.070861115379424,0.0844386096715322,1.74329178027883,1.87020917165706,343,2003,0.142895626,1.503275692,NA,-9999,1.853137905,1.000145435,2003-12-05
"206",1442,0.0450192227557831,0.0545678742662253,0.0478032170991022,0.0578180357298997,1.77828118378676,1.90424492053427,350,2003,0.190809784,1.531036616,NA,-9999,1.678390891,1.000022625,2003-12-12
"207",1449,0.0354635864612134,0.0433981776969599,0.0334449232141134,0.0410905417607619,1.69706756619555,1.82361828391565,357,2003,0.139260572,1.569334734,NA,-9999,1.839741799,1,2003-12-19
"208",1456,0.022885555009875,0.0285735155733166,0.0242643412894996,0.0302288511370279,1.70244421959439,1.83067329582881,365,2003,0.173800528,1.440526413,NA,-9999,1.762850998,1.000065369,2003-12-26
"209",1463,0.011802918591436,0.0148603970996834,0.0177171576454051,0.0222554071138031,1.51673527075863,1.67309358102983,7,2004,0.149262615,1.38199756,NA,-9999,1.087072196,1.000098426,2004-01-02
"210",1470,0.00732364351708314,0.00928984661316692,0.0139055599215103,0.0176500701416434,1.80601417417051,1.93644117768418,14,2004,0.116975746,1.45937727,NA,-9999,1.230458147,1.000102695,2004-01-09
"211",1477,0.00833177519685337,0.0107467089072323,0.0113293969690821,0.0146501564683522,1.63350371053483,1.77158442346484,21,2004,0.160276699,1.284905968,NA,-9999,1.236834061,1.000055632,2004-01-16
"212",1484,0.0101682564741129,0.0132994480594754,0.00957850459177471,0.0126019485658617,1.5091925348055,1.66613145898125,28,2004,0.147430588,1.413944538,NA,-9999,1.556237964,1.000168429,2004-01-23
"213",1491,0.00633506239018312,0.00841144005100876,0.00843057263130189,0.0111968271979024,1.88138185660547,2.00068666184257,35,2004,0.09452886,1.571521903,NA,-9999,1.322320022,1.000022625,2004-01-30
"214",1498,0.00680043213120642,0.00909236837875272,0.0075946432694556,0.0101720024006028,1.83846834359688,1.9673697937504,42,2004,0.158051325,1.578833497,NA,-9999,1.56063243,1.000022625,2004-02-06
"215",1505,0.00898829636837193,0.0121510387958555,0.00705373585959925,0.00949240090115905,1.70836440674188,1.84077515826746,49,2004,0.18762804,1.426379592,NA,-9999,1.580298995,1.000033938,2004-02-13
"216",1512,0.0100576113998586,0.0135382683356155,0.00678115551598449,0.0091338639780899,1.55323969079185,1.69956075069084,56,2004,0.177629751,1.443624858,0.5,0.25,1.225737169,1.000022625,2004-02-20
"217",1519,0.0126841079133274,0.0168957829567833,0.00693084838796893,0.00925050892993437,1.57003075746669,1.71375857588506,63,2004,NA,2.116306013,0.51,0.25,0.959756127,1.000197083,2004-02-27
"218",1526,0.0159425141506168,0.0208055330886416,0.007789101680916,0.0101848527631824,1.55103574427787,1.69618259997344,70,2004,0.186755789,1.493686902,0.4,0.25,0.995236363,1.000223093,2004-03-05
"219",1533,0.0251206828769181,0.0304077748083924,0.0104567510673487,0.0126478057370836,1.95870737213439,2.09145117507041,77,2004,0.335566134,1.440861641,0.52,0.25,1.61447762,1.000183593,2004-03-12
"220",1540,0.0422529947482314,0.0498375275997968,0.0173941149999886,0.0204509161417986,2.00327739660144,2.13011734490408,84,2004,0.341906127,1.451708181,0.4,0.25,2.080334487,1.000109686,2004-03-19
"221",1547,0.113198400204403,0.131971684331668,0.0347608279063243,0.0402094508295789,1.78416259956302,1.91308974798296,91,2004,0.322802366,1.433337674,0.5,0.25,2.249190801,1.000454487,2004-03-26
"222",1554,0.209901296298202,0.239479595279285,0.0760123844478864,0.0860967035173122,2.00174903002929,2.13404374573195,98,2004,0.505627455,1.684955256,0.83,0.25,2.359104474,1.000087062,2004-04-02
"223",1561,0.51505561834837,0.563531497209725,0.165995011200837,0.182435912818521,1.96201027780266,2.08606907650453,105,2004,0.881140937,1.605923915,0.7,0.25,2.407083877,1.000377634,2004-04-09
"224",1568,1.38189050907827,1.46095440002892,0.347063552881697,0.368165272743752,2.49846759237057,2.64083334495648,112,2004,1.667886107,1.518869952,1.06,0.25,4.351533078,1.003556224,2004-04-16
"225",1575,2.82582392721739,2.9249360430454,0.664757692291348,0.690415576172423,2.79075488109784,2.91173984874027,119,2004,3.289895009,1.432934878,0.83,0.25,4.085216385,1.001489202,2004-04-23
"226",1582,4.41053148911427,4.49593245286188,1.13815596808011,1.16891454847817,3.22719516269637,3.35700221478388,126,2004,5.435976018,1.301133454,1.6,0.32,5.623651855,1.000022625,2004-04-30
"227",1589,4.39894731460225,4.47819686320777,1.70173399115833,1.7444649021835,2.96874767250476,3.09002023117912,133,2004,5.382791407,1.052602317,1.84,0.42,4.560339278,1.000022625,2004-05-07
"228",1596,7.96158696106819,8.04704026611652,2.21402855292728,2.27398062991802,3.95597736486798,4.08705383395352,140,2004,7.236353562,1.39522131,4.94,1,4.877209337,1.000194904,2004-05-14
"229",1603,8.46579344357407,8.55164221741664,2.62401454165159,2.68579259079407,3.85740412436819,4.01460831679539,147,2004,7.113774401,1.337025083,5.5,1.16,3.976200606,1.000168377,2004-05-21
"230",1610,10.3338341990362,10.4519020137837,2.93496337833705,2.99862679602679,4.49583050107809,4.66190091069982,154,2004,10.72804695,1.459126019,3.5,0.71,5.215125021,1.006234927,2004-05-28
"231",1617,10.9622423714556,11.0270243614971,3.20517429911275,3.26798624507553,4.87837093686945,5.05323968816694,161,2004,11.97808955,1.472066138,6.7,1.34,7.084724767,1.001642231,2004-06-04
"232",1624,11.7693459126946,11.8461147354485,3.45854525041614,3.52607646560731,4.97720772248932,5.15474158526076,168,2004,13.48794664,1.409320086,6.8,1.36,5.471686103,1.000092634,2004-06-11
"233",1631,11.8541005172398,11.9063451841208,3.70279612188728,3.76893340051839,4.85440787381121,5.03694239380062,175,2004,11.66817775,1.204829157,5.4,1.08,4.336350682,1.000088637,2004-06-18
"234",1638,13.6298404475903,13.7235272057771,3.92042852028348,3.98817923563798,5.34923421856556,5.55801810605361,182,2004,12.37350474,1.313870786,3,0.61,4.226127228,1.001542664,2004-06-25
"235",1645,13.2441141405942,13.3069017264806,4.12542695695523,4.19646420864558,5.21521101482237,5.42234349320735,189,2004,11.44215192,1.117110034,3.88,1.2,4.246847831,1.000011313,2004-07-02
"236",1652,8.80372770770762,8.84693032565336,4.28740964175797,4.36518414815848,4.1708096366544,4.30088934083792,196,2004,8.807122559,1.314450231,4.4,0.89,3.909477012,1.00007001,2004-07-09
"237",1659,12.5792453668987,12.6409679707748,4.34645844342684,4.42824831137576,5.41663354158204,5.64252855989749,203,2004,12.93116882,1.429845763,6.7,1.34,5.296852777,1.000143333,2004-07-16
"238",1666,12.2020093083626,12.2658418817264,4.40026846946664,4.48443697177937,5.17054439179724,5.34824612004342,210,2004,11.15549108,1.348474369,2.6,0.54,5.663650291,1.001623527,2004-07-23
"239",1673,13.2064485815649,13.2705167839088,4.40315298732738,4.49012589796467,5.7195538893294,5.96563941224094,217,2004,11.12063782,1.383537121,4.7,1.02,5.860203618,1.019891106,2004-07-30
"240",1680,12.925599837545,12.9927176604674,4.37082430012445,4.46524943298337,5.72551973561458,5.9840781762701,224,2004,13.19032003,1.337843229,5.23,1.07,5.657250525,1.010750828,2004-08-06
"241",1687,10.7679054431619,10.8299526682684,4.29083842295787,4.39131896198953,5.00852148800713,5.20094482771825,231,2004,9.930192433,1.069430951,4.56,0.92,4.93949579,1.00004525,2004-08-13
"242",1694,9.79783707332486,9.85938110967516,4.13445066331131,4.23444457937128,4.63744284441991,4.79321584877131,238,2004,9.580355773,1.232156269,2.1,0.45,4.084773335,1.000033938,2004-08-20
"243",1701,7.81569902395198,7.87738019287382,3.90786702375838,4.0085215264027,4.07610086072978,4.20126743056496,245,2004,8.416311789,1.239563552,4.83,1,3.782775093,1.000111316,2004-08-27
"244",1708,11.2159960721508,11.2964299051749,3.60551483235223,3.70332575882715,5.15491773301022,5.36758768626941,252,2004,9.222024957,1.535560398,4.48,0.93,3.632740586,1.00037397,2004-09-03
"245",1715,8.44484775311356,8.53246070371375,3.29352584378693,3.38464137319771,4.29418688577778,4.44396536016877,259,2004,7.006775531,1.37902561,4.52,0.92,2.850676868,1.000164432,2004-09-10
"246",1722,6.48847972046654,6.56519570291129,2.90263926824477,2.98377043727837,3.71358262253316,3.84465538841321,266,2004,6.614497328,1.117110034,4.21,1.52,2.706909733,1.000022625,2004-09-17
"247",1729,2.4354839371995,2.47778806733032,2.46555485657339,2.53401647894834,2.69733917585495,2.83043283052186,273,2004,3.485899239,1.114947873,2.66,0.77,2.812242472,1.000022625,2004-09-24
"248",1736,4.16955840899103,4.23907545719205,1.98476489401935,2.03809132351801,3.2862976480519,3.45295383313301,280,2004,4.600280387,1.288803793,1.4,0.3,2.940346588,1.00004525,2004-10-01
"249",1743,3.22968008359648,3.30478019049536,1.55967204734531,1.60652994337808,2.71517385056279,2.83590264022678,287,2004,2.934376451,1.176040794,1.79,0.37,2.399813326,1.000109686,2004-10-08
"250",1750,1.43502622035762,1.48334559004191,1.17510160677882,1.21942186555941,2.36001754198628,2.50427884927853,294,2004,1.782125778,1.189099156,3.36,1.24,2.251607423,1.000065369,2004-10-15
"251",1757,1.60901000667751,1.68907463039462,0.841177668001117,0.886221834580513,2.67112874400494,2.84389211369487,301,2004,0.66096528,1.417282006,0.9,0.25,2.765464043,1.000055632,2004-10-22
"252",1764,0.543693140685447,0.580186526571765,0.587132846773342,0.629548717868709,2.28889054040931,2.4422503308512,308,2004,0.290587577,1.482778201,0.34,0.25,3.217993196,1.000022625,2004-10-29
"253",1771,0.348161140158888,0.380909942726399,0.391456021400719,0.429491576876906,1.94829414927387,2.0815981638048,315,2004,0.281402426,1.371059993,NA,-9999,2.686925366,1.000011313,2004-11-05
"254",1778,0.168074277367476,0.187949813960149,0.256001799101575,0.286882569810995,1.83654202200775,1.97195080953424,322,2004,0.090285989,1.685293096,0.4,0.25,1.83105092,1.000055632,2004-11-12
"255",1785,0.147080864578801,0.167332729161785,0.165075365366617,0.188734889912686,1.82091264241783,1.95508841135672,329,2004,0.154195157,1.437456985,NA,-9999,1.717935179,1.000011313,2004-11-19
"256",1792,0.0689092809050709,0.0806572602040497,0.107105003619123,0.125315001514987,1.81879685172423,1.94973514157419,336,2004,0.139916718,1.229139089,NA,-9999,1.888569265,1.000011313,2004-11-26
"257",1799,0.0350912232503486,0.0422437262082909,0.0704221102822301,0.0841957022186968,1.72458484570076,1.85429418419568,343,2004,0.225344447,1.421280071,NA,-9999,2.072858089,1.000230278,2004-12-03
"258",1806,0.0394874642732252,0.0479978492092339,0.0471174627872445,0.0570919012319178,1.60006643302998,1.74989299588103,350,2004,0.252664966,1.606401987,NA,-9999,3.712084174,1.000077325,2004-12-10
"259",1813,0.0316906978296891,0.0390985837847377,0.0328852851651065,0.0405255448898488,1.61912261851252,1.76429512996729,357,2004,0.499935692,1.353714103,NA,-9999,2.791773031,1.000022625,2004-12-17
"260",1820,0.00937363846291759,0.0117220542765471,0.0238374904378648,0.0296287373922595,1.73209879428354,1.8608320313369,366,2004,0.117166768,1.582242405,NA,-9999,1.236508957,1.000054057,2004-12-24
"261",1827,0.00622690793776809,0.0078089022879392,0.0166832604919872,0.0209256164770164,1.85177942368481,1.98002373098859,7,2005,0.115634505,1.368470272,NA,-9999,1.307549304,1,2004-12-31
"262",1834,0.00901160471980224,0.01145690890663,0.0130039092915256,0.0164993029682435,1.89024098253995,2.01689123107813,14,2005,0.143445768,1.330916643,NA,-9999,1.513473886,1.00004525,2005-01-07
"263",1841,0.0103938198026636,0.013468590372234,0.0106131876441286,0.0138066826983897,1.7215669258688,1.85862882203156,21,2005,0.173584425,1.413196834,NA,-9999,1.480241283,1.000033938,2005-01-14
"264",1848,0.0100869514748549,0.0132406456359031,0.00902689454334083,0.0118988010017624,1.50895535557506,1.67021541493478,28,2005,0.13165359,1.550738048,NA,-9999,1.159415782,1.000044319,2005-01-21
"265",1855,0.00951639323520775,0.012699886070075,0.00793538764210364,0.0106230392960241,1.61069109419662,1.75716854163955,35,2005,0.161924057,1.471111881,NA,-9999,1.125409928,1.000166542,2005-01-28
"266",1862,0.012789255588944,0.0173386752675556,0.00720249759855049,0.00972485149713868,1.57336666311153,1.72308000567156,42,2005,0.181056633,1.432819065,0.61,0.25,0.979615043,1.003406717,2005-02-04
"267",1869,0.00944937349342458,0.0127905430365617,0.00677582250067876,0.00913006136377187,1.58251034092245,1.72955063312572,49,2005,0.162928605,1.351360047,0.5,0.25,0.950477125,1.000044319,2005-02-11
"268",1876,0.0122091550799659,0.0165415624396269,0.00655758355600585,0.00881583163476716,1.50960302738302,1.66729810840704,56,2005,0.120426308,1.404535345,NA,-9999,1.064401078,1.000044319,2005-02-18
"269",1883,0.0161088235005698,0.0214434768361299,0.00678506009459559,0.0090563992656505,1.40699845535419,1.56768238850451,63,2005,0.214295106,1.512009082,NA,-9999,1.144891876,1.000152165,2005-02-25
"270",1890,0.01941931323529,0.0252173809112012,0.00780938583011682,0.010179161432828,1.53769187196305,1.68862234343596,70,2005,0.223390776,1.329381115,NA,-9999,1.190120832,1.00007001,2005-03-04
"271",1897,0.0308941840444666,0.0371386861326037,0.0107761574232456,0.0130531865988435,1.95294208264731,2.0843519647235,77,2005,0.230295546,1.549682151,0.4,0.25,1.368614728,1.000044319,2005-03-11
"272",1904,0.0586987622532171,0.0703661343360243,0.0185195592643912,0.0219207752761955,1.95517534908947,2.08354594382232,84,2005,NA,2.116306013,0.5,0.25,1.700687779,1.001681244,2005-03-18
"273",1911,0.115887791594913,0.136119991563508,0.0379126156526783,0.0440453597235892,1.97967802250817,2.11070632495004,91,2005,NA,2.116306013,NA,-9999,1.833873987,1.003533079,2005-03-25
"274",1918,0.327197018153871,0.374954796889876,0.0833423516306465,0.0948980800327082,2.1825534381544,2.31595197447996,98,2005,0.89413713,1.350383795,0.7,0.25,2.74167082,1.003375973,2005-04-01
"275",1925,0.559780900782211,0.613043824263607,0.184122098755018,0.202941633745634,2.14609912293591,2.27213308294174,105,2005,1.457785856,1.614663789,0.7,0.25,2.996410248,1.00026954,2005-04-08
"276",1932,1.58472922639167,1.68210282455441,0.383836991176164,0.407342871082586,2.42702947402967,2.5557107731007,112,2005,2.26250591,1.608997176,0.9,0.25,3.738047447,1.001712386,2005-04-15
"277",1939,2.54538002809128,2.627325540792,0.736115009387485,0.764680529818565,2.62844577668257,2.74575961758193,119,2005,2.320723768,1.414801091,0.9,0.25,3.390467452,1.000286057,2005-04-22
"278",1946,4.37797011549842,4.46871094353816,1.25250462188608,1.28394306132446,3.36146902236462,3.52291387954558,126,2005,3.773943612,1.449475661,0.87,0.26,4.655316368,1.000142741,2005-04-29
"279",1953,6.80675397346369,6.89021627741246,1.86778151947463,1.91210197105168,3.39951999266915,3.54615875622571,133,2005,4.18125117,1.33914502,4.66,0.95,3.150566065,1.000076681,2005-05-06
"280",1960,7.78346385431175,7.88615843780132,2.45127569626845,2.50894917664077,3.77905496726869,3.9218094713643,140,2005,5.278968414,1.40072744,2.02,0.44,3.797199641,1.000168058,2005-05-13
"281",1967,9.8176279937264,9.88710037379676,2.9061887733715,2.96722186924987,4.69061290919585,4.84917784604464,147,2005,8.542554871,1.512009082,3.14,1.24,4.663095043,1.046694801,2005-05-20
"282",1974,11.4792592714907,11.5490906992924,3.25279316035797,3.3178663692422,4.99716078255869,5.17479881028441,154,2005,10.87106795,1.393610281,6.12,1.4,5.778546613,1.000200615,2005-05-27
"283",1981,10.6785296825905,10.7504254079272,3.55204210381137,3.6179897574817,4.47699369120373,4.66024574390459,161,2005,10.84018984,1.182343211,4.89,1.47,4.332599132,1.000066013,2005-06-03
"284",1988,12.0431529784665,12.1069129419814,3.81777767020013,3.88607631672621,4.99996532690123,5.18214151268391,168,2005,13.02601038,1.41881692,2.25,1.09,5.554614052,1.000376486,2005-06-10
"285",1995,13.6647291007472,13.7502113369145,4.06401580854212,4.13244069663468,5.76727127502847,6.00996282266428,175,2005,13.8038231,1.693851176,1.35,0.59,5.394370622,1.000522732,2005-06-17
"286",2002,12.238526224179,12.3097186681258,4.3038723244993,4.37831402716299,5.28028528965236,5.48362092619986,182,2005,8.68483407,1.394829502,1.65,0.73,5.407110089,1.019900545,2005-06-24
"287",2009,12.6323239983191,12.6917740252595,4.49544835158278,4.57389028403371,5.2188288850473,5.40459225622026,189,2005,12.53838936,1.457000858,1,0.25,4.959400733,1.00179158,2005-07-01
"288",2016,14.2699473915448,14.3450854557817,4.63951242085053,4.72323585276676,5.95039754101585,6.19577986399557,196,2005,13.47334446,1.54097214,6.2,1.24,5.727479833,1.003630696,2005-07-08
"289",2023,13.0161969045468,13.0789188985341,4.75324947294386,4.84282736628133,5.34463455514935,5.52744867246323,203,2005,12.71933437,1.208649348,5,1.13,4.495102516,1.000145435,2005-07-15
"290",2030,12.9216370301188,12.9916405288326,4.80290333484071,4.89394793091251,5.50433749413179,5.7234696255538,210,2005,13.48305813,1.206299919,4.23,1.19,4.803110398,1.001495026,2005-07-22
"291",2037,12.2288089782403,12.2943502927678,4.8050226231343,4.89805825763124,5.16766807217604,5.33684909056525,217,2005,13.09413931,1.476429587,5.1,1.03,4.834978803,1.000356571,2005-07-29
"292",2044,10.7255998281822,10.7820158934637,4.74546638403766,4.8402920374638,4.63719050240132,4.79921795942909,224,2005,11.12510264,1.101010403,3.3,2.2,3.822264768,1.000044319,2005-08-05
"293",2051,11.4533095760455,11.5683247110594,4.61975712495184,4.71722399707709,5.02277060852271,5.19128767203361,231,2005,10.85604128,1.219995909,2.35,1.73,4.05235263,1.000154052,2005-08-12
"294",2058,7.60080024677399,7.65045774046244,4.44726262256164,4.5520116313995,4.19371712035615,4.34388860443568,238,2005,8.417859354,1.232156269,5.04,1.16,3.449493402,1.000109686,2005-08-19
"295",2065,12.1990840446914,12.2712300396594,4.1723126871777,4.26836606596295,5.43437074271944,5.65264477096569,245,2005,13.30549438,1.388414622,3.92,1.87,3.564712819,1.019892226,2005-08-26
"296",2072,10.7934382080877,10.865715213987,3.89341200791096,3.99257866386771,5.24053778185185,5.49801700875711,252,2005,9.587292059,1.474254368,5.1,1.04,3.399684075,1.006269403,2005-09-02
"297",2079,5.64735198242316,5.71296278466619,3.53741821770705,3.63046053787465,3.75978580590606,3.93276034275333,259,2005,5.396011494,1.221692276,5.21,1.06,2.613338966,1.001550131,2005-09-09
"298",2086,8.85819847545381,8.93742130786038,3.07905651332385,3.16256616578931,4.24045996365312,4.41511405747139,266,2005,NA,2.116306013,4.53,0.93,NA,1.147121965,2005-09-16
"299",2093,5.2759213952657,5.33935885193891,2.63911119020735,2.70733295379456,3.5770499692535,3.74796621959738,273,2005,5.771055071,1.355574569,4.61,0.95,2.230243546,1.006088434,2005-09-23
"300",2100,2.72026855856213,2.7676140863575,2.15598581629363,2.21106914288589,2.87012160829471,3.01680048988638,280,2005,4.511058717,1.114947873,1.08,0.25,2.51016249,1.000054057,2005-09-30
"301",2107,4.30614978222178,4.40267084844532,1.67293177087437,1.72220352616503,3.29900813352786,3.47230260154787,287,2005,6.544906865,1.455134956,1.33,0.3,2.618105565,1.000339432,2005-10-07
"302",2114,2.82660649926268,2.92990809354034,1.27060950571879,1.31847861325692,2.73870547053425,2.88708805984023,294,2005,3.532041516,1.189916962,4.23,0.99,2.905866143,1.000110329,2005-10-14
"303",2121,1.4436178340142,1.51612061286842,0.925048272341431,0.974298134093012,2.75677744922957,2.96766102272213,301,2005,1.716617515,1.460476846,2.77,0.98,3.157321405,1.000178925,2005-10-21
"304",2128,1.01556952584462,1.08565901580516,0.640753463172182,0.688507594442688,2.57604773826575,2.76058570883706,308,2005,0.412871981,1.719420725,0.7,0.25,3.533074054,1.000273792,2005-10-28
"305",2135,0.576972698062443,0.632601559185504,0.432446010858462,0.474975144960244,2.23767640759609,2.39827350932259,315,2005,0.309321697,1.555226799,0.48,0.25,2.914420854,1.000055632,2005-11-04
"306",2142,0.262921506836088,0.294187045446881,0.28518829332687,0.32047272545336,1.94894140903834,2.09147707949327,322,2005,0.32822562,1.366598259,0.57,0.25,2.189536612,1.000134124,2005-11-11
"307",2149,0.129334526566869,0.147659092593026,0.184973043727191,0.211913922705862,1.72434181614335,1.86568075929109,329,2005,0.111460269,1.523627225,0.3,0.25,1.814999845,1.000110173,2005-11-18
"308",2156,0.108180902114881,0.12727777241732,0.119545554485649,0.140065427527676,1.69262370148114,1.83604004474636,336,2005,0.073106701,1.550814957,NA,-9999,1.455781209,1.00004525,2005-11-25
"309",2163,0.0372242873120381,0.0446389353766573,0.0787806178959505,0.0942950753531492,1.82803913279496,1.9626848169888,343,2005,0.116525101,1.479357107,NA,-9999,1.623690033,1.000044319,2005-12-02
"310",2170,0.0231084688474778,0.0281026634097005,0.0527741356798081,0.0640434480715816,1.74003506862783,1.87162708574197,350,2005,0.149069463,1.288803793,NA,-9999,1.657602144,1.000131722,2005-12-09
"311",2177,0.0126224721789254,0.0155331358442882,0.0366112138279768,0.0451166236330182,1.70650264896969,1.84014698476714,357,2005,0.086178953,1.400473874,NA,-9999,1.287484638,1,2005-12-16
"312",2184,0.0185257385406899,0.0231173709055687,0.0262550027254258,0.0326842791350344,1.58313046394507,1.7361197764415,365,2005,0.085526446,1.397618226,NA,-9999,1.163117694,1.000121342,2005-12-23
