"","date","year","week","mod_gpp","mod_gpp_unc95"
"1",2000-01-07,2000,1,0,0.143250085828491
"2",2000-01-14,2000,2,0,0
"3",2000-01-21,2000,3,0,0
"4",2000-01-28,2000,4,0,0
"5",2000-02-04,2000,5,0.016749260877498,0.0985050138561849
"6",2000-02-11,2000,6,0.136084405002099,0.198793139641139
"7",2000-02-18,2000,7,0,0.0478784060099049
"8",2000-02-25,2000,8,0,0.0567959272301981
"9",2000-03-03,2000,9,0.158484765067228,0.234192793578574
"10",2000-03-10,2000,10,0.141899141090023,0.210589549345286
"11",2000-03-17,2000,11,0.130889382884963,0.193403241805321
"12",2000-03-24,2000,12,0.257775738863502,0.361349215263453
"13",2000-03-31,2000,13,0.154860850790505,0.200545678935305
"14",2000-04-07,2000,14,0.556318205108799,0.660753233440589
"15",2000-04-14,2000,15,0.852645621658976,0.950809906305559
"16",2000-04-21,2000,16,1.63539011002859,1.74848157886758
"17",2000-04-28,2000,17,3.07129607310035,3.19417195815364
"18",2000-05-05,2000,18,5.22080895792169,5.34100708058
"19",2000-05-12,2000,19,7.2404958562667,7.36337930801627
"20",2000-05-19,2000,20,8.6157739110378,8.71499464220744
"21",2000-05-26,2000,21,9.20217931974921,9.30164787737968
"22",2000-06-02,2000,22,11.2454247035892,11.3534786193402
"23",2000-06-09,2000,23,12.1025962245654,12.2018187944392
"24",2000-06-16,2000,24,13.3224267384194,13.4138061462274
"25",2000-06-23,2000,25,12.3563651918782,12.4469703720153
"26",2000-06-30,2000,26,12.548533267087,12.6390524536373
"27",2000-07-07,2000,27,10.552900937008,10.6227411518241
"28",2000-07-14,2000,28,9.75673202526448,9.82871971914186
"29",2000-07-21,2000,29,10.6733498438097,10.7489920271641
"30",2000-07-28,2000,30,10.7257956239566,10.7965524645484
"31",2000-08-04,2000,31,13.0642346986836,13.1604804251401
"32",2000-08-11,2000,32,12.2873084059933,12.3816581079872
"33",2000-08-18,2000,33,12.3595968898879,12.4495549469656
"34",2000-08-25,2000,34,11.5276817735617,11.6198183037682
"35",2000-09-01,2000,35,10.9602689548534,11.0590115483356
"36",2000-09-08,2000,36,6.7283754187972,6.80318556936464
"37",2000-09-15,2000,37,8.43561793001359,8.52755715880052
"38",2000-09-22,2000,38,4.52863763599829,4.59854493832121
"39",2000-09-29,2000,39,5.91005788086061,5.99286352560273
"40",2000-10-06,2000,40,4.1855653142011,4.26040867749308
"41",2000-10-13,2000,41,2.43964188949132,2.49979498023875
"42",2000-10-20,2000,42,1.80644975537322,1.86691413693115
"43",2000-10-27,2000,43,1.49768107776633,1.57179770082092
"44",2000-11-03,2000,44,0.626062475782911,0.667360869511219
"45",2000-11-10,2000,45,0.472859330739883,0.514652945338391
"46",2000-11-17,2000,46,0.266544167674742,0.297301546888313
"47",2000-11-24,2000,47,0.157101923362324,0.177996771969539
"48",2000-12-01,2000,48,0.0995421746472967,0.116508345284696
"49",2000-12-08,2000,49,0.0696830438767903,0.08256388836992
"50",2000-12-15,2000,50,0.0321515835104667,0.0389575184921624
"51",2000-12-22,2000,51,0.020069569783109,0.0247212574636446
"52",2000-12-29,2000,53,0.0189853272560549,0.0235869057206813
"53",2001-01-05,2001,1,0.00925670210438738,0.0115686178653931
"54",2001-01-12,2001,2,0.00861982865023975,0.0109538189409569
"55",2001-01-19,2001,3,0.0105873415781895,0.0136966023533597
"56",2001-01-26,2001,4,0.00886466759643014,0.0116698287866826
"57",2001-02-02,2001,5,0.00791883879352388,0.0105287627538654
"58",2001-02-09,2001,6,0.0102199771647986,0.0138488550841972
"59",2001-02-16,2001,7,0.0132794776468366,0.0179080960403155
"60",2001-02-23,2001,8,0.00985624608431007,0.0133195468041361
"61",2001-03-02,2001,9,0.0140790735721822,0.0187714703642733
"62",2001-03-09,2001,10,0.0153109240137062,0.01990954489881
"63",2001-03-16,2001,11,0.0164461025147182,0.0200276762863611
"64",2001-03-23,2001,12,0.0388418926570105,0.0463099296159338
"65",2001-03-30,2001,13,0.0927388171478496,0.108637359887139
"66",2001-04-06,2001,14,0.269655199842485,0.306907985392542
"67",2001-04-13,2001,15,0.557694694410197,0.61136517210748
"68",2001-04-20,2001,16,0.928156979381304,0.987972973052682
"69",2001-04-27,2001,17,2.32595589937438,2.40962168436211
"70",2001-05-04,2001,18,4.33093975855336,4.41974892210968
"71",2001-05-11,2001,19,6.92220770724081,7.01226889151507
"72",2001-05-18,2001,20,8.37298972020481,8.44699365471046
"73",2001-05-25,2001,21,10.2029205749099,10.2809458458817
"74",2001-06-01,2001,22,9.77364911941665,9.82747050297543
"75",2001-06-08,2001,23,9.00299212605301,9.04704536914218
"76",2001-06-15,2001,24,12.7355297588224,12.8158151833159
"77",2001-06-22,2001,25,11.6224155134126,11.6773461999557
"78",2001-06-29,2001,26,13.8416236634066,13.9053021524572
"79",2001-07-06,2001,27,14.6048646491281,14.6763303054064
"80",2001-07-13,2001,28,12.1601384815365,12.2244707104795
"81",2001-07-20,2001,29,13.8290857735268,13.9148998576065
"82",2001-07-27,2001,30,13.3889525743127,13.4637338346764
"83",2001-08-03,2001,31,13.0812150146174,13.1554225015942
"84",2001-08-10,2001,32,10.8784096287652,10.9318608603332
"85",2001-08-17,2001,33,11.1179970379775,11.1886949207124
"86",2001-08-24,2001,34,8.74649255645281,8.89418508605758
"87",2001-08-31,2001,35,8.47428619760352,8.57924861614808
"88",2001-09-07,2001,36,5.60914299950197,5.65844118634487
"89",2001-09-14,2001,37,3.99087044447413,4.0415180785026
"90",2001-09-21,2001,38,5.32916802121102,5.39634119501852
"91",2001-09-28,2001,39,3.97377830173351,4.02945600737524
"92",2001-10-05,2001,40,3.19738405536245,3.25716382212625
"93",2001-10-12,2001,41,3.46047629620524,3.54365821553346
"94",2001-10-19,2001,42,2.16928281585646,2.24062474485735
"95",2001-10-26,2001,43,1.02790445547603,1.08003974719257
"96",2001-11-02,2001,44,0.860117281947754,0.919277930729939
"97",2001-11-09,2001,45,0.453219183408981,0.494060768571014
"98",2001-11-16,2001,46,0.286404222129952,0.319865681605876
"99",2001-11-23,2001,47,0.11637914188658,0.132555455702043
"100",2001-11-30,2001,48,0.0369409254110357,0.0430945019154895
"101",2001-12-07,2001,49,0.0237798778602757,0.0283073980327053
"102",2001-12-14,2001,50,0.0293348302228165,0.0355690939813862
"103",2001-12-21,2001,51,0.0230398576136436,0.0281909736558106
"104",2001-12-28,2001,53,0.0170659031350855,0.0213185560004445
"105",2002-01-04,2002,1,0.017754400614373,0.0223769351576909
"106",2002-01-11,2002,2,0.012777242756292,0.0162451340001428
"107",2002-01-18,2002,3,0.00588851459474856,0.0075902927065287
"108",2002-01-25,2002,4,0.00788480033360413,0.0103267276961924
"109",2002-02-01,2002,5,0.0139238884585623,0.0184615611549723
"110",2002-02-08,2002,6,0.00569506438777029,0.00763870498039119
"111",2002-02-15,2002,7,0.0128962250286854,0.0174824363251259
"112",2002-02-22,2002,8,0.00910570763690229,0.0122712154261252
"113",2002-03-01,2002,9,0.0119489720260771,0.0159445067163202
"114",2002-03-08,2002,10,0.0209143140281239,0.0272209581764142
"115",2002-03-15,2002,11,0.0250317045205576,0.0302428088405235
"116",2002-03-22,2002,12,0.0321227675556419,0.0380494311798692
"117",2002-03-29,2002,13,0.13953578361761,0.163067272803987
"118",2002-04-05,2002,14,0.34731178816916,0.396775527269364
"119",2002-04-12,2002,15,0.437456907672209,0.482101141054259
"120",2002-04-19,2002,16,1.21761009549651,1.29015712253509
"121",2002-04-26,2002,17,2.05294943290754,2.12022336932282
"122",2002-05-03,2002,18,2.61006814623532,2.65969376110975
"123",2002-05-10,2002,19,5.99015233382042,6.06138848892307
"124",2002-05-17,2002,20,8.26797439502315,8.34388322818863
"125",2002-05-24,2002,21,8.69198715115209,8.75737228457399
"126",2002-05-31,2002,22,11.8305298704514,11.9069586144916
"127",2002-06-07,2002,23,8.87230558664736,8.93145139723046
"128",2002-06-14,2002,24,10.4744011378289,10.55470800126
"129",2002-06-21,2002,25,11.5021363530479,11.5512726998438
"130",2002-06-28,2002,26,13.772591483519,13.8364656897897
"131",2002-07-05,2002,27,11.9898349662869,12.0440437385077
"132",2002-07-12,2002,28,11.9117990159951,11.9594633198417
"133",2002-07-19,2002,29,9.3799727708737,9.42235335735088
"134",2002-07-26,2002,30,11.8803903813172,11.939686057481
"135",2002-08-02,2002,31,12.0035010961407,12.0539336556234
"136",2002-08-09,2002,32,8.75526709154235,8.79952861579633
"137",2002-08-16,2002,33,11.9536012726589,12.0053622972988
"138",2002-08-23,2002,34,11.2504590253525,11.3084818023076
"139",2002-08-30,2002,35,10.4170367356404,10.48958557624
"140",2002-09-06,2002,36,10.4088731491036,10.4906045953901
"141",2002-09-13,2002,37,7.32259806360608,7.39844796968588
"142",2002-09-20,2002,38,4.40691939012874,4.46606378271452
"143",2002-09-27,2002,39,5.14327379637309,5.20393818617173
"144",2002-10-04,2002,40,3.44140001219198,3.50063448586307
"145",2002-10-11,2002,41,2.09640691676108,2.14193471167648
"146",2002-10-18,2002,42,1.42781466863169,1.47748200927529
"147",2002-10-25,2002,43,0.865719942420221,0.904811384699729
"148",2002-11-01,2002,44,0.505007643926871,0.538386687500929
"149",2002-11-08,2002,45,0.513036849969872,0.558721474900055
"150",2002-11-15,2002,46,0.242589195645355,0.271474700942061
"151",2002-11-22,2002,47,0.115621693777009,0.131630907310379
"152",2002-11-29,2002,48,0.0468974289857151,0.0547252016487923
"153",2002-12-06,2002,49,0.0217856813628519,0.0260131543159771
"154",2002-12-13,2002,50,0.0188257994888635,0.0227754415297312
"155",2002-12-20,2002,51,0.018375237412827,0.0225665228898722
"156",2002-12-27,2002,53,0.0136146017916836,0.0169950257811182
"157",2003-01-03,2003,1,0.0136865420674409,0.0172232342470294
"158",2003-01-10,2003,2,0.00841297433467312,0.0109548794673827
"159",2003-01-17,2003,3,0.00949752725449495,0.0122565255618827
"160",2003-01-24,2003,4,0.00784492621011673,0.0102485920890351
"161",2003-01-31,2003,5,0.00858946949936845,0.0114049887263353
"162",2003-02-07,2003,6,0.00787796249747287,0.0105437038818964
"163",2003-02-14,2003,7,0.00911655243508759,0.0123995697960652
"164",2003-02-21,2003,8,0.0131457471607767,0.0177937412265697
"165",2003-02-28,2003,9,0.0125634770412054,0.0167009645837985
"166",2003-03-07,2003,10,0.0150569511799392,0.0195562363408459
"167",2003-03-14,2003,11,0.0298387869447479,0.0358409402029829
"168",2003-03-21,2003,12,0.0674561314038112,0.0806685000201083
"169",2003-03-28,2003,13,0.149842098425045,0.173667560848603
"170",2003-04-04,2003,14,0.257846835134502,0.294324346694924
"171",2003-04-11,2003,15,0.785238679376834,0.861419051732275
"172",2003-04-18,2003,16,1.59749222352245,1.69475267697649
"173",2003-04-25,2003,17,2.48084237122577,2.57089866299291
"174",2003-05-02,2003,18,4.03059918769138,4.12111781275133
"175",2003-05-09,2003,19,6.43786170642412,6.51043787626501
"176",2003-05-16,2003,20,7.75385411186137,7.84279214484547
"177",2003-05-23,2003,21,8.5022719872223,8.58752593586586
"178",2003-05-30,2003,22,10.4087618704262,10.4721373601505
"179",2003-06-06,2003,23,11.3607083471422,11.4333960373276
"180",2003-06-13,2003,24,13.2530822385028,13.3277591685113
"181",2003-06-20,2003,25,13.5760019670895,13.6393412548602
"182",2003-06-27,2003,26,14.1206494835949,14.1876794427849
"183",2003-07-04,2003,27,11.6274999851604,11.6815733817667
"184",2003-07-11,2003,28,14.8742002532448,14.9552975679043
"185",2003-07-18,2003,29,12.8995411733932,12.9673220310332
"186",2003-07-25,2003,30,12.3233308121268,12.3870585173244
"187",2003-08-01,2003,31,10.3763661260319,10.4540035630865
"188",2003-08-08,2003,32,5.34381008146237,5.63169323839968
"189",2003-08-15,2003,33,5.38431024283984,5.54897749724576
"190",2003-08-22,2003,34,5.63914405180255,5.80939000933395
"191",2003-08-29,2003,35,6.92294654172867,7.05620784313964
"192",2003-09-05,2003,36,8.78388065806135,8.86232302805176
"193",2003-09-12,2003,37,7.6039582388982,7.68730390591462
"194",2003-09-19,2003,38,7.64744861325153,7.73929357063713
"195",2003-09-26,2003,39,5.09421032929055,5.1599383764479
"196",2003-10-03,2003,40,2.81199817508349,2.86294770405279
"197",2003-10-10,2003,41,2.84900397078634,2.91630034883743
"198",2003-10-17,2003,42,2.16960838963836,2.247923681526
"199",2003-10-24,2003,43,1.07301901914546,1.12650211934258
"200",2003-10-31,2003,44,0.540851138172344,0.577524505690349
"201",2003-11-07,2003,45,0.486755178713631,0.531105808568816
"202",2003-11-14,2003,46,0.23325143617832,0.260281190034133
"203",2003-11-21,2003,47,0.131817672999126,0.150335835544584
"204",2003-11-28,2003,48,0.0766784470779039,0.0894402034034874
"205",2003-12-05,2003,49,0.0633515792943931,0.0755812190638347
"206",2003-12-12,2003,50,0.0450192227557831,0.0545678742662253
"207",2003-12-19,2003,51,0.0354635864612134,0.0433981776969599
"208",2003-12-26,2003,53,0.022885555009875,0.0285735155733166
"209",2004-01-02,2004,1,0.011802918591436,0.0148603970996834
"210",2004-01-09,2004,2,0.00732364351708314,0.00928984661316692
"211",2004-01-16,2004,3,0.00833177519685337,0.0107467089072323
"212",2004-01-23,2004,4,0.0101682564741129,0.0132994480594754
"213",2004-01-30,2004,5,0.00633506239018312,0.00841144005100876
"214",2004-02-06,2004,6,0.00680043213120642,0.00909236837875272
"215",2004-02-13,2004,7,0.00898829636837193,0.0121510387958555
"216",2004-02-20,2004,8,0.0100576113998586,0.0135382683356155
"217",2004-02-27,2004,9,0.0126841079133274,0.0168957829567833
"218",2004-03-05,2004,10,0.0159425141506168,0.0208055330886416
"219",2004-03-12,2004,11,0.0251206828769181,0.0304077748083924
"220",2004-03-19,2004,12,0.0422529947482314,0.0498375275997968
"221",2004-03-26,2004,13,0.113198400204403,0.131971684331668
"222",2004-04-02,2004,14,0.209901296298202,0.239479595279285
"223",2004-04-09,2004,15,0.51505561834837,0.563531497209725
"224",2004-04-16,2004,16,1.38189050907827,1.46095440002892
"225",2004-04-23,2004,17,2.82582392721739,2.9249360430454
"226",2004-04-30,2004,18,4.41053148911427,4.49593245286188
"227",2004-05-07,2004,19,4.39894731460225,4.47819686320777
"228",2004-05-14,2004,20,7.96158696106819,8.04704026611652
"229",2004-05-21,2004,21,8.46579344357407,8.55164221741664
"230",2004-05-28,2004,22,10.3338341990362,10.4519020137837
"231",2004-06-04,2004,23,10.9622423714556,11.0270243614971
"232",2004-06-11,2004,24,11.7693459126946,11.8461147354485
"233",2004-06-18,2004,25,11.8541005172398,11.9063451841208
"234",2004-06-25,2004,26,13.6298404475903,13.7235272057771
"235",2004-07-02,2004,27,13.2441141405942,13.3069017264806
"236",2004-07-09,2004,28,8.80372770770762,8.84693032565336
"237",2004-07-16,2004,29,12.5792453668987,12.6409679707748
"238",2004-07-23,2004,30,12.2020093083626,12.2658418817264
"239",2004-07-30,2004,31,13.2064485815649,13.2705167839088
"240",2004-08-06,2004,32,12.925599837545,12.9927176604674
"241",2004-08-13,2004,33,10.7679054431619,10.8299526682684
"242",2004-08-20,2004,34,9.79783707332486,9.85938110967516
"243",2004-08-27,2004,35,7.81569902395198,7.87738019287382
"244",2004-09-03,2004,36,11.2159960721508,11.2964299051749
"245",2004-09-10,2004,37,8.44484775311356,8.53246070371375
"246",2004-09-17,2004,38,6.48847972046654,6.56519570291129
"247",2004-09-24,2004,39,2.4354839371995,2.47778806733032
"248",2004-10-01,2004,40,4.16955840899103,4.23907545719205
"249",2004-10-08,2004,41,3.22968008359648,3.30478019049536
"250",2004-10-15,2004,42,1.43502622035762,1.48334559004191
"251",2004-10-22,2004,43,1.60901000667751,1.68907463039462
"252",2004-10-29,2004,44,0.543693140685447,0.580186526571765
"253",2004-11-05,2004,45,0.348161140158888,0.380909942726399
"254",2004-11-12,2004,46,0.168074277367476,0.187949813960149
"255",2004-11-19,2004,47,0.147080864578801,0.167332729161785
"256",2004-11-26,2004,48,0.0689092809050709,0.0806572602040497
"257",2004-12-03,2004,49,0.0350912232503486,0.0422437262082909
"258",2004-12-10,2004,50,0.0394874642732252,0.0479978492092339
"259",2004-12-17,2004,51,0.0316906978296891,0.0390985837847377
"260",2004-12-24,2004,53,0.00937363846291759,0.0117220542765471
"261",2004-12-31,2005,1,0.00622690793776809,0.0078089022879392
"262",2005-01-07,2005,2,0.00901160471980224,0.01145690890663
"263",2005-01-14,2005,3,0.0103938198026636,0.013468590372234
"264",2005-01-21,2005,4,0.0100869514748549,0.0132406456359031
"265",2005-01-28,2005,5,0.00951639323520775,0.012699886070075
"266",2005-02-04,2005,6,0.012789255588944,0.0173386752675556
"267",2005-02-11,2005,7,0.00944937349342458,0.0127905430365617
"268",2005-02-18,2005,8,0.0122091550799659,0.0165415624396269
"269",2005-02-25,2005,9,0.0161088235005698,0.0214434768361299
"270",2005-03-04,2005,10,0.01941931323529,0.0252173809112012
"271",2005-03-11,2005,11,0.0308941840444666,0.0371386861326037
"272",2005-03-18,2005,12,0.0586987622532171,0.0703661343360243
"273",2005-03-25,2005,13,0.115887791594913,0.136119991563508
"274",2005-04-01,2005,14,0.327197018153871,0.374954796889876
"275",2005-04-08,2005,15,0.559780900782211,0.613043824263607
"276",2005-04-15,2005,16,1.58472922639167,1.68210282455441
"277",2005-04-22,2005,17,2.54538002809128,2.627325540792
"278",2005-04-29,2005,18,4.37797011549842,4.46871094353816
"279",2005-05-06,2005,19,6.80675397346369,6.89021627741246
"280",2005-05-13,2005,20,7.78346385431175,7.88615843780132
"281",2005-05-20,2005,21,9.8176279937264,9.88710037379676
"282",2005-05-27,2005,22,11.4792592714907,11.5490906992924
"283",2005-06-03,2005,23,10.6785296825905,10.7504254079272
"284",2005-06-10,2005,24,12.0431529784665,12.1069129419814
"285",2005-06-17,2005,25,13.6647291007472,13.7502113369145
"286",2005-06-24,2005,26,12.238526224179,12.3097186681258
"287",2005-07-01,2005,27,12.6323239983191,12.6917740252595
"288",2005-07-08,2005,28,14.2699473915448,14.3450854557817
"289",2005-07-15,2005,29,13.0161969045468,13.0789188985341
"290",2005-07-22,2005,30,12.9216370301188,12.9916405288326
"291",2005-07-29,2005,31,12.2288089782403,12.2943502927678
"292",2005-08-05,2005,32,10.7255998281822,10.7820158934637
"293",2005-08-12,2005,33,11.4533095760455,11.5683247110594
"294",2005-08-19,2005,34,7.60080024677399,7.65045774046244
"295",2005-08-26,2005,35,12.1990840446914,12.2712300396594
"296",2005-09-02,2005,36,10.7934382080877,10.865715213987
"297",2005-09-09,2005,37,5.64735198242316,5.71296278466619
"298",2005-09-16,2005,38,8.85819847545381,8.93742130786038
"299",2005-09-23,2005,39,5.2759213952657,5.33935885193891
"300",2005-09-30,2005,40,2.72026855856213,2.7676140863575
"301",2005-10-07,2005,41,4.30614978222178,4.40267084844532
"302",2005-10-14,2005,42,2.82660649926268,2.92990809354034
"303",2005-10-21,2005,43,1.4436178340142,1.51612061286842
"304",2005-10-28,2005,44,1.01556952584462,1.08565901580516
"305",2005-11-04,2005,45,0.576972698062443,0.632601559185504
"306",2005-11-11,2005,46,0.262921506836088,0.294187045446881
"307",2005-11-18,2005,47,0.129334526566869,0.147659092593026
"308",2005-11-25,2005,48,0.108180902114881,0.12727777241732
"309",2005-12-02,2005,49,0.0372242873120381,0.0446389353766573
"310",2005-12-09,2005,50,0.0231084688474778,0.0281026634097005
"311",2005-12-16,2005,51,0.0126224721789254,0.0155331358442882
"312",2005-12-23,2005,53,0.0185257385406899,0.0231173709055687
