"","day","mod_gpp","mod_gpp_unc95","mod_lai","mod_lai_unc95","mod_nee","mod_nee_unc95","doy","year","obs_gpp","obs_gpp_unc","obs_lai","obs_lai_unc","obs_nee","obs_nee_unc","date"
"1",7,0.162954550521691,0.191163777611752,0.342079034872339,0.392347396405164,1.47023680867459,1.62300271798288,7,2015,0.13661539,1.485410822,NA,-9999,1.721260129,0.59634885,2015-01-07
"2",14,0.146673273211042,0.168594889959781,0.32697504840694,0.377162053440317,1.59741903108826,1.75534001363222,14,2015,0.12169516,1.613666311,NA,-9999,1.433053982,0.58,2015-01-14
"3",21,0.195764505645235,0.232561503483964,0.315921181172679,0.366335717784532,1.45052026581856,1.61092575105039,21,2015,0.093569162,1.556849407,NA,-9999,1.410863603,0.606545395,2015-01-21
"4",28,0.154337176303806,0.181957266153677,0.308023833239806,0.359162722555026,1.42635607269316,1.57301246762997,28,2015,0.238257256,1.496834513,NA,-9999,1.166392231,0.58,2015-01-28
"5",35,0.220112793697998,0.260660096976608,0.301659710755798,0.353331660290436,1.36684763467145,1.52499853113999,35,2015,0.142610424,1.530676764,NA,-9999,1.074416045,0.58,2015-02-04
"6",42,0.269565163636781,0.321351816588525,0.297898177201361,0.347229391238237,1.32838608102395,1.52039292286466,42,2015,0.274416913,1.583311075,0.1,0.25,1.011000624,0.58565463,2015-02-11
"7",49,0.359166159021921,0.429454898889563,0.29521692257816,0.343228347475394,1.31033421674013,1.56290596150352,49,2015,0.183086518,1.433563529,0.54,0.25,1.230957377,0.649658645,2015-02-18
"8",56,0.39615025832306,0.45717753737929,0.294609417777258,0.342698767583579,1.30614578791203,1.44539595351332,56,2015,0.287804654,1.593285813,0.65,0.25,1.215806978,0.59680318,2015-02-25
"9",63,0.526129748094482,0.607724394649806,0.295820852331396,0.343777445406523,1.2491540782589,1.39535817948221,63,2015,0.272580685,1.588021865,NA,-9999,1.343465756,0.58,2015-03-04
"10",70,0.554271028842083,0.641055266051592,0.299071589534198,0.347682784723969,1.30060647246291,1.45700048826531,70,2015,0.258510838,1.498359233,0.5,0.25,1.686595555,0.624212875,2015-03-11
"11",77,0.517099021122659,0.597952236343238,0.303915002143054,0.352840192079877,1.28092564338864,1.43554130663203,77,2015,0.364469674,1.411126375,0.5,0.25,1.452206085,0.627150742,2015-03-18
"12",84,0.677926192427512,0.782081503013419,0.309942600196248,0.359121382698675,1.20988964468164,1.36616856474907,84,2015,0.910954777,1.447240453,0.7,0.25,2.015321304,0.663779943,2015-03-25
"13",91,0.594780162757753,0.683414280595704,0.322807552276258,0.371937360694593,1.25313155135667,1.40902261116651,91,2015,0.515094062,1.460254612,0.52,0.25,1.469545277,0.58,2015-04-01
"14",98,0.874608223239964,0.987853387715581,0.351039983486138,0.398713984569526,1.03051505453471,1.17206305278091,98,2015,0.73715997,1.354125931,0.66,0.25,1.303758428,0.666801516,2015-04-08
"15",105,1.45652497973667,1.60735527881784,0.423792135893914,0.471075395709623,0.847710046680111,1.0114168688868,105,2015,1.765440907,1.358774115,0.95,0.25,1.841923679,0.652075653,2015-04-15
"16",112,1.96436513330554,2.13176509308744,0.608607791055444,0.663101316394615,0.395887482853457,0.544199156213947,112,2015,NA,2.116306013,1.22,0.25,NA,0.911057024,2015-04-22
"17",119,3.12544629171959,3.29993472612527,1.01366038774092,1.0796977290496,-0.394201101900436,-0.245495398615228,119,2015,NA,2.116306013,1.3,0.26,NA,0.911057024,2015-04-29
"18",126,5.15617604797952,5.3380911215869,1.76161629606539,1.83451816242016,-1.83546301906788,-1.67263272400411,126,2015,6.251290541,1.356420921,2.9,1.66,-0.98202307,0.706210229,2015-05-06
"19",133,7.43775960973441,7.62970512148416,2.84065711287934,2.92823633801426,-3.41455483370224,-3.2564384592069,133,2015,7.969400301,1.363772495,4.54,0.92,-2.438786432,0.622632598,2015-05-13
"20",140,9.55327605081724,9.6961888783742,3.97624227651778,4.07056649082878,-5.06848014408482,-4.87055448609632,140,2015,9.923524489,1.260537514,6.04,1.85,-4.194836925,0.657533606,2015-05-20
"21",147,9.27251301918345,9.37125997686395,4.87429805591386,4.9652770332801,-4.85420068084544,-4.67464214314013,147,2015,10.0138251,1.180778334,4.63,0.94,-4.53084495,0.629470459,2015-05-27
"22",154,10.6755361183478,10.7759038875317,5.46069245526221,5.54087144342351,-5.82185945803328,-5.60124012565035,154,2015,10.41869712,1.101010403,NA,-9999,-5.363993794,0.58565463,2015-06-03
"23",161,12.2773193608642,12.4019385708567,5.86005361982718,5.94247537923107,-6.88457389931003,-6.61831379826452,161,2015,12.79090853,1.270642312,2.67,0.87,-7.059433138,0.644422283,2015-06-10
"24",168,12.4174351948097,12.5309520281208,6.19670983296101,6.28116163292935,-6.97963540551834,-6.70620110291773,168,2015,13.79773368,1.386824806,3.2,1.63,-7.609030007,0.682885817,2015-06-17
"25",175,9.56044895320415,9.63459008130611,6.48869248404561,6.57831875354099,-5.06015688806083,-4.86680585043372,175,2015,NA,2.116306013,NA,-9999,NA,0.911057024,2015-06-24
"26",182,13.1782151630359,13.2881507800756,6.67601943177398,6.76855950852122,-7.41890155514126,-7.1356094566123,182,2015,NA,2.116306013,6.8,1.36,NA,0.911057024,2015-07-01
"27",189,11.9496195888942,12.0393975922044,6.80546299473276,6.90247607828568,-6.27499367767122,-6.00729976147258,189,2015,11.74397726,1.193429781,6.48,1.34,-5.870523564,0.678651721,2015-07-08
"28",196,11.2773205513989,11.3654030233894,6.83991079434561,6.93427784054542,-6.12719734272421,-5.88818140332128,196,2015,11.8362835,1.348853074,4.77,0.96,-7.457642173,0.677226331,2015-07-15
"29",203,11.092256560274,11.2113414328407,6.78086236623221,6.877750588495,-5.71872757482664,-5.4851876853178,203,2015,12.26202961,1.544658019,NA,-9999,-7.29092485,0.731812054,2015-07-22
"30",210,11.4801053767026,11.5648551740866,6.63805426859246,6.74603021269338,-6.27472333057177,-6.04660342408573,210,2015,11.59359263,1.338967401,4.94,1.01,-7.650399462,0.661834165,2015-07-29
"31",217,11.8501256009637,11.9431314243243,6.43041073120502,6.55577605262268,-6.4311260128511,-6.17567184360035,217,2015,10.29961894,1.381694472,6.8,1.36,-7.082967066,0.697339653,2015-08-05
"32",224,8.23882686623691,8.447169697767,6.16102268732547,6.31529397417919,-3.54949767620948,-3.31369956350752,224,2015,8.259117594,1.246563273,6.52,1.34,-5.054380233,0.601849895,2015-08-12
"33",231,6.53022757716959,6.65061521072506,5.78859756705223,5.95301281266408,-2.52737086436908,-2.29718266149414,231,2015,6.902698586,1.305226135,5.68,1.41,-3.531070243,0.626609497,2015-08-19
"34",238,9.75499927287816,9.86977726220774,5.34234292354648,5.52183701922657,-4.92701219606871,-4.7218600868107,238,2015,8.223933386,1.359616893,5.78,1.25,-4.641466936,0.67624448,2015-08-26
"35",245,8.73008091342747,8.83312999659479,4.90063205844045,5.08762965932956,-4.06020235180193,-3.87970593306906,245,2015,8.612528954,1.461498975,6.18,1.76,-4.902140423,0.717893393,2015-09-02
"36",252,7.05947515386199,7.1933821115008,4.42374580900667,4.60435300639855,-3.17646533236066,-3.02564543511976,252,2015,8.289110137,1.114947873,4.99,2.01,-5.751164622,0.606545395,2015-09-09
"37",259,5.45625307161263,5.57058524161888,3.92174338051256,4.07783900529788,-1.90982330382482,-1.77431255340798,259,2015,6.535155647,1.223667304,2.08,0.82,-3.550711333,0.614159114,2015-09-16
"38",266,4.95011118700328,5.04280653784136,3.41447965971065,3.53908215685511,-1.59658263666013,-1.46618819181364,266,2015,7.587379959,1.152993548,5.21,1.05,-4.140372458,0.58565463,2015-09-23
"39",273,5.14023779147489,5.24472957142906,2.93275989633418,3.03203085304111,-1.78485499335779,-1.6443787635701,273,2015,6.814216439,1.375060003,3.03,2.11,-3.779813889,0.607301113,2015-09-30
"40",280,4.35192596040431,4.45192839587322,2.50091308776516,2.58485229952906,-1.15000565086669,-1.01438218569227,280,2015,5.248510808,1.436878452,4.57,0.93,-2.160444877,0.701581311,2015-10-07
"41",287,2.49926423842215,2.56692128040794,2.12177241467545,2.19710194748346,-0.0810255696209738,0.0405605463824957,287,2015,2.364595447,1.258769032,4.69,1.07,0.156457666,0.591255182,2015-10-14
"42",294,1.01681976553294,1.05637430192597,1.7781159354891,1.84748953590229,1.02880526425561,1.1763075007244,294,2015,1.166067341,1.670894829,3.19,0.71,1.420104498,0.59680318,2015-10-21
"43",301,1.60895009616713,1.67187154556653,1.4767766601651,1.54197626270123,0.690349826726088,0.844403152658491,301,2015,1.559098886,1.279579955,0.3,0.25,1.540707618,0.601849895,2015-10-28
"44",308,1.66268397369656,1.73899015751239,1.24263457828862,1.30387048639337,0.734869358507747,0.89630270878083,308,2015,0.661396216,1.489630979,0.9,0.25,4.107251081,0.659315524,2015-11-04
"45",315,1.22588975955771,1.2889475335764,1.06042955819139,1.12000975180062,1.17577217053643,1.35788688542471,315,2015,0.422064387,1.53293376,0.77,0.25,3.940171903,0.58,2015-11-11
"46",322,0.637740505784973,0.673198809433816,0.91499551774475,0.970813622259121,1.43877214149795,1.60909404094699,322,2015,0.204940546,1.556267799,0.67,0.25,3.304671177,0.58565463,2015-11-18
"47",329,0.403834042736743,0.4265057278746,0.795917020245852,0.846515623328243,1.3641725729924,1.50852245748908,329,2015,0.33277211,1.387973772,NA,-9999,2.25009052,0.58,2015-11-25
"48",336,0.396349303237449,0.426942904888106,0.701382732255406,0.74913214704408,1.43629988626395,1.59044110409021,336,2015,0.344120398,1.365496038,NA,-9999,2.516449835,0.588688341,2015-12-02
"49",343,0.40995527295036,0.438086844854492,0.628250845798367,0.674849939939272,1.50270540994168,1.6545267759466,343,2015,0.358031874,1.555650546,NA,-9999,2.500684235,0.621327705,2015-12-09
"50",350,0.293228714721226,0.314026758667873,0.573723412855358,0.617536447941864,1.50990557369703,1.66301122078319,350,2015,0.335775798,1.54054516,NA,-9999,2.915070165,0.58565463,2015-12-16
"51",357,0.195634415354427,0.209682505422903,0.531955501366476,0.572174753234505,1.75242744157769,1.91666910421398,357,2015,0.353828477,1.416483646,NA,-9999,3.479316129,0.58,2015-12-23
"52",364,0.343194546698141,0.367644820014752,0.497173741910768,0.535927391660983,1.5408551200743,1.69827794851528,365,2015,0.282505222,1.521386042,NA,-9999,1.818464905,0.59634885,2015-12-30
"53",371,0.162248810564899,0.174766126345712,0.467174555242587,0.505172664719972,1.39783406405886,1.53310472984699,7,2016,0.084421675,1.47376292,NA,-9999,0.435684257,0.588688341,2016-01-06
"54",378,0.306581736704299,0.330804185510694,0.447449828523762,0.483800695169784,1.44193874298202,1.58987311067734,14,2016,NA,2.116306013,NA,-9999,NA,0.911057024,2016-01-13
"55",385,0.304964250154347,0.329473821254744,0.43391725160777,0.471114682341506,1.22828879855523,1.36044635224243,21,2016,NA,2.116306013,NA,-9999,NA,0.911057024,2016-01-20
"56",392,0.346755862574735,0.374839783543606,0.424141982933335,0.459114202280895,1.42860977676777,1.57532921294117,28,2016,NA,2.116306013,NA,-9999,NA,0.911057024,2016-01-27
"57",399,0.25841189124793,0.280406882102989,0.416890477734756,0.452619632874848,1.5083552211452,1.65900822978196,35,2016,NA,2.116306013,0.3,0.25,NA,0.911057024,2016-02-03
"58",406,0.362006541544464,0.391923041503714,0.411034514609384,0.446959427844021,1.45387064957861,1.59979156823643,42,2016,NA,2.116306013,0.46,0.25,NA,0.911057024,2016-02-10
"59",413,0.36722718877641,0.398155085572316,0.407749590660531,0.444094644493588,1.29618656880316,1.43642083174988,49,2016,0.120081312,1.512009082,0.33,0.25,0.489861321,0.682883025,2016-02-17
"60",420,0.469120474388957,0.50839348156164,0.405379747344354,0.442490505247156,1.30284329589839,1.44444272662461,56,2016,0.436510691,1.519670563,NA,-9999,1.841326422,0.58,2016-02-24
"61",427,0.611937269380826,0.664733422122027,0.405751207895034,0.443243849301235,1.12968890683241,1.2637056393894,63,2016,0.501912112,1.506531778,NA,-9999,1.172961402,0.601849895,2016-03-02
"62",434,0.672753764711014,0.730216767847706,0.408760868144589,0.44663859675102,1.13198862341257,1.27408464120455,70,2016,0.492499099,1.515888662,0.47,0.25,0.718253318,0.678486389,2016-03-09
"63",441,0.65210545954969,0.708362944204514,0.413831668326279,0.451734198386552,1.13768893846594,1.27934959153036,77,2016,NA,2.116306013,0.51,0.25,1.682397413,0.639287676,2016-03-16
"64",448,0.694795493095602,0.754291284177651,0.420318720753131,0.458161527409971,1.18655282426253,1.33426078149543,84,2016,NA,2.116306013,0.64,0.25,1.460050221,0.627471602,2016-03-23
"65",455,0.738900663649125,0.799980870656491,0.432518522202895,0.469683872672382,1.22083328769622,1.37361062201523,91,2016,2.571360929,1.506531778,0.82,0.25,0.959624289,0.601849895,2016-03-30
"66",462,1.29124979939343,1.38982769736857,0.459343760994631,0.496944002023253,0.942400968881604,1.10225764385271,98,2016,0.970638163,1.515888662,0.4,0.25,1.003766018,0.698989232,2016-04-06
"67",469,1.50776528493345,1.59578027540341,0.535660091253385,0.56986292763375,0.742332130113557,0.88039409123616,105,2016,1.43011427,1.431400417,1.06,0.34,2.635858955,0.696029708,2016-04-13
"68",476,1.95363146446039,2.04637110629001,0.711723673614897,0.745472941717759,0.408348845889288,0.542284917944811,112,2016,1.953270529,1.366425852,0.58,0.25,1.932807597,0.622370774,2016-04-20
"69",483,2.49908366349235,2.5936374758952,1.09628485653886,1.14583127183624,-0.152094409281242,-0.0324331315662166,119,2016,2.300402258,1.357896839,1.39,0.29,0.911796182,0.611954787,2016-04-27
"70",490,5.32535328396224,5.4780353876217,1.80080289626267,1.86674841056511,-2.01551688906715,-1.86804293638382,126,2016,3.673625452,1.363358847,1.5,0.31,0.433636108,0.640004734,2016-05-04
"71",497,7.96152666853218,8.09451388559695,2.82213915520521,2.9042886453683,-3.68957026893334,-3.52651246464156,133,2016,7.168868126,1.458159378,3.1,0.78,-0.709355692,0.633130352,2016-05-11
"72",504,7.90965605843972,8.0026608749232,3.91366863044502,4.007079402039,-3.89076840808047,-3.74155891436541,140,2016,8.299653301,1.176040794,4.83,1.01,-3.175795175,0.58565463,2016-05-18
"73",511,9.32637907407943,9.40134193294565,4.76095184188406,4.84761415318401,-4.75495273342681,-4.56853296354233,147,2016,9.310989856,1.386640976,NA,-9999,-3.477976686,0.663604536,2016-05-25
"74",518,9.63485650380683,9.70736033625479,5.31289756535647,5.39109054210484,-4.90483702469789,-4.70628818849635,154,2016,10.79049333,1.477699834,NA,-9999,-7.387630999,0.719007263,2016-06-01
"75",525,11.7072454167909,11.7923608553648,5.68802378695649,5.76853355065555,-6.32102044024126,-6.08491763416867,161,2016,13.35207006,1.356818628,4.5,0.91,-7.906629497,0.670914304,2016-06-08
"76",532,10.7704509617234,10.8444421767184,5.99886285920609,6.08321558400614,-5.77240991010031,-5.55810007005136,168,2016,12.02566978,1.405382531,5.8,1.39,-5.490188875,0.654857244,2016-06-15
"77",539,13.246407420486,13.3461533211127,6.26029985452352,6.34916636704918,-7.49428812765844,-7.23087373239971,175,2016,14.18849324,1.402270242,NA,-9999,-7.157633007,0.685497183,2016-06-22
"78",546,13.6719844149237,13.7671820136905,6.48107398836873,6.56348946879065,-7.76400999860436,-7.4869307418868,182,2016,14.21895893,1.416228068,6.8,1.36,-8.484967091,0.685197326,2016-06-29
"79",553,12.6113260520173,12.7034406605309,6.63643517209387,6.71767464349169,-7.09327228488267,-6.8475979057747,189,2016,11.84576943,1.41810926,5.23,2.03,-7.607529432,0.664438571,2016-07-06
"80",560,12.4832961099446,12.5715232378261,6.69150266632539,6.77777067832393,-6.87569452853166,-6.61300050953621,196,2016,12.28484783,1.404014712,6.07,1.27,-7.822395138,0.665859391,2016-07-13
"81",567,12.4070599895475,12.4827113590202,6.65713766930295,6.74648940261998,-6.77223525283516,-6.51274731957178,203,2016,12.29622288,1.410597908,NA,-9999,-7.144528358,0.634193637,2016-07-20
"82",574,11.5046672834499,11.5710672190223,6.54019038454572,6.63614132476442,-6.01245175023956,-5.78068705067512,210,2016,10.61709853,1.495869337,5.85,1.41,-5.802114947,0.715033242,2016-07-27
"83",581,9.06959671057291,9.11571297240823,6.33850969467501,6.45911649241772,-4.42682389814923,-4.24603071328532,217,2016,NA,2.116306013,2.53,0.9,NA,0.911057024,2016-08-03
"84",588,10.7700999230523,10.8433512589419,6.0427207188672,6.1851507343726,-5.72328181461154,-5.50251455338236,224,2016,9.136868963,1.422578881,5.14,1.05,-5.153691672,0.703877494,2016-08-10
"85",595,11.1154706923246,11.2159411901561,5.70870220389639,5.88155226632004,-5.90907034681663,-5.67756053434603,231,2016,10.31266596,1.33914502,5.5,1.12,-5.85902209,0.642613852,2016-08-17
"86",602,10.1439475389858,10.2235402661569,5.32895172662068,5.50999196238456,-5.07143232197215,-4.88154752696204,238,2016,8.613378103,1.484079699,5.17,1.07,-4.391606939,0.724991186,2016-08-24
"87",609,7.49465471003431,7.77788486046764,4.89793597877632,5.07784500773851,-3.03347713607568,-2.76154362234134,245,2016,6.951453521,1.35100663,5.19,1.11,-3.265877331,0.696182045,2016-08-31
"88",616,6.27091182812572,6.38686533255146,4.40437574985053,4.56205922520803,-2.28485594620607,-2.11887480229186,252,2016,6.126653703,1.320092015,4.69,0.96,-2.86667083,0.660891355,2016-09-07
"89",623,7.75412728214842,7.85189052489615,3.89355326519224,4.04495113549766,-3.19502178352129,-3.01043492894211,259,2016,5.881665026,1.394358845,4.64,1.04,-1.566655603,0.693576736,2016-09-14
"90",630,4.83809604221138,4.92636738383337,3.41582055572436,3.53836342597372,-1.40567646453736,-1.25817746224208,266,2016,NA,2.116306013,4.68,0.97,NA,0.911057024,2016-09-21
"91",637,5.3531842128099,5.45321689785244,2.93334432091039,3.02811783983433,-1.73271004646701,-1.57804723053455,273,2016,6.85188878,1.314467516,3.83,1.35,-3.858012644,0.664245999,2016-09-28
"92",644,2.95301339250402,3.02078705191416,2.50640255238858,2.58495055180156,-0.171737997967976,-0.0286403163379108,280,2016,5.787586221,1.495869337,4.27,0.98,-3.170071068,0.715033242,2016-10-05
"93",651,2.10734086401918,2.16410876356356,2.10829896897368,2.18210213864485,0.301611764876563,0.433693210010773,287,2016,1.287442083,1.279525547,NA,-9999,0.605165576,0.645179025,2016-10-12
"94",658,2.0900235563008,2.16169872940593,1.7599424935508,1.82919205172393,0.41598105424654,0.569936858436262,294,2016,3.149635066,1.32670119,NA,-9999,-0.566697792,0.670964162,2016-10-19
"95",665,1.18164750463244,1.22768855697045,1.47475611022699,1.5432840765338,0.966097082939514,1.11511739983487,301,2016,1.169812702,1.485535938,1.35,0.28,1.390487916,0.656298806,2016-10-26
"96",672,1.09208080345136,1.14523261549718,1.23592108875686,1.30524611739595,1.06630699670953,1.22205953259545,308,2016,0.821573758,1.286494801,NA,-9999,1.805956306,0.59680318,2016-11-02
"97",679,0.547270489438716,0.574322717363858,1.0469096126724,1.10726490931393,1.28794991561423,1.43425572913326,315,2016,0.392813405,1.529190475,0.7,0.25,2.230708648,0.591255182,2016-11-09
"98",686,0.635141465656383,0.670746596487729,0.895642914383218,0.953831945651383,1.221779159596,1.36737515866086,322,2016,0.409860221,1.386599158,NA,-9999,2.140665262,0.657255135,2016-11-16
"99",693,0.580683607543785,0.617268301037978,0.779633894421023,0.83313131573798,1.45572349866715,1.61495237740439,329,2016,0.434783386,1.44940274,0.34,0.25,2.780717682,0.70771096,2016-11-23
"100",700,0.486623831086501,0.518839353129472,0.689987586478129,0.737766012551817,1.26649232834843,1.40698284297682,336,2016,0.439376614,1.367555289,NA,-9999,1.953609312,0.659089008,2016-11-30
"101",707,0.487613000209527,0.519991300557949,0.619055387972921,0.665540510504947,1.22303233774766,1.35934680320748,343,2016,NA,2.116306013,NA,-9999,NA,0.911057024,2016-12-07
"102",714,0.255996625649607,0.274702470614789,0.566983915035463,0.610349466131549,1.57793834761104,1.73311135706845,350,2016,NA,2.116306013,NA,-9999,NA,0.911057024,2016-12-14
"103",721,0.324743121427479,0.349461933974493,0.523205971212828,0.56467833827949,1.36505953288042,1.50348570887655,357,2016,0.263751368,1.478868024,NA,-9999,1.407615104,0.69979502,2016-12-21
"104",728,0.276071539675657,0.296624208617734,0.491397279223934,0.530507443265285,1.49860438130611,1.6493329105529,366,2016,NA,-9999,NA,-9999,NA,3.145764419,2016-12-28
"105",735,0.271702690593194,0.293882799624436,0.463947973894683,0.501253048914466,1.27287115261756,1.40469630661218,7,2017,0.965231691,1.279152727,NA,-9999,1.271707086,0.689428678,2017-01-04
"106",742,0.246140203120096,0.265329572253543,0.445787803780321,0.481580160411507,1.39474943260305,1.5349159237405,14,2017,0.657047084,1.350702344,NA,-9999,1.150396336,0.58,2017-01-11
"107",749,0.367987715590726,0.398062301434263,0.430642656047635,0.467387183008543,1.2098873535321,1.34124525966394,21,2017,1.462916318,1.311878168,NA,-9999,1.384370528,0.71126967,2017-01-18
"108",756,0.422668095916128,0.457237942626652,0.42148173800844,0.458606618730721,1.20881518103474,1.34300635519344,28,2017,0.769311763,1.323795679,NA,-9999,2.846992261,0.67540748,2017-01-25
"109",763,0.337022765334431,0.364087767030014,0.415585889967762,0.451226884986773,1.42487973448077,1.57084893869105,35,2017,0.396256915,1.514643806,0.7,0.25,2.273377564,0.591255182,2017-02-01
"110",770,0.195085588679948,0.211052761180613,0.411073847682722,0.446699239114509,1.37679271133082,1.51629226429022,42,2017,NA,2.116306013,0.57,0.25,1.547695997,0.674955896,2017-02-08
"111",777,0.523776899360682,0.569997938652678,0.405837344875247,0.442202163304263,1.26979568326834,1.4094275826286,49,2017,NA,2.116306013,0.37,0.25,1.463267502,0.633340683,2017-02-15
"112",784,0.416105063641468,0.452466358708193,0.405673278277979,0.442622796542536,1.44589274189044,1.59667648563126,56,2017,0.549254893,1.51910041,0.51,0.25,1.682760794,0.58565463,2017-02-22
"113",791,0.631819001348743,0.689064638046084,0.405161898250949,0.442819350055505,1.33516107305471,1.48742555255256,63,2017,NA,2.116306013,NA,-9999,1.675694269,0.614159114,2017-03-01
"114",798,0.63039342146682,0.685078787183818,0.408694162390297,0.446441541366522,1.28360179030488,1.43151495982685,70,2017,NA,2.116306013,0.31,0.25,1.751322051,0.58,2017-03-08
"115",805,0.86778982253301,0.946701000054384,0.413320187795578,0.451130240276498,1.1760084437829,1.33787667813708,77,2017,NA,2.116306013,0.5,0.25,2.093337331,0.656074029,2017-03-15
"116",812,0.757276033282546,0.823928112099485,0.422482767951157,0.460537829996504,1.2605654208381,1.41884718585976,84,2017,NA,2.116306013,0.5,0.25,2.36843796,0.622197128,2017-03-22
"117",819,1.36274707002171,1.47754690543409,0.435479539935969,0.473659070122111,1.03452123460961,1.21925556545867,91,2017,1.330575795,1.413412942,NA,-9999,2.430235979,0.743340374,2017-03-29
"118",826,1.1104569428963,1.19529520266579,0.471764863521939,0.510440723162913,1.05476863965945,1.21165010644474,98,2017,1.851675707,1.487040789,0.8,0.25,1.046940389,0.639432298,2017-04-05
"119",833,1.41962086847636,1.49823644864158,0.548496623953568,0.582523792646917,0.848017199515514,0.994351845548642,105,2017,2.453340165,1.404713114,0.81,0.25,0.970666261,0.644541721,2017-04-12
"120",840,1.68493362262745,1.76705260854388,0.732171649040466,0.768012697227093,0.474469032251215,0.602828872082817,112,2017,2.056197627,1.395058383,0.68,0.25,0.70930815,0.591255182,2017-04-19
"121",847,2.87000115287919,2.98498908085722,1.13453646689686,1.18459260593624,-0.313619746634211,-0.180781608077936,119,2017,2.828937452,1.368423247,1.03,0.25,0.601543029,0.58,2017-04-26
"122",854,3.97438212622638,4.07564246446893,1.87881000583756,1.94558954793544,-1.03111987490459,-0.903845268825839,126,2017,2.286959433,1.392197363,1.1,0.25,1.764775064,0.58565463,2017-05-03
"123",861,6.98926731926971,7.09597733064066,2.93536111328125,3.0188822206763,-3.12646305423807,-2.97530834588383,133,2017,5.172766514,1.39640985,NA,-9999,0.301894812,0.727465337,2017-05-10
"124",868,8.99644050930746,9.09606735073031,4.0484775002479,4.14913080223835,-4.38294994757862,-4.1908111681078,140,2017,9.551184305,1.709067615,2.18,0.49,-2.892528972,0.763331498,2017-05-17
"125",875,11.1271227488872,11.2262187133428,4.91460205345699,5.0093562194737,-5.96782847967023,-5.74649898452177,147,2017,11.5274408,1.431638135,4.81,1.05,-4.467702291,0.628202147,2017-05-24
"126",882,10.8784621248327,10.9751343399851,5.51348028103704,5.59549768137345,-5.57928895085068,-5.34439580847491,154,2017,13.86403823,1.500464659,5.15,1.04,-5.785892387,0.656729009,2017-05-31
"127",889,12.4509999428556,12.5430269920576,5.93958471041155,6.02899562188818,-6.96826504821264,-6.7317738006586,161,2017,14.54239288,1.55725611,4.97,1.11,-8.600842191,0.695671237,2017-06-07
"128",896,12.8645797031663,12.960481087752,6.28671719098667,6.38360271570349,-7.18852341219692,-6.93064480964053,168,2017,14.81332104,1.431143223,5.7,1.14,-8.651015736,0.647692322,2017-06-14
"129",903,13.4458899831386,13.5556810904841,6.59014203126073,6.69063892593445,-7.44079798437071,-7.15582180505692,175,2017,NA,2.116306013,NA,-9999,-10.64402485,0.694785576,2017-06-21
"130",910,9.30253017299028,9.36334442843938,6.83122523236887,6.93253280938282,-4.62366275571256,-4.43582384603452,182,2017,10.96968946,1.580487743,6.17,1.24,-4.606442476,0.58565463,2017-06-28
"131",917,14.0193056234698,14.1211282040733,6.93439816488999,7.02661121581008,-7.94757463098998,-7.66074233641632,189,2017,17.84495646,1.552513231,NA,-9999,-10.57706169,0.632702108,2017-07-05
"132",924,11.6975279877237,11.7707097291619,6.99135184022941,7.08160942582149,-6.35659636377756,-6.11635697487296,196,2017,13.54281574,1.437751446,2.2,0.44,-8.572372952,0.639551208,2017-07-12
"133",931,13.051041869311,13.1349161989748,6.9342517899273,7.02933126358226,-7.18937161907461,-6.91603011628959,203,2017,NA,2.116306013,NA,-9999,-10.524188,0.703278761,2017-07-19
"134",938,8.8627202998328,8.90419317376557,6.80900390306569,6.90940671432675,-4.30923195547633,-4.14203113173792,210,2017,11.22944853,1.57722749,NA,-9999,-6.351812449,0.652502182,2017-07-26
"135",945,11.7437432494762,11.8148250138539,6.56330452049094,6.68435666653556,-6.15483575665039,-5.92433069079932,217,2017,14.04770679,1.329641098,NA,-9999,-7.78679493,0.58,2017-08-02
"136",952,10.2401872041608,10.3063640468184,6.28458054252621,6.42179926769813,-5.28587315643058,-5.08311372808545,224,2017,15.19043836,1.429426428,5.57,1.35,-6.458485576,0.637471311,2017-08-09
"137",959,10.7625465810338,10.8511924085477,5.92384018598768,6.09125590393905,-5.55816095328023,-5.33686870803854,231,2017,13.22857003,1.529312508,4.45,1.01,-7.450455874,0.7072007,2017-08-16
"138",966,10.4847969315933,10.5913580579713,5.520873171135,5.70350810795623,-5.42026127755341,-5.19812330554666,238,2017,14.24385857,1.512009082,5.7,1.14,-9.194470327,0.668251275,2017-08-23
"139",973,9.28658214311051,9.4027611746646,5.07446374910936,5.25260366220133,-4.48700388259595,-4.2871028700784,245,2017,9.187128154,1.246905131,5.73,1.19,-5.983392204,0.645097548,2017-08-30
"140",980,7.21588601994121,7.32497852149123,4.58387528440988,4.75288641065895,-3.13523552488836,-2.969072743964,252,2017,8.265497067,1.615697597,5.19,1.74,-4.287905265,0.698641753,2017-09-06
"141",987,6.06263029999613,6.15905072320929,4.06076054778964,4.21361975340582,-2.40140193825029,-2.24943394329942,259,2017,8.048573038,1.464973329,NA,-9999,-3.942169162,0.58,2017-09-13
"142",994,5.80308218025723,5.89386515230644,3.53251297954581,3.66167132153538,-2.19795747388574,-2.04948618012559,266,2017,7.084924979,1.175281257,5.03,2.16,-3.994428254,0.59390992,2017-09-20
"143",1001,3.62499470810468,3.69197807020201,3.04564218566685,3.14127696182769,-0.515774579891985,-0.364835776746157,273,2017,5.430123153,1.514432998,5.18,1.05,-2.233521216,0.722063927,2017-09-27
"144",1008,2.99348796334695,3.05997164539753,2.57899127813491,2.65701157798315,-0.189215226300385,-0.040754760471406,280,2017,3.111499175,1.189457529,3.53,1.21,-0.325353139,0.583063133,2017-10-04
"145",1015,2.74254790987123,2.81819090505431,2.16693006272478,2.24102307504571,0.0578589768359008,0.210527491567365,287,2017,1.146781105,1.495869337,NA,-9999,-0.127321095,0.58,2017-10-11
"146",1022,3.13004961829608,3.23744224259154,1.81640946004104,1.89105676138484,-0.0571700658720975,0.107680397650968,294,2017,NA,2.116306013,1.3,0.28,0.646548109,0.59634885,2017-10-18
"147",1029,1.37031217606592,1.42015243059217,1.5347077904224,1.60668926247787,0.998628507834121,1.16732758413987,301,2017,NA,2.116306013,0.91,0.25,1.957436102,0.58,2017-10-25
"148",1036,1.37801449916419,1.44565775907303,1.28762335930771,1.36136664742901,0.89785297671908,1.06260787131968,308,2017,0.767284196,1.514643806,0.3,0.25,2.095386864,0.606545395,2017-11-01
"149",1043,0.452967859161333,0.475162309404297,1.09355741950801,1.15660740974363,1.47932204072704,1.63785680024631,315,2017,0.478949861,1.43304632,0.89,0.25,1.461126359,0.58565463,2017-11-08
"150",1050,0.510590543896827,0.539243128913348,0.93376742908271,0.993684270630491,1.36285210704641,1.51449826499258,322,2017,0.674634143,1.341930448,0.3,0.25,1.007345388,0.59634885,2017-11-15
"151",1057,0.398988400336399,0.423534721896587,0.810930427259244,0.866128709064688,1.54618712256948,1.70436584140833,329,2017,0.418513936,1.404930523,NA,-9999,0.699492405,0.58,2017-11-22
"152",1064,0.304091463435107,0.323235288271141,0.715382093362137,0.764468248210622,1.43625126822424,1.576988159781,336,2017,NA,2.116306013,NA,-9999,0.676223554,0.58,2017-11-29
"153",1071,0.336562121413847,0.359475974523594,0.639856466230661,0.686731388143,1.42749531036966,1.56727586354494,343,2017,0.245329477,1.433533961,NA,-9999,0.115234212,0.59634885,2017-12-06
"154",1078,0.26578268772818,0.283613573518403,0.583326773932085,0.628037709995381,1.49302088290737,1.63925494285312,350,2017,NA,2.116306013,NA,-9999,0.0079732,0.58565463,2017-12-13
"155",1085,0.232302693242572,0.249281563001782,0.538810516202496,0.580848956341498,1.55020093688441,1.70043800536365,357,2017,0.198508595,1.408395326,NA,-9999,0.033889613,0.58,2017-12-20
"156",1092,0.222338290111735,0.23977734473039,0.504712830710776,0.544267381384422,1.60148016488586,1.75637943537998,365,2017,0.663581145,1.530788031,NA,-9999,-0.32488834,0.58,2017-12-27
"157",1099,0.17142188791518,0.183736238584752,0.475137507929594,0.514060110403601,1.65957695183694,1.81881273303768,7,2018,1.668311287,1.173212514,NA,-9999,-0.715330188,0.628982257,2018-01-03
"158",1106,0.229262387057356,0.246694053486712,0.455317556217207,0.492459241978028,1.51448614640898,1.6634214305725,14,2018,NA,2.116306013,NA,-9999,NA,0.911057024,2018-01-10
"159",1113,0.269652826814761,0.290986922908386,0.440084019044916,0.478005101009392,1.45105504420276,1.60012578773933,21,2018,NA,2.116306013,NA,-9999,NA,0.911057024,2018-01-17
"160",1120,0.248484845032717,0.270244096237958,0.42913081545583,0.46625633807415,1.61177318367718,1.76547452536272,28,2018,NA,2.116306013,NA,-9999,NA,0.911057024,2018-01-24
"161",1127,0.317786890335529,0.343392175418537,0.420763332875176,0.456101557857908,1.45599144105681,1.60413031760917,35,2018,NA,2.116306013,NA,-9999,0.933354552,0.715033242,2018-01-31
"162",1134,0.308270925600225,0.332834824481435,0.415888068424345,0.451715447681309,1.29738703040582,1.43499901011184,42,2018,NA,2.116306013,0.21,0.25,0.959183062,0.703569058,2018-02-07
"163",1141,0.481326009256808,0.522566198343649,0.412433333272215,0.449287631369951,1.25848051425721,1.40020577182334,49,2018,0.354697243,1.551265919,0.43,0.25,1.174339545,0.601849895,2018-02-14
"164",1148,0.462065175813425,0.502465400994688,0.411865356185502,0.44946914462371,1.14630263617266,1.27748515702634,56,2018,NA,2.116306013,0.83,0.25,1.306434328,0.631976765,2018-02-21
"165",1155,0.387699893226788,0.422537750840885,0.411812635130267,0.450055148824931,1.07730732149281,1.19394956470809,63,2018,NA,2.116306013,0.6,0.25,0.814552519,0.631847139,2018-02-28
"166",1162,0.767819424035259,0.834902279491563,0.412156621404032,0.4504780540904,1.24979184547768,1.40700974902552,70,2018,NA,2.116306013,0.63,0.25,1.0096633,0.627471602,2018-03-07
"167",1169,0.58834090525349,0.640054238865433,0.418050070359772,0.457178623647062,1.20106697546742,1.33955252928226,77,2018,0.50152409,1.434183233,0.56,0.25,1.145088436,0.601849895,2018-03-14
"168",1176,0.815255731351735,0.888663602636326,0.423887962349621,0.463353195571774,1.02560755379881,1.16607631514385,84,2018,0.276111822,1.51910041,NA,-9999,1.542796228,0.663610906,2018-03-21
"169",1183,0.774841862860932,0.84133513637287,0.437477754361063,0.475856908073899,1.19471250157905,1.34368201842513,91,2018,0.496529147,1.404940385,0.41,0.26,1.45110686,0.611954787,2018-03-28
"170",1190,1.48421984356036,1.5987968419778,0.465635612691064,0.50394175476555,0.866353674354305,1.03312296314957,98,2018,0.795770167,1.51910041,0.64,0.25,2.145839068,0.637170289,2018-04-04
"171",1197,1.64735661850317,1.73826378295161,0.547310424631072,0.581541942804633,0.890139561763644,1.06442207845632,105,2018,NA,2.116306013,1.04,0.25,2.987880033,0.67177564,2018-04-11
"172",1204,2.47358557323556,2.58282406523644,0.732618767385371,0.76834550813054,0.46871894372759,0.641560105419319,112,2018,NA,2.116306013,1.2,0.25,1.998208584,0.766503734,2018-04-18
"173",1211,3.61265535037635,3.74079447662101,1.14287711913098,1.19309714443331,-0.567241321287556,-0.405208490574711,119,2018,6.318071331,1.204375413,1.74,0.36,-0.301862573,0.59680318,2018-04-25
"174",1218,5.71581472186528,5.85985494584509,1.8988294403209,1.96565143412081,-2.17117588370147,-2.02217410364047,126,2018,7.079498459,1.361206314,4.61,0.94,-2.193820241,0.59634885,2018-05-02
"175",1225,7.95363966741104,8.07052206789779,2.98504924032055,3.07385740653391,-3.59854213267125,-3.42818544546742,133,2018,9.880221045,1.5611025,5.13,1.04,-3.840214156,0.632998576,2018-05-09
"176",1232,9.69101937271293,9.78616220235929,4.13759898621176,4.23914365047743,-4.99359084479654,-4.79385681407517,140,2018,10.00254459,1.440603786,5.4,1.09,-4.776364213,0.59634885,2018-05-16
"177",1239,10.5134959843867,10.6026402619239,5.05022101502099,5.1428691878676,-5.42548856632598,-5.20932710457579,147,2018,12.2087576,1.439506478,NA,-9999,-4.970549884,0.68785308,2018-05-23
"178",1246,11.3262110807869,11.4210024070204,5.66225766944707,5.74674149532716,-5.8913579700515,-5.65820223535817,154,2018,12.25351418,1.641947261,5.76,1.52,-5.360537087,0.652790359,2018-05-30
"179",1253,11.9576490161722,12.0554784157933,6.08837716028316,6.18521506429143,-6.34635585548045,-6.09520536710516,161,2018,11.78869419,1.496554683,5.2,2.11,-6.40737513,0.726395796,2018-06-06
"180",1260,11.4601437219351,11.5399770510202,6.43678216192283,6.53980064341857,-6.16380503045971,-5.93119399787132,168,2018,11.02777346,1.457391542,4.67,0.94,-7.162899178,0.732378078,2018-06-13
"181",1267,11.6307897101762,11.7107708745627,6.71459500342,6.82328519467134,-6.34291284279087,-6.10383366315343,175,2018,10.44290065,1.544252913,4.45,0.91,-6.817329904,0.678486389,2018-06-20
"182",1274,13.425131461974,13.5246804790518,6.91594296648063,7.01514661903269,-7.55870687996679,-7.27874378527129,182,2018,9.764354646,1.350805073,NA,-9999,-5.896583003,0.718851213,2018-06-27
"183",1281,10.3473564595153,10.6449159436897,7.05270460984864,7.14681151506767,-5.19675878843313,-4.87257868987126,189,2018,9.832067385,1.442888257,3.27,1.84,-6.026146328,0.7694796,2018-07-04
"184",1288,6.52695286370385,6.67379071582786,7.06433697596038,7.16114728811911,-2.49676815382697,-2.32021099215316,196,2018,9.915027611,1.515888662,4.82,0.98,-5.814131609,0.759723115,2018-07-11
"185",1295,4.80269304580955,4.93414433976942,6.93499404149382,7.03541335904591,-1.08276953940876,-0.896387156580845,203,2018,NA,2.116306013,2.15,1.32,-2.214758212,0.760568164,2018-07-18
"186",1302,3.36943047994986,3.47576455645748,6.70333664253737,6.82281516621397,0.150068802500368,0.369132354374503,210,2018,NA,2.116306013,4.84,1.34,-3.376346112,0.722110254,2018-07-25
"187",1309,2.95599744772405,3.05376406540691,6.39082558740643,6.53070785570128,0.5006108892686,0.729100335910767,217,2018,3.914739166,1.293684742,4.87,2.27,-1.43499779,0.726630653,2018-08-01
"188",1316,3.05259435866906,3.16522061905726,6.011966121247,6.17690755026347,0.287954760328215,0.490457471610145,224,2018,3.31627307,1.443624858,5.97,1.32,-0.791496753,0.676762742,2018-08-08
"189",1323,3.36007372877954,3.49158524514703,5.58866584157591,5.76619609438824,-0.0195941064936727,0.175317290797012,231,2018,NA,2.116306013,5.38,1.1,-0.759942514,0.659833573,2018-08-15
"190",1330,3.72691116225953,3.87749605242483,5.11944561112331,5.31287771404879,-0.389068724182575,-0.198410556710598,238,2018,3.979128221,1.437355424,6.75,1.35,-1.694081197,0.783772641,2018-08-22
"191",1337,4.22638038845636,4.39346085789652,4.63109185214969,4.82620657648913,-0.870774521450703,-0.683545472048903,245,2018,3.36850473,1.380652227,5.38,1.63,-2.39483367,0.691909888,2018-08-29
"192",1344,3.77744350162744,3.93642451709308,4.12686338020704,4.30698361993443,-0.450192054289871,-0.264972275907442,252,2018,3.956729582,1.306243729,5.09,1.03,-2.738902222,0.689632739,2018-09-05
"193",1351,3.35782846748464,3.51048442168631,3.61800005268585,3.78065700273509,-0.157940647623914,0.0208039740417903,259,2018,2.994576034,1.407991048,4.95,1.03,-1.043495278,0.652540636,2018-09-12
"194",1358,2.61586603696403,2.74702271168663,3.12380375102981,3.26772471528006,0.427519527932189,0.619478770725159,266,2018,1.811150506,1.408395326,5.06,1.02,0.334160852,0.640259548,2018-09-19
"195",1365,5.04956318235407,5.17544602800016,2.65942185420605,2.77054980536903,-1.6788716399156,-1.53243130367651,273,2018,3.333971474,1.514643806,4.74,0.97,-0.935105529,0.617620633,2018-09-26
"196",1372,3.28819067081278,3.36945150504831,2.27445470421903,2.36168038799668,-0.354691261859615,-0.215215331669137,280,2018,3.934376804,1.506531778,4.36,0.89,-0.750270242,0.634789137,2018-10-03
"197",1379,4.01085657711465,4.13730780601696,1.92147065033454,1.99700539125637,-0.650267174771734,-0.491657864274504,287,2018,3.259268629,1.246905131,4.37,0.89,-1.037620268,0.72392368,2018-10-10
"198",1386,2.68298622321569,2.77332126084067,1.63110431853408,1.70118517200597,0.212360107188357,0.367861019460136,294,2018,2.66712751,1.436557254,4.27,0.87,0.477505886,0.762809329,2018-10-17
"199",1393,0.879741383249722,0.914894339659064,1.37681041063566,1.43970042972121,1.25320690700985,1.40304190768118,301,2018,1.760440377,1.270612027,2,0.63,0.77087229,0.58565463,2018-10-24
"200",1400,1.07043241843959,1.12076050287251,1.15000867489614,1.21245775188915,1.08237602237856,1.22445824053289,308,2018,NA,2.116306013,0.67,0.25,1.018599838,0.591255182,2018-10-31
"201",1407,1.16225025538233,1.22110328196758,0.976082203307426,1.03249132055458,1.17542328967021,1.33047214910377,315,2018,0.891620136,1.514432998,1.53,0.32,1.240482231,0.58565463,2018-11-07
"202",1414,0.787050872099233,0.829621304771791,0.842634043775563,0.893805510122423,1.23145399737046,1.3727919619195,322,2018,0.677087025,1.514643806,0.71,0.25,0.399016238,0.677946447,2018-11-14
"203",1421,0.32773077229341,0.346488244456993,0.735332241251496,0.784106024781047,1.41475769705675,1.55587899091137,329,2018,1.190265512,1.372708692,0.51,0.25,-0.021076242,0.629673714,2018-11-21
"204",1428,0.333978890356733,0.355204733722453,0.648641030537196,0.693662376828013,1.477469479061,1.62463608357121,336,2018,0.181132016,1.514432998,NA,-9999,0.524345716,0.599433348,2018-11-28
"205",1435,0.301875601569217,0.321616182551763,0.581857285822619,0.623188048971667,1.62572299147788,1.7862913244138,343,2018,1.66906884,1.39442129,NA,-9999,1.03750253,0.676263093,2018-12-05
"206",1442,0.200819870363137,0.215416770009,0.529933212717153,0.571065511100644,1.46057281169715,1.60965952616757,350,2018,0.847722546,1.500864802,NA,-9999,-0.298364771,0.58,2018-12-12
"207",1449,0.170643388977081,0.185935933119717,0.489225054452368,0.527342538748283,1.64380556746315,1.80313355214434,357,2018,NA,2.116306013,NA,-9999,0.42742051,0.634257297,2018-12-19
"208",1456,0.221098715288173,0.246780621958762,0.457160390687291,0.493765128057042,1.53629532590097,1.68697818614089,365,2018,0.348175091,2.184082097,NA,-9999,0.138226911,0.735385028,2018-12-26
"209",1463,0.230748699212139,0.249389616925981,0.430715481244295,0.46610835284153,1.52375146566022,1.67787932053303,7,2019,NA,2.116306013,NA,-9999,NA,0.911057024,2019-01-02
"210",1470,0.174720515913981,0.189003356588736,0.412408784696643,0.447701646231109,1.54189007216223,1.69685588380011,14,2019,NA,2.116306013,NA,-9999,NA,0.911057024,2019-01-09
"211",1477,0.376950915792511,0.408619291563619,0.39900582164005,0.434575001367785,1.31261843638702,1.46142213039634,21,2019,NA,2.116306013,NA,-9999,NA,0.911057024,2019-01-16
"212",1484,0.26270840080551,0.283490583093464,0.391131851580048,0.425505378468078,1.32824110838479,1.47213173738647,28,2019,NA,2.116306013,NA,-9999,NA,0.911057024,2019-01-23
"213",1491,0.364153797723805,0.39424136812949,0.384847270946654,0.418445088152574,1.3315481351712,1.47971607097895,35,2019,NA,2.116306013,NA,-9999,2.259316704,0.674107082,2019-01-30
"214",1498,0.325375016017595,0.353660012019584,0.380717188627846,0.414871864338405,1.46358944033727,1.61444928181857,42,2019,NA,2.116306013,0.4,0.25,1.1987752,0.639287676,2019-02-06
"215",1505,0.677006470992967,0.734808507329076,0.378296493202603,0.412175448740762,1.38658580011835,1.54915532555373,49,2019,0.859468502,1.331351529,0.13,0.25,2.562339442,0.601849895,2019-02-13
"216",1512,0.616219196140305,0.668514209636436,0.380828612028568,0.415783670198744,1.35749575497122,1.51400982777052,56,2019,NA,2.116306013,0.64,0.25,2.570005827,0.741808844,2019-02-20
"217",1519,0.645595244073804,0.705425635596899,0.383055570065907,0.418718501833516,1.44246490418258,1.60836385225202,63,2019,NA,2.116306013,0.7,0.25,NA,0.911057024,2019-02-27
"218",1526,0.520648559598588,0.570009160918538,0.387120722493945,0.422788098026575,1.42078153054543,1.57452386672814,70,2019,NA,2.116306013,0.64,0.25,NA,0.911057024,2019-03-06
"219",1533,0.497072251248115,0.542018581056652,0.390354832245697,0.426294130284028,1.42000078993327,1.57391690292828,77,2019,NA,2.116306013,NA,-9999,NA,0.911057024,2019-03-13
"220",1540,0.996153738556118,1.08772926035683,0.394305134949824,0.431176047568788,1.13467696032192,1.29702277425821,84,2019,2.010428955,1.284148656,0.7,0.25,1.454725028,0.640467219,2019-03-20
"221",1547,1.00663666441285,1.10021104304273,0.40736673248908,0.445471622798224,1.13367540456978,1.29639634979324,91,2019,0.697047563,1.494488912,0.73,0.25,1.786949958,0.693209971,2019-03-27
"222",1554,1.08631568007366,1.1775687996327,0.430413441304756,0.468321242351154,1.13793623617022,1.30022772115824,98,2019,1.187149059,1.552413997,0.92,0.25,1.969254182,0.704823646,2019-04-03
"223",1561,1.03511932783138,1.1079183843985,0.481132905145678,0.517029512006649,0.946774298630361,1.08273061123217,105,2019,1.850829624,1.412780816,1.1,0.25,0.970236325,0.624212875,2019-04-10
"224",1568,2.28677074911093,2.40565529791982,0.596673301343937,0.630120961183453,0.382478277987113,0.54122803557973,112,2019,2.221332303,1.293036202,1.22,0.27,1.616280122,0.611954787,2019-04-17
"225",1575,2.75706097393258,2.86506707676803,0.863765883057312,0.898493401951507,0.0012004219653925,0.146325086711317,119,2019,3.599681334,1.543164889,1.53,0.32,1.004699748,0.58565463,2019-04-24
"226",1582,3.7157271054032,3.84212655860244,1.3442813510363,1.40088632885593,-0.858304540210058,-0.73819835971285,126,2019,5.094238211,1.539954905,2.21,0.68,-0.575274723,0.659175264,2019-05-01
"227",1589,4.98280271649777,5.11786926572171,2.03621416140891,2.11814335123801,-1.75709024977308,-1.62412293998807,133,2019,5.351489398,1.366518607,3.71,1.33,-0.646855816,0.602300076,2019-05-08
"228",1596,6.77642756614853,6.91498521864854,2.77081649612689,2.88043013981325,-2.97307796596203,-2.82579952073331,140,2019,6.553235763,1.51910041,4.8,0.98,-0.737737969,0.714297794,2019-05-15
"229",1603,8.49042501323797,8.61163252367914,3.36080352086206,3.46440219758208,-4.07788306983673,-3.90095108996943,147,2019,8.500207708,1.571351003,4.84,1.01,-2.91648656,0.642613852,2019-05-22
"230",1610,9.54707552244202,9.65720502989821,3.77983692559445,3.87607718280892,-4.71744773080453,-4.51504597741585,154,2019,9.81450133,1.423122922,3.23,0.71,-4.511768887,0.637170289,2019-05-29
"231",1617,10.2238205644596,10.3274900936941,4.11581787405211,4.20986408633647,-5.17229534786046,-4.95581975769064,161,2019,11.88043054,1.367862033,5.26,1.32,-5.744305365,0.716824336,2019-06-05
"232",1624,10.4978255837491,10.5944190611402,4.41312333168322,4.51065846953929,-5.38166351519991,-5.15214714668724,168,2019,15.58769679,1.51910041,6.1,1.43,-6.535452289,0.745869476,2019-06-12
"233",1631,11.5902923471394,11.6913469224598,4.67375338576148,4.77185512531493,-6.06169028439235,-5.81967328316226,175,2019,11.42658864,1.430082017,6.48,1.35,-6.730617618,0.797956029,2019-06-19
"234",1638,10.9444184764805,11.0390415240885,4.89063127668485,4.99303868991737,-5.48836349842556,-5.25992944466408,182,2019,11.3985679,1.493213433,4.92,1,-5.67324308,0.687298626,2019-06-26
"235",1645,11.7828371159506,11.8853600740095,5.0388319004246,5.14271635543507,-6.40577583304288,-6.15307702531091,189,2019,13.91713892,1.438889066,6.29,1.32,-8.187064748,0.687465741,2019-07-03
"236",1652,8.90083969918228,8.9721743187393,5.11948857869192,5.22734064856253,-4.36800883465425,-4.18776920787395,196,2019,10.05299668,1.340824981,4.47,1.8,-5.557847608,0.67581336,2019-07-10
"237",1659,10.4251084428336,10.5078358843215,5.09064493803031,5.20519677927819,-5.30514991952886,-5.09565012792989,203,2019,8.803884883,1.347511709,NA,-9999,-4.894222137,0.745497095,2019-07-17
"238",1666,9.99296478137343,10.0608653889793,5.01295332018134,5.14914532379525,-4.68648917894426,-4.48293316001438,210,2019,10.13878754,1.391433331,5.74,2.21,-5.286199822,0.718965551,2019-07-24
"239",1673,9.92915283105921,9.98786115390064,4.87480630783159,5.02183448134917,-4.85611158953053,-4.67891098635963,217,2019,11.98504456,1.428404349,6.8,1.36,-6.281847322,0.627903414,2019-07-31
"240",1680,9.74049779889111,9.81811853892639,4.68617451522073,4.84659158041317,-4.74565533155069,-4.5589562032317,224,2019,10.89991138,1.560949615,5.46,1.13,-5.579356324,0.654384702,2019-08-07
"241",1687,9.10500060837766,9.2330510366144,4.44625398965838,4.61094609604344,-4.3857096057775,-4.19919017583064,231,2019,9.562689987,1.342329937,4.9,1.07,-5.17191153,0.626609497,2019-08-14
"242",1694,9.25229755544912,9.36403790286873,4.15265963940492,4.33034370954556,-4.32215261966581,-4.13747417057669,238,2019,NA,2.116306013,4.41,1.45,-5.628332685,0.7320218,2019-08-21
"243",1701,7.75736248751563,7.82302899740603,3.83117734402966,4.0091553394102,-3.14376055834899,-2.9782472538488,245,2019,7.884625609,1.402099529,5.47,1.17,-5.38450808,0.708948627,2019-08-28
"244",1708,6.98005030401013,7.14066497980789,3.47030741286082,3.64112554668124,-2.93901263979793,-2.76572700797972,252,2019,7.286969701,1.496347485,4.82,1.07,-3.683983027,0.622933858,2019-09-04
"245",1715,6.42412957950516,6.55672753307414,3.09254134975755,3.2394473450686,-2.47762661262547,-2.32030845186407,259,2019,5.756523242,1.408480813,2.73,0.57,-3.499992814,0.645074273,2019-09-11
"246",1722,5.39836354756095,5.52620454772317,2.71695509743032,2.84053257364379,-1.83633498082435,-1.68228350241811,266,2019,5.826579192,1.437355424,4.62,1.04,-2.855827561,0.690151921,2019-09-18
"247",1729,3.21058613651563,3.29720515161132,2.35359785138269,2.44347022747757,-0.180506036472065,-0.027032433852324,273,2019,5.158740801,1.532294705,4.5,0.91,-0.905846196,0.601849895,2019-09-25
"248",1736,2.32125598668088,2.38676881733788,1.99964521510231,2.07396543651873,0.246208825904725,0.381852684195852,280,2019,3.646413882,1.602819786,3.91,0.96,-0.665336352,0.601849895,2019-10-02
"249",1743,2.46630177019863,2.55019267740479,1.67977275192258,1.74658993712955,0.352427912198142,0.506239691030428,287,2019,2.789572984,1.398343576,1.22,0.25,0.474216346,0.58565463,2019-10-09
"250",1750,1.91616814068877,1.98240513450054,1.41462806971923,1.47888182098729,0.774674944924513,0.935107478925987,294,2019,2.195032379,1.314467516,1.27,0.27,1.505425652,0.58565463,2019-10-16
"251",1757,1.50166556534829,1.57060463439828,1.18728723164015,1.24937136706807,0.941794102167062,1.09692034005049,301,2019,1.12825041,1.456178169,1,0.37,2.42001519,0.58565463,2019-10-23
"252",1764,1.05872723054545,1.11829170902527,1.002317876595,1.06140271440668,1.08986907947161,1.23926679523419,308,2019,0.740830707,1.514057034,0.94,0.25,3.025966034,0.657248204,2019-10-30
"253",1771,0.734473535550557,0.778892706517676,0.851645358425151,0.907400129384805,1.28886151031427,1.44010006044291,315,2019,0.496408176,1.523635085,NA,-9999,2.135532507,0.58565463,2019-11-06
"254",1778,0.550302143455422,0.587852372643437,0.731153275619502,0.783665462118944,1.3450638288215,1.49264137111507,322,2019,0.447304299,1.512009082,0.6,0.25,1.724966234,0.58,2019-11-13
"255",1785,0.369014729938006,0.39825438920783,0.636943358116279,0.686271871146234,1.46415561192362,1.6136201361613,329,2019,0.357621906,1.491954277,0.5,0.25,2.2103356,0.58,2019-11-20
"256",1792,0.389722940163857,0.41738146624283,0.563133478679996,0.605170221592551,1.49741928673386,1.65522383211218,336,2019,1.001112811,1.405157759,NA,-9999,1.975374627,0.58565463,2019-11-27
"257",1799,0.323428779092149,0.347628970432411,0.506108158309659,0.545360944994722,1.52192385922341,1.68076810408122,343,2019,0.743996805,1.437577534,NA,-9999,1.842258628,0.58,2019-12-04
"258",1806,0.224721403863261,0.241415843002629,0.46204009592963,0.497837116735229,1.57458271970795,1.7346120349138,350,2019,NA,2.116306013,NA,-9999,1.166309824,0.58565463,2019-12-11
"259",1813,0.292461792580629,0.314757764151557,0.426361020110174,0.459884538027604,1.69247120941085,1.8650202322198,357,2019,0.375981153,1.444194966,NA,-9999,1.208233477,0.58565463,2019-12-18
"260",1820,0.269583816838778,0.29060096713205,0.40039541421457,0.432304690311084,1.50736925844972,1.66185331252854,365,2019,0.654605739,2.184082097,NA,-9999,2.242646243,0.58565463,2019-12-25
"261",1827,0.243303178741496,0.26340052161934,0.376147012609816,0.4080439236916,1.53102275598357,1.6887353036081,7,2020,0.854077767,1.51910041,NA,-9999,1.792550711,0.58,2020-01-01
"262",1834,0.209317235246514,0.226597046975027,0.361387355790876,0.392553755509371,1.63965373565816,1.80541133384312,14,2020,NA,2.116306013,NA,-9999,1.109863024,0.58,2020-01-08
"263",1841,0.36875362153559,0.401505653912009,0.350031012749641,0.382292923774293,1.52316923058938,1.685020312233,21,2020,0.552057601,1.279970402,NA,-9999,1.638252164,0.59634885,2020-01-15
"264",1848,0.222503997080898,0.243216309480035,0.343401213990066,0.376546323580657,1.48948527976531,1.64365002670165,28,2020,0.640580111,1.340285865,NA,-9999,1.465724246,0.58,2020-01-22
"265",1855,0.237679671559635,0.260304733692739,0.33705861909077,0.369247790984441,1.65339883163038,1.81954279470673,35,2020,0.38534159,1.409960469,NA,-9999,0.972649421,0.58,2020-01-29
"266",1862,0.378715111325592,0.414543651906476,0.332671637286379,0.365273883833725,1.4616435404456,1.61815691151371,42,2020,0.322843273,1.348601221,0.5,0.25,0.946383616,0.59634885,2020-02-05
"267",1869,0.374773149389682,0.410334528987668,0.331791839960593,0.363507236589603,1.54534901695556,1.70695762052262,49,2020,NA,2.116306013,0.51,0.25,0.910371383,0.58,2020-02-12
"268",1876,0.37110386357699,0.406048063910601,0.330985771598243,0.36365753501168,1.51100380878745,1.6721243343669,56,2020,NA,2.116306013,NA,-9999,0.701772774,0.58,2020-02-19
"269",1883,0.459589557575341,0.504211702764664,0.330725351047762,0.36447595394658,1.38351889006318,1.5360487774205,63,2020,0.352663921,1.405788587,0.73,0.25,0.787622682,0.58,2020-02-26
"270",1890,0.415532102244306,0.457288991890077,0.332938050247776,0.366796778918357,1.45686998898414,1.61766270108999,70,2020,0.371504286,1.430968568,0.7,0.25,0.937009987,0.58,2020-03-04
"271",1897,0.716220734512518,0.787579629210376,0.335271778251933,0.369328614178953,1.3660550739865,1.53104305289342,77,2020,NA,2.116306013,0.43,0.25,1.209845365,0.606545395,2020-03-11
"272",1904,0.778601371068784,0.853556064186342,0.342905085700627,0.377283607508547,1.17748865624375,1.32562392395523,84,2020,0.420699233,1.408622003,0.53,0.25,1.392965015,0.622933858,2020-03-18
"273",1911,0.86254371509045,0.945465216596023,0.356020451202293,0.390198942917344,1.07834272641425,1.22229187622393,91,2020,NA,2.116306013,0.7,0.25,1.132923286,0.649805097,2020-03-25
"274",1918,1.19960281103577,1.30275556472252,0.384546971130532,0.418366075301319,1.02763502960464,1.18920604607787,98,2020,0.59839238,1.39640985,0.89,0.25,1.230927054,0.720122443,2020-04-01
"275",1925,1.56857499617277,1.66635000044987,0.4555309709836,0.485205181357761,0.868982583593716,1.0325050434554,105,2020,1.296882391,1.512009082,0.93,0.25,1.54284308,0.700785449,2020-04-08
"276",1932,2.32702130444343,2.44463877671974,0.6238045256499,0.655775155896931,0.293235090851596,0.450666340869876,112,2020,2.153512257,1.51910041,1.1,0.25,1.462024758,0.677663405,2020-04-15
"277",1939,3.4976760463484,3.62313013418633,0.994724304087096,1.03970292613543,-0.47671534107314,-0.323487762672212,119,2020,3.683376572,1.41474357,1.33,0.27,0.598587217,0.591255182,2020-04-22
"278",1946,4.17896534222915,4.30325222620016,1.67389577766371,1.73696650305954,-1.12067938599035,-0.981644973781879,126,2020,4.118315048,1.42601719,4.63,0.95,-0.298118606,0.612261302,2020-04-29
"279",1953,7.04606520083877,7.18273786988145,2.63842012559713,2.72818442672467,-3.11377035122333,-2.96028993554139,133,2020,4.884288561,1.458976368,4.79,1.04,-1.268522392,0.680661276,2020-05-06
"280",1960,9.08656196918283,9.19479200019975,3.66479261005738,3.77543470913797,-4.63334049868012,-4.43823791039164,140,2020,6.793544304,1.608018472,6.2,1.24,-2.695372415,0.686926703,2020-05-13
"281",1967,9.30554850237417,9.3921075685458,4.48271263227299,4.57556468885306,-4.68826666925654,-4.50290932367996,147,2020,6.565527431,1.38755252,4.98,1.09,-2.774493623,0.651257843,2020-05-20
"282",1974,11.8350346054223,11.9429553688525,5.03235731895422,5.11727233849761,-6.51469130622644,-6.28156355919605,154,2020,8.615543278,1.40076571,2.52,1.52,-4.224970619,0.665637842,2020-05-27
"283",1981,9.85874957251738,9.934623470062,5.43812676889226,5.53157402571405,-5.09062571560488,-4.89431737757856,161,2020,6.771772671,1.403587261,4.3,0.87,-3.081666721,0.668434856,2020-06-03
"284",1988,10.3808288565995,10.4787491994127,5.7656804311944,5.86198720573139,-5.33385822564919,-5.11632506262212,168,2020,NA,2.116306013,3.8,0.76,-4.046241666,0.704496593,2020-06-10
"285",1995,12.2078658152553,12.3019382928548,6.01218458332403,6.10774959241584,-6.63126773416714,-6.38507761741531,175,2020,NA,2.116306013,5.3,1.06,-6.144990959,0.699525124,2020-06-17
"286",2002,13.2043420261662,13.3064433813569,6.21558979576999,6.31223883828456,-7.30943096800904,-7.0329644347131,182,2020,10.12205686,1.701293324,NA,-9999,-5.538743036,0.626609497,2020-06-24
"287",2009,13.1801027326363,13.2919434470887,6.3592115391719,6.4570718027225,-7.34480710522531,-7.06827164408082,189,2020,9.204672275,1.64526182,5.78,1.19,-5.058094735,0.58565463,2020-07-01
"288",2016,11.8636546780615,11.9473592677627,6.42859555460397,6.52895658817603,-6.43206018351496,-6.1876070283529,196,2020,10.13377924,1.515888662,3.6,1.42,-4.142994025,0.643242587,2020-07-08
"289",2023,12.1052365726396,12.1887028858549,6.39591809124871,6.49896296390704,-6.54521206287647,-6.28857943553101,203,2020,8.814861492,1.325332147,NA,-9999,-6.43367687,0.673292048,2020-07-15
"290",2030,11.7845538917808,11.8568446456721,6.28512871582944,6.40107383060527,-6.21905889166136,-5.99963832797398,210,2020,6.672305635,1.423665675,4.98,1.1,-4.556544293,0.737275588,2020-07-22
"291",2037,9.39982977327031,9.57488444701431,6.10162493482441,6.23546982869284,-4.4663751346635,-4.25333370023734,217,2020,NA,2.116306013,5.57,1.3,-5.186362491,0.720899721,2020-07-29
"292",2044,9.48960170359063,9.56347294450194,5.82082827091803,5.9644410841214,-4.29336682479503,-4.09773020234477,224,2020,NA,2.116306013,5.63,1.29,NA,0.911057024,2020-08-05
"293",2051,7.74525828540685,7.89403041266759,5.49141355227832,5.655953009797,-3.17604990388075,-2.97506163340114,231,2020,8.674784578,1.502116007,5.54,1.12,-6.450776185,0.734477639,2020-08-12
"294",2058,9.95533729344151,10.0553186199314,5.08774627340719,5.26858836620072,-4.82933298179599,-4.64246392951137,238,2020,6.314971052,1.16662741,5.98,1.28,-4.758087223,0.58,2020-08-19
"295",2065,7.14696478836746,7.25345716340524,4.67993266692101,4.85975468498212,-2.98617729889867,-2.83048415803474,245,2020,7.052435627,1.575647223,3.43,1.65,-3.011427195,0.58,2020-08-26
"296",2072,8.0679263427497,8.21031247266055,4.20940961142659,4.37133508275726,-3.65454983749838,-3.47972561518185,252,2020,NA,2.116306013,2.2,0.45,-3.46361649,0.697736639,2020-09-02
"297",2079,8.14036324756465,8.24697625700033,3.74599942894422,3.89730832683761,-3.48867064049843,-3.31485495608677,259,2020,4.874455701,1.404713114,5.33,1.08,-2.447909583,0.656298806,2020-09-09
"298",2086,7.33229791806606,7.43625238415446,3.29397556118696,3.41192540179065,-3.05514580423503,-2.88790341698511,266,2020,4.482690633,1.316144361,4.99,1.01,-2.020722971,0.772818706,2020-09-16
"299",2093,4.57586403089077,4.66439614159256,2.86232652262266,2.95754285253911,-1.2379179028334,-1.09543736953641,273,2020,NA,2.116306013,4.71,0.97,-1.384693166,0.694241212,2020-09-23
"300",2100,3.52098470605083,3.58768378929631,2.43841797727464,2.51768425318937,-0.455420476208178,-0.313613985134604,280,2020,3.350702156,1.416474952,4.32,0.88,-1.11295495,0.607301113,2020-09-30
"301",2107,2.40571290224669,2.47338412340724,2.05888609347289,2.13167265473596,0.251062328222218,0.385684445224126,287,2020,2.539830743,1.508259607,NA,-9999,-0.818440839,0.58565463,2020-10-07
"302",2114,1.53415292039875,1.58682353575184,1.72266835245009,1.79395777364371,0.810142014427295,0.956141459603929,294,2020,0.72933754,1.495869337,0.7,0.25,0.00884472,0.59634885,2020-10-14
"303",2121,1.47921554009681,1.5422486148528,1.43776203793062,1.5088201047013,1.0484025102481,1.21034579693972,301,2020,1.419695074,1.402954041,0.14,0.25,0.576579968,0.67197916,2020-10-21
"304",2128,1.06193088880732,1.11667215841862,1.20818854005438,1.27658347807548,1.30688379320008,1.47199180261095,308,2020,NA,2.116306013,0.98,0.25,1.465471202,0.629107426,2020-10-28
"305",2135,1.36373596135219,1.4405745095822,1.02398124839147,1.08673691077583,0.941703858523739,1.08758102865291,315,2020,NA,2.116306013,0.67,0.25,1.028357388,0.721954874,2020-11-04
"306",2142,0.713008904176446,0.758744343798467,0.885319914918766,0.94825250828787,1.46721993178711,1.63090804936751,322,2020,NA,2.116306013,0.7,0.25,0.9982412,0.599328431,2020-11-11
"307",2149,0.619577050456636,0.659758324366886,0.771425145230924,0.827727942374386,1.3925867861868,1.54903303664572,329,2020,0.174558548,1.413412942,NA,-9999,0.896989004,0.701047808,2020-11-18
"308",2156,0.501515831796596,0.533920161352705,0.684255425793352,0.732778845047865,1.34068476840162,1.48209823489884,336,2020,NA,2.116306013,NA,-9999,0.8631823,0.606545395,2020-11-25
"309",2163,0.308147011113291,0.33084896436352,0.614623399943473,0.661710279555268,1.47777284534139,1.62724318220092,343,2020,0.353760255,1.495869337,NA,-9999,1.171953412,0.637647277,2020-12-02
"310",2170,0.217298340884407,0.232697607069954,0.5609183026303,0.603424645625293,1.60093897169017,1.76162647755147,350,2020,0.471537375,1.316144361,NA,-9999,1.681669351,0.58565463,2020-12-09
"311",2177,0.326180195008146,0.350342548216045,0.517251745384365,0.556618123760883,1.63695125814675,1.8060205868603,357,2020,0.197623163,1.33419522,NA,-9999,1.875181762,0.718566681,2020-12-16
"312",2184,0.205324230193786,0.220430186799384,0.485647218212424,0.523832465971809,1.59085003203633,1.75521943263498,366,2020,NA,-9999,NA,-9999,NA,3.145764419,2020-12-23
